source,title,company,location,contract_type,sector,experience,education,salary,description,skills_raw,url,posted_date,scraped_at
rekrute,Technicien en systèmes d'information | Rabat (Maroc),N/A (confidentiel),1 poste(s) - Maroc,CDI,Informatique / Electronique - Télécom / Réseaux - Secteur Informatique								- Autres services,Intermédiaire (3 à 5 ans),Bac +2 Minimum - BTS / DUT - Formation professionnelle,N/A,"Entreprise : La SOCIETE DE DEVELOPPEMENT DES SERVICES PUBLICS DE DISTRIBUTION S.A. est une société de Développement Local, qui a pour missions de participer à la gestion et au développement des Services Publics de distribution, et cela à travers notamment, les prestations : D’accompagnement dans le domaine financier et de l'ingénierie financière, et dans la mobilisation et la gestion des financements ; De suivi et d'évaluation de la gestion et des indicateurs de performance inhérents aux Services Publics ; De gestion des dettes de financement liées à l’activité de distribution ; D’harmonisation des règles communes et process concernant la gestion des Services Publics. Notre société accompagne les acteurs du secteur de la distribution d’électricité, d’eau potable et d’assainissement liquide, notamment les GCT (Groupements de Collectivités Territoriales) et les SRM (les sociétés Régionales Multiservices) nouvellement mises en place. | Poste : nous recherchons un profil de Technicien en Système d'Information qui permettra de contribuer à la réalisation des contrôles techniques, au suivi des investissements et à la surveillance opérationnelle des données et performances du service public délégué, à travers la collecte, la vérification et la préparation des éléments nécessaires à l’analyse et au contrôle prévus par les contrats de gestion déléguée. Les missions principales : Gérer et maintenir l'infrastructure systèmes et réseaux : Installer, configurer et assurer la maintenance des équipements matériels et logiciels : serveurs, postes de travail, routeurs, switchs, imprimantes, etc. Mettre en place et administrer les systèmes d’exploitation (Windows, Linux, etc.) et les solutions logicielles (Active Directory, Antivirus, etc.). Assurer la gestion des sauvegardes et la récupération des données en cas de panne. Assurer le suivi des machines virtuelles, vérifier leur état de fonctionnement et leur performance (utilisation CPU, mémoire, stockage). Assurer la maintenance et la réparation des postes de travail, incluant le diagnostic des pannes, le remplacement de composants matériels tels que disques durs, barrettes de RAM, cartes graphiques, et autres éléments défectueux. Assurer le support technique et l'assistance aux utilisateurs : Fournir un support technique aux utilisateurs, résoudre leurs problèmes informatiques (matériels, systèmes, réseaux). Gérer les demandes d’assistance et assurer un suivi jusqu’à la résolution des problèmes. Former et accompagner les utilisateurs dans l’utilisation des systèmes et outils informatiques. Identifier les causes profondes des incidents récurrents et mettre en place des actions préventives. Gérer le parc informatique. Contrôler des accès SI et conformité aux règles de sécurité Collaborer aux audits SI, aux révisions contractuelles et opérations de transition, aux dossiers de valorisations d'investissement, aux dossiers d'appel d'offres, au suivi des investissements à travers la collecte, la vérification et la préparation des éléments nécessaires à l’analyse et au contrôle prévus par les contrats de gestion déléguée | Profil recherché : Profil recherché : Formation et compétences requises : Diplôme d'Etat ou équivalent de ""Bac +2"" en Systèmes d'information / Informatique : infrastructures ou réseaux informatiques Expérience professionnelle de 2ans ou plus; Connaissances des normes de sécurité de l’information et des réglementations en vigueur. Maîtrise des normes et cadres de sécurité informatique (ISO 27001,…). Traits de personnalité souhaités : Capacités d’organisation et de rigueur. Capacité à s'adapter aux évolutions technologiques. Intégrité et respect de la confidentialité. Bonne capacités d'analyses. Aptitude à travailler en équipe et Disponibilité. Bonne communication orale et écrite.",Recherche de nouveauté | Respect des règles | Distance émotionnelle | Travail en équipe | Ambition | Besoin de réflexion | Implication au travail | Organisation,https://www.rekrute.com/offre-emploi-technicien-en-systemes-dinformation-recrutement-societe-de-developpement-des-services-publics-de-distribution-rabat-181916.html,N/A,2026-04-19T00:33:39.144225
rekrute,Cadre juridique | Rabat (Maroc),N/A (confidentiel),1 poste(s) - Maroc,CDI,Avocat / Juriste / Fiscaliste                                                                 - Secteur Juridique / Cabinet d’avocats								- Autres services,Junior (1 à 3 ans) - Intermédiaire (3 à 5 ans),Bac +5 et plus - Ecole de commerce - Master,N/A,"Entreprise : La SOCIETE DE DEVELOPPEMENT DES SERVICES PUBLICS DE DISTRIBUTION S.A. est une société de Développement Local, qui a pour missions de participer à la gestion et au développement des Services Publics de distribution, et cela à travers notamment, les prestations : D’accompagnement dans le domaine financier et de l'ingénierie financière, et dans la mobilisation et la gestion des financements ; De suivi et d'évaluation de la gestion et des indicateurs de performance inhérents aux Services Publics ; De gestion des dettes de financement liées à l’activité de distribution ; D’harmonisation des règles communes et process concernant la gestion des Services Publics. Notre société accompagne les acteurs du secteur de la distribution d’électricité, d’eau potable et d’assainissement liquide, notamment les GCT (Groupements de Collectivités Territoriales) et les SRM (les sociétés Régionales Multiservices) nouvellement mises en place. | Poste : Nous recherchons un profil de Cadre Juridique pour notre entité à Rabat Sa mission principale : Assurer le contrôle juridique et contractuel des distributeurs et le pilotage des audits de conformité et apporter une assistance juridique aux différentes entités concernés. Principales Attributions: Assurer une veille juridique, réglementaire permanente relative à la gestion déléguée et analyser les impacts des évolutions sur les contrats. Contrôler la conformité juridique des avenants, décisions unilatérales et clauses contractuelles au regard du cadre légal et réglementaire applicable. Vérifier le respect, par les distributeurs, des obligations légales, réglementaires et contractuelles applicables au service délégué. Vérifier le respect des procédures de servitude et d’expropriation, et la conformité des dossiers fonciers constitués par les distributeurs. Contrôler la conformité, la validité et l’adéquation des assurances et cautions souscrites par les distributeurs. Suivre la gestion des sinistres et réclamations de tiers et s’assurer de la bonne application des garanties de responsabilité."" Instruire les dossiers contentieux liés aux contrats de gestion déléguée et assurer le suivi des litiges en coordination avec les parties concernées. Rédiger les mises en demeure, avis juridiques, notes d’analyse et rapports de conformité. Apporter un appui et une expertise juridique aux entités du SPCR sur les questions d’interprétation et d’application du droit. Participer à la préparation et à la coordination des dossiers juridiques avec les distributeurs et les conseillers juridiques de l’Autorité Délégante. Suivre le plan annuel et pluriannuel des audits et tenir à jour un état consolidé des audits programmés, en cours et réalisés. Contrôler la mise en œuvre des recommandations issues des audits et assurer le suivi des plans d’actions correctives. Analyser les résultats des audits, identifier les risques récurrents et contribuer aux rapports périodiques du SPCR. Assurer le secrétariat du Comité de Suivi (préparation, organisation, rédaction des PV, suivi des décisions et archivage). Contribuer aux opérations de révision périodique des contrats en analysant la conformité juridique et en proposant les ajustements nécessaires. Piloter et coordonner les audits externes en lien avec les prestataires et les entités internes du SPCR. | Profil recherché : Profil recherché : Formation et compétences requises : Diplôme d'Etat de Bac +5 en droit privé idéalement en droit des affaires. Expérience professionnelle de 1 à 5 ans ; Avoir occupé un poste en tant que cadre juridique au sein d’une entreprise privé ou établissement public ; Une bonne connaissance des lois et réglementations régissant le secteur de la distribution d’eau /Electricité et Assainissement; Connaissance parfaite du droit social, du droit d’entreprise, du droit administratif et du droit foncier Maitrise des outils bureautiques classiques : Word, Excel, Power Point, Traits de personnalité souhaités : Capacités d’organisation et de rigueur. Esprit d’analyse et d’efficacité. Sens aigu de l'analyse et de la synthèse. Intégrité et Disponibilité. Capacité de gestion du stress Communication orale et écrite en arabe classique et en français",Respect des règles | Besoin d'objectivité | Distance émotionnelle | Besoin de réflexion | Travail en équipe | Implication au travail | Ambition | Organisation,https://www.rekrute.com/offre-emploi-cadre-juridique-recrutement-societe-de-developpement-des-services-publics-de-distribution-rabat-181915.html,N/A,2026-04-19T00:33:42.006362
rekrute,Cadre financier | Rabat (Maroc),N/A (confidentiel),1 poste(s) - Maroc,CDI,Audit / Conseil - Gestion / Comptabilité / Finance - Secteur Banque / Finance								- Comptabilité / Audit,Junior (1 à 3 ans) - Intermédiaire (3 à 5 ans),Bac +5 et plus - Ecole de commerce - Master,N/A,"Entreprise : La SOCIETE DE DEVELOPPEMENT DES SERVICES PUBLICS DE DISTRIBUTION S.A. est une société de Développement Local, qui a pour missions de participer à la gestion et au développement des Services Publics de distribution, et cela à travers notamment, les prestations : D’accompagnement dans le domaine financier et de l'ingénierie financière, et dans la mobilisation et la gestion des financements ; De suivi et d'évaluation de la gestion et des indicateurs de performance inhérents aux Services Publics ; De gestion des dettes de financement liées à l’activité de distribution ; D’harmonisation des règles communes et process concernant la gestion des Services Publics. Notre société accompagne les acteurs du secteur de la distribution d’électricité, d’eau potable et d’assainissement liquide, notamment les GCT (Groupements de Collectivités Territoriales) et les SRM (les sociétés Régionales Multiservices) nouvellement mises en place. | Poste : Nous recherchons un profil de Cadre Financier pour notre Entité à Rabat. Principales missions: Vérifier les recettes et dépenses et produire les indicateurs financiers journaliers pour piloter la situation financière Consolider les données, analyser la performance et veiller à l’équilibre économique des contrats"" Contrôler la conformité des dépenses Vérifier la cohérence, la justification et l’imputation correcte des charges sur les différents comptes Suivre les comptes spécifiques Réaliser les rapprochements comptables Comparer et fiabiliser les données entre les états SPCR et la comptabilité des distributeurs Suivre la conformité fiscale et procédurale Contrôler le respect des obligations fiscales et des règles de gestion financière Analyser les audits et rapports financiers Examiner les rapports annuels, audits et reportings Suivre les audits financiers Contribuer aux missions d’audit internes, externes et aux études confiées à des prestataires Suivre les données financières stratégiques Produire les éléments nécessaires aux rapports périodiques et aux révisions contractuelles Suivre la performance économique des contrats Analyser les indicateurs clés (charges, recettes, marges, écarts) et évaluer la rentabilité Mettre à jour les modèles financiers, simuler des scénarios et évaluer les impacts réglementaires Rédiger et/ou mettre à jour les rapports, comptes rendus d'activité et autres documents. | Profil recherché : Profil recherché : Diplôme d'Etat de Bac +5 ou équivalent en Finance/ Comptabilité/ Audit /Contrôle de gestion ; Expérience de 1 à 5 ans dans le domaine. Bonne connaissance des principes / règles comptables et fiscales publics et privés ; Maîtrise d’Excel avancé, ERP financiers. Bonne connaissance des principes / règles comptables et fiscales publics et privés. Bonne compréhension des états financiers, des bilans, et des flux de trésorerie. Traits de personnalité souhaités: Compétences communicationnelles (oral et écrit) Capacité relationnelle, esprit d'équipe, esprit d’analyse Ponctualité, assiduité et disponibilité Rigueur, organisation, planification et autonomie Respect des procédures et des règles.",Respect des règles | Besoin d'objectivité | Flexibilité | Besoin d'action | Travail en équipe | Implication au travail | Ambition | Organisation,https://www.rekrute.com/offre-emploi-cadre-financier-recrutement-societe-de-developpement-des-services-publics-de-distribution-rabat-181914.html,N/A,2026-04-19T00:33:44.593688
rekrute,Cadre financier Expérimenté | Rabat (Maroc),N/A (confidentiel),1 poste(s) - Maroc,CDI,Audit / Conseil - Gestion / Comptabilité / Finance - Secteur Banque / Finance								- Comptabilité / Audit,Confirmé (5 à 10 ans),Bac +5 et plus - Ecole de commerce - Master,N/A,"Entreprise : La SOCIETE DE DEVELOPPEMENT DES SERVICES PUBLICS DE DISTRIBUTION S.A. est une société de Développement Local, qui a pour missions de participer à la gestion et au développement des Services Publics de distribution, et cela à travers notamment, les prestations : D’accompagnement dans le domaine financier et de l'ingénierie financière, et dans la mobilisation et la gestion des financements ; De suivi et d'évaluation de la gestion et des indicateurs de performance inhérents aux Services Publics ; De gestion des dettes de financement liées à l’activité de distribution ; D’harmonisation des règles communes et process concernant la gestion des Services Publics. Notre société accompagne les acteurs du secteur de la distribution d’électricité, d’eau potable et d’assainissement liquide, notamment les GCT (Groupements de Collectivités Territoriales) et les SRM (les sociétés Régionales Multiservices) nouvellement mises en place. | Poste : Nous recherchons un profil de Cadre Financier Expérimenté pour notre Entité à Rabat. Sa mission principale est d'assurer la conformité comptable et financière des distributeurs et d'analyser l’équilibre économique des contrats de gestion. Principales Attributions: Assurer le suivi quotidien des flux financiers Produire et analyser le reporting financier Contrôler la conformité des dépenses Assurer le contrôle des comptes dédiés (redevances, retraites, frais d’études, placements, comptes spéciaux) Assurer la conformité fiscale et procédurale Analyser les audits et rapports financiers Contribuer aux missions d’audit internes, externes et aux études confiées à des prestataires assurer le suivi des données financières stratégiques Mettre à jour les modèles financiers, simuler des scénarios et évaluer les impacts réglementaires Assurer la traçabilité et la fiabilité des données Examiner et analyser le reporting des indicateurs de performance financiers et les indicateurs de gestion prévus par le Contrat de Gestion ; Mener des missions d’audit et de contrôle portant sur les aspects financiers ; Assurer la rédaction et/ou la mise à jour les rapports, comptes rendus d'activité et autres documents. | Profil recherché : Profil recherché : Diplôme d'Etat de Bac +5 ou équivalent en Finance/ Comptabilité/ Audit /Contrôle de gestion ; Expérience de 5 ans au minimum dans le domaine. Bonne Maîtrise d’Excel avancé, ERP financiers. Bonne connaissance des principes / règles comptables et fiscales publics et privés. Bonne compréhension des états financiers, des bilans, et des flux de trésorerie. Traits de personnalité souhaités: Compétences communicationnelles (oral et écrit) Capacité relationnelle, esprit d'équipe, esprit d’analyse Ponctualité, assiduité et disponibilité Rigueur, organisation, planification et autonomie Respect des procédures et des règles de sécurité",Respect des règles | Besoin d'objectivité | Rationalisme | Flexibilité | Besoin d'autonomie | Implication au travail | Ambition | Organisation,https://www.rekrute.com/offre-emploi-cadre-financier-experimente-recrutement-societe-de-developpement-des-services-publics-de-distribution-rabat-181913.html,N/A,2026-04-19T00:33:47.808473
rekrute,Responsable en Electricité | Rabat (Maroc),N/A (confidentiel),1 poste(s) - Maroc,CDI,Electricité - Gestion projet / Etudes / R&D - Secteur Conseil / Etudes								- Electricité,Confirmé (5 à 10 ans),Bac +5 et plus - Ecole d'ingénieur,N/A,"Entreprise : La SOCIETE DE DEVELOPPEMENT DES SERVICES PUBLICS DE DISTRIBUTION S.A. est une société de Développement Local, qui a pour missions de participer à la gestion et au développement des Services Publics de distribution, et cela à travers notamment, les prestations : D’accompagnement dans le domaine financier et de l'ingénierie financière, et dans la mobilisation et la gestion des financements ; De suivi et d'évaluation de la gestion et des indicateurs de performance inhérents aux Services Publics ; De gestion des dettes de financement liées à l’activité de distribution ; D’harmonisation des règles communes et process concernant la gestion des Services Publics. Notre société accompagne les acteurs du secteur de la distribution d’électricité, d’eau potable et d’assainissement liquide, notamment les GCT (Groupements de Collectivités Territoriales) et les SRM (les sociétés Régionales Multiservices) nouvellement mises en place. | Poste : Nous recherchons un profil "" Responsable en Electricité"" possédant une expérience de 5 ans et plus. Sa mission principale : Assurer le suivi et le contrôle des projets d’investissement du périmètre électricité, depuis la programmation jusqu’à la mise en service, en garantissant leur conformité contractuelle, réglementaire et financière, ainsi que la qualité d’exécution des travaux de branchement et de raccordement réalisés dans le cadre du service public de distribution. Principales attributions : Analyse des budgets d’investissement – Examen des budgets annuels et suivi de leur consommation avec analyse des écarts. Contrôle des appels d’offres – Vérification des dossiers techniques et des jugements avec recommandations. Suivi des projets d’investissement – Suivi de l’avancement physique des projets et traitement des écarts. Coordination avec les distributeurs – Animation des réunions pour le suivi des projets, budgets et actions correctives. Contrôle des valorisations et BPU – Analyse des dossiers de valorisation et vérification du bordereau des prix unitaires. Évaluation technique des projets – Analyse des études préalables et conformité aux normes techniques et réglementaires. Contrôle des travaux et conformité HSE – Vérification de l’exécution des travaux, sécurité, environnement et conformité réglementaire. Planification stratégique et études – Analyse des schémas directeurs, plans quinquennaux et identification des besoins futurs du réseau. Gestion des réclamations et reporting – Traitement des réclamations, contribution aux rapports techniques et suivi des indicateurs. Pilotage, coordination interne et traçabilité – Encadrement des équipes, coordination inter-cellules, suivi des tableaux de bord, reporting et archivage. | Profil recherché : Formation et compétences requises: Diplôme d’Ingénieur d’Etat (Bac+5) en Génie Electrique/ électrotechnique ou équivalent. Expérience significative (5 ans minimum) dans les domaines de distribution de l’électricité ou dans des activités connexes, notamment celles impliquant des ouvrages électriques. Bonne connaissance des outils et logiciels en relation avec le domaine d'Electricité. Maîtrise des normes et réglementations applicables à la distribution de l'électricité. Bonne connaissance des procédures d’adjudication et des règles de passation applicables des marchés. Bonne maitrise des techniques de conduite des projets. Traits de personnalité souhaités : Maturité managériale- Leadership, Autonomie et adaptation, rigueur, Sens de l’initiative et d’analyse, cohésion d’équipe, Aisance communicationnelle, dynamisme. Qualités relationnelles et rédactionnelles Haute disponibilité",Respect des règles | Besoin d'objectivité | Rationalisme | Besoin d'action | Besoin d'autonomie | Ambition | Organisation,https://www.rekrute.com/offre-emploi-responsable-en-electricite-recrutement-societe-de-developpement-des-services-publics-de-distribution-rabat-181912.html,N/A,2026-04-19T00:33:50.766053
rekrute,Responsable Maintenance des Engins | El Jadida (Maroc),Fort d’une expérience terrain de plus de 40 ans,Casablanca et région - Maroc,CDI,Production / Qualité / Sécurité / Maintenance                                                                 - Secteur Métallurgie / Sidérurgie,Confirmé (5 à 10 ans),Bac +5 et plus Minimum - Ecole d'ingénieur,N/A,"Entreprise : Fort d’une expérience terrain de plus de 40 ans , MESKI Invest est un groupe marocain multi-métiers ayant fait le choix stratégique de la diversification , en intervenant dans les secteurs clés de l’économie marocaine : • Riva Industrie : Industries sidérurgiques • Entreprises Belmekki : Distribution de matériaux de construction • Nadym : Logistique et services de transport routier, transport de marchandises et location camions remorques • Belmekkimmo : Immobilier • Danub : Location de voitures • Ontario : Transport touristique • Jawda Bois : Distribution de bois • Nouveaux métiers innovants en cours de développement dans le cadre du programme national d’accélération industrielle Créateur de valeurs dans plusieurs régions du Royaume, le Groupe a su confirmer au niveau national sa vocation d’ acteur de référence grâce à une expertise humaine et des technologies de pointe. Rejoindre le Groupe Meski Invest , c’est faire partie d’un groupe familial, visionnaire et audacieux qui continue d’entreprendre et d’investir. Tous ses bénéfices sont réinvestis dans le développement au service de cette politique de croissance. Le Groupe est en outre engagé dans le développement économique local et dans le développement durable , reposant sur le savoir-faire et l’implication de ses salariés . Nos collaborateurs, qui sont plus de 2 500 , font la force de notre Groupe. Pour leur offrir des perspectives de carrière intéressantes et attirer de nouveaux talents, nous travaillons continuellement à l’amélioration de nos techniques de management et proposons des opportunités de carrière et une formation continue , tout en veillant à la qualité de l’environnement de travail et à l'établissement de relations sociales professionnelles. | Poste : Rattaché au Directeur des Utilités & Engins, vous aurez en charge l’ensemble des activités de maintenance des engins roulants du site. À ce titre, vous aurez pour missions de : • Élaborer le plan de maintenance préventive et corrective du parc d’engins du site ; • Gérer les relations avec les constructeurs et les fournisseurs de pièces et d’outils de maintenance ; • Contrôler les interventions réalisées et proposer des améliorations de performance en termes de coûts et de taux d’utilisation ; • Gérer le budget de maintenance et d’exploitation des engins du site ; • Assurer la veille technologique et la gestion de la documentation technique ; • Favoriser l’implication et la participation des membres de votre équipe à l’accomplissement des objectifs de la direction ; • Veiller à ce qu’aucun dysfonctionnement ne perturbe l’outil de production ; • Appliquer les politiques, les programmes et les procédures d’entretien, ainsi que les règles de santé et sécurité, dans le respect de la réglementation en vigueur. | Profil recherché : • De formation Bac+5 (Ingénieur en Génie Mécanique), vous justifiez d'une expérience de 5 ans minimum dans une fonction similaire au sein de l’industrie lourde (aciérie, fonderie, cimenterie, etc.). • Vous disposez d’une parfaite maîtrise du fonctionnement des engins roulants. • Vous êtes familiarisé avec les outils de GMAO. • Vous maîtrisez les méthodes de résolution de problèmes et les outils d’amélioration continue (PDCA, 5S, SMED, AMDEC, etc.). • Vous êtes doté d’un réel leadership, d’un bon esprit d’équipe, d’un sens de l’organisation et de réelles capacités de communication.",Respect des règles | Besoin d'objectivité | Rationalisme | Ténacité | Organisation,https://www.rekrute.com/offre-emploi-responsable-maintenance-des-engins-recrutement-meski-invest---riva-industries-el-jadida-181911.html,N/A,2026-04-19T00:33:52.998143
rekrute,Chargé des Ressources Humaines H/F | Meknès (Maroc),N/A (confidentiel),Meknès et région - Maroc,CDI,RH / Personnel / Formation                                                                 - Secteur BTP / Génie Civil								-,Junior (1 à 3 ans),Bac +2 Minimum - Formation spécialisée - Licence,"Collecte, analyse, traitement des informations relatives à tous les salarié(e)s de l’entreprise (congés, absences, temps de travail, heures supplémentaires…) pour calculer la rémunération et établir les bulletins de paie","Entreprise : Dans le cadre de notre développement, nous cherchons un Chargé des Ressources Humaines pour notre filiale basée sur Meknès qui opère dans le secteur BTP . | Poste : Collecte, analyse, traitement des informations relatives à tous les salarié(e)s de l’entreprise (congés, absences, temps de travail, heures supplémentaires…) pour calculer la rémunération et établir les bulletins de paie Saisie et édition des feuilles de paie, dans le respect de la réglementation du travail, de la législation, et de la politique RH de l’entreprise Participation à l’élaboration des règles de paie (conventions collectives, accords d’entreprise…) Etablissement de l’ensemble des déclarations fiscales et sociales (CNSS,CIMR..) Gestion des formalités d’embauche et de départ des salarié(e)s (rédaction des contrats de travail, rupture, calcul des indemnités et solde de tout compte) Information, renseignement des salarié(e)s sur leur situation administrative Elaboration des documents de synthèse : tableaux de bord, masse salariale, entrées/sorties | Profil recherché : Ayant une formation de BAC+3 en RH avec une expérience de 2 ans minimum dans un poste similaire. Être organisé(e) et rigoureux(se) dans la gestion des données afin d’assurer la fiabilité des informations Gérer les priorités et le stress pour respecter les échéances de paie Avoir un sens relationnel pour adapter sa communication à des interlocuteur(trice)s différent(e)s (collègues, hiérarchiques, services connexes) Respecter les règles de confidentialité des informations Etablir les bulletins de paie dans le respect de la législation sociale Suivre tout le volet administratif de la gestion du personnel Mette en conformité légale et conventionnelle les bulletins Maîtriser les logiciels de paie",Recherche de nouveauté | Respect des règles | Extraversion | Distance émotionnelle | Besoin d'objectivité | Besoin d'autonomie | Implication au travail,https://www.rekrute.com/offre-emploi-charge-des-ressources-humaines-hf-recrutement-confidentiel-meknes-181910.html,N/A,2026-04-19T00:33:55.114970
rekrute,Responsable RH de proximité | Meknès (Maroc),N/A (confidentiel),Meknès et région - Maroc,CDI,RH / Personnel / Formation                                                                 - Secteur Indifférent								- Autres services,Intermédiaire (3 à 5 ans) - Confirmé (5 à 10 ans),Bac +3 Minimum - Formation spécialisée,N/A,"Entreprise : Groupe industriel et commercial d'envergure nationale, reconnu pour son expertise dans divers secteurs stratégiques, recherche à renforcer ses équipes dans le cadre de son développement continu. Fort d'une présence établie sur le marché marocain, le groupe se distingue par son engagement envers l'excellence, l'innovation et la durabilité. Nous offrons un environnement stimulant, propice à l'évolution professionnelle, au sein d'une structure valorisant la performance et la collaboration. | Poste : Au sein du département Ressources Humaines, votre principale mission est d’accompagner sur le terrain les managers et les collaborateurs, sur un périmètre qui vous sera défini pour les conseillers au mieux, leur expliquer et donner du sens aux décisions et processus RH tout en étant le garant de leur déploiement opérationnel. Le poste reporte fonctionnellement à la DRH. Missions : • Répondre aux demandes des opérationnels sur tous les sujets RH • Coordonner l’ensemble des activités liés au projet RH ; • Superviser la gestion du personnel • Assurer un reporting RH régulier et le remonter à la direction des ressources humaines ; • Déterminer et analyser les risques liés aux RH, • Veiller à l’application des procédures RH par les opérationnels conformément au système management de la qualité ; • Veiller à la mise en place des outils de suivi RH. • Expliciter et veiller à l’application par les opérationnels de l’ensemble des procédures RH ; • Mener les projets RH de l’entreprise conformément à la stratégie RH ; | Profil recherché : • Bac + 3 en gestion des ressources humaines ; • Une bonne maîtrise du code de travail ; • Une expérience probante dans un poste similaire et idéalement dans le secteur industriel • Autonome, rigoureux et force de proposition ; • Bon niveau de français à l’oral comme à l’écrit. • Anglais souhaité Compétences personnelles : • Vision élargie du service RH • Dynamisme • Aisance relationnelle, diplomatie • Professionnalisme • Écoute et disponibilité • Capacité d'adaptation • Curiosité intellectuelle • Capacité à proposer des solutions • Capacité à travailler en équipe",Extraversion | Besoin d'objectivité | Besoin d'autonomie | Implication au travail,https://www.rekrute.com/offre-emploi-responsable-rh-de-proximite-recrutement-confidentiel-meknes-181068.html,N/A,2026-04-19T00:33:57.448664
rekrute,Collaborateur Comptable / Assistant Comptable Confirmé (Offshore France) | Casablanca (Maroc),N/A (confidentiel),Casablanca et région - Maroc,CDD,Gestion / Comptabilité / Finance                                                                 - Secteur Comptabilité / Audit,Junior (1 à 3 ans),Bac +5 et plus Minimum - Licence - Master,N/A,"Entreprise : Nous sommes un cabinet d'audit, d’expertise comptable et de conseil , inscrit au tableau de l’Ordre des Experts Comptables du Maroc et membre du réseau Moore Stephens International. Notre activité s'articule principalement autour du contrôle légal des sociétés, des missions d'audit contractuel, de supervision comptable, de conseil juridique et fiscal. Nous intervenons également sur des missions à forte valeur ajoutée telles que l 'audit d'acquisition, le conseil financier et le conseil en organisation. | Poste : Opportunité – Collaborateur Comptable / Assistant Comptable Confirmé (Offshore France) Localisation :Casablanca Contrat : CDD – 6 mois Client : Cabinet / structure française en offshore Votre mission Dans le cadre d’une mission offshore pour un client français, vous intervenez en tant que collaborateur comptable et prenez en charge la tenue et la révision comptable de dossiers variés, dans un environnement digitalisé et structuré. Vos principales responsabilités Assurer la tenue de la comptabilité générale Réaliser les travaux de révision comptable Participer aux clôtures mensuelles et annuelles Contrôler et justifier les comptes (clients, fournisseurs, banques) Passer les écritures de régularisation Travailler sur des outils comptables digitalisés Collaborer avec les équipes basées en France et assurer un reporting régulier Outils utilisés Pennylane Tiime | Profil recherché : Profil recherché Formation Bac+2 / Bac+3 en comptabilité, finance ou gestion Expérience de 2 à 3 ans minimum en cabinet ou service comptable Maîtrise obligatoire de la révision comptable Bonne connaissance des cycles comptables (clients, fournisseurs, trésorerie) Maîtrise de Pennylane et Tiime fortement souhaitée Rigueur, autonomie et sens de l’organisation Ce que nous offrons Une expérience dans un environnement international (France offshore) Une mission formatrice avec des outils modernes Un cadre structuré et dynamique Une montée en compétences rapide en comptabilité digitale",Conventionnel | Respect des règles | Besoin d'objectivité | Rationalisme | Organisation,https://www.rekrute.com/offre-emploi-collaborateur-comptable-assistant-comptable-confirme-offshore-france-recrutement-moore-casablanca-casablanca-181909.html,N/A,2026-04-19T00:34:00.381756
rekrute,Responsable Méthodes (H/F) | Fkih Ben Salah (Maroc),REJOINDRE DANONE,Béni Mellal et région - Maroc,CDI,Méthodes / Process / Industrialisation                                                                 - Secteur Agroalimentaire								- Distribution,Confirmé (5 à 10 ans) - Expert (10 à 20 ans),Bac +5 et plus Minimum - Ecole d'ingénieur,N/A,"Entreprise : REJOINDRE DANONE : C’EST… Rencontrer des danoners aux personnalités singulières et aux parcours professionnels variés ; Grandir dans des environnements différents : sites de production, bases logistiques, centre de recherche et innovation ou encore sièges sociaux ; Se construire un parcours de carrière sur mesure, adapté à ta personnalité, tes compétences et tes envies ; Apprendre grâce à des missions responsabilisantes, riches et apprenantes. DANONE ENTREPRISE A MISSION En Juin 2020, Danone est devenue la première entreprise cotée à adopter le statut d’Entreprise à Mission. Nous avons en effet décidé de nous doter d'une raison d'être et d'objectifs sociaux, sociétaux et environnementaux associés inscrits dans nos statuts. Il s’agit d’une étape historique pour continuer à réaliser chaque jour notre mission – « apporter la santé par l’alimentation au plus grand nombre » - dans notre cadre d’action « One Planet. One Health ». | Poste : Centrale Danone est à la recherche de son nouvel Responsable Méthode basé à l'usine Fquih Ben Saleh . Vous seriez amené à : Assurer au quotidien l’encadrement des techniciens méthodes et des magasiniers pièces détachées : gestion du planning, animation de la performance SQCDME, relais de la communication usine, et réaliser les RDP. Garantir la fiabilité des équipements industriels. Garantir la non-rupture en pièces détachés. Optimiser les coûts de maintenance. Garantir la bonne exploitation de la GMAO. Assurer le bon fonctionnement de sa station d’épuration ainsi que son exploitation. Définir les axes d’évolution des organisations et les compétences attendues dans chaque poste. Identifier les besoins en formation de ses collaborateurs et valider les acquis post-formation. Contribuer aux recrutements et à la gestion de carrières de ses collaborateurs. Être garant de l’application des consignes de tri sélectif des déchets et les consignes en termes de qualité, d’hygiène, de sécurité des hommes (risques potentiels), des aliments, des équipements et d’environnement (déversement accidentel dans les réseaux eaux usées). | Profil recherché : Ingénieur confirmé Bac + 5 avec un minimum de 5 ans d’expérience --> (Forte compétence : Production/ Maintenance). Compétences métiers : Gestion des projets ; Assurer la sécurité des interventions ; Appliquer et faire appliquer les prescriptions techniques (normes et réglementations) ; Analyser les défaillances afin de proposer des améliorations ; Diriger et suivre les travaux d'entretien et de dépannage. Compétences managériales / comportementales : Leadership Adaptabilité Initiative Accomplissement Conceptualisation",Recherche de nouveauté | Respect des règles | Besoin de réflexion | Organisation,https://www.rekrute.com/offre-emploi-responsable-methodes-hf-recrutement-centrale-danone-fkih-ben-salah-181908.html,N/A,2026-04-19T00:34:03.323170
rekrute,Agent de Maintenance Mécanicien | Meknès (Maroc),N/A (confidentiel),Meknès et région - Maroc,Autre,Production / Qualité / Sécurité / Maintenance                                                                 - Secteur BTP / Génie Civil								- Autres Industries,Confirmé (5 à 10 ans),Bac +2 Minimum - BTS / DUT,N/A,"Entreprise : Groupe industriel et commercial d'envergure nationale, reconnu pour son expertise dans divers secteurs stratégiques, recherche à renforcer ses équipes dans le cadre de son développement continu. Fort d'une présence établie sur le marché marocain, le groupe se distingue par son engagement envers l'excellence, l'innovation et la durabilité. Nous offrons un environnement stimulant, propice à l'évolution professionnelle, au sein d'une structure valorisant la performance et la collaboration. | Poste : En tant qu’agent de maintenance mécanicien , vous serez en charge de : Réaliser les opérations de maintenance préventive et curative sur les équipements industriels. Diagnostiquer les pannes mécaniques et proposer des solutions adaptées. Effectuer le démontage, le remplacement ou la réparation des pièces défectueuses. Contribuer à l’amélioration continue des performances des machines. Respecter les normes de sécurité et les procédures en vigueur. | Profil recherché : Formation en mécanique, maintenance industrielle ou équivalent (CAP/BEP/Bac Pro/BTS). Expérience souhaitée sur un poste similaire. Compétences en mécanique, hydraulique et pneumatique. Autonomie, rigueur et esprit d’équipe.",Respect des règles | Rationalisme | Ténacité | Besoin d'objectivité | Organisation,https://www.rekrute.com/offre-emploi-agent-de-maintenance-mecanicien-recrutement-confidentiel-meknes-181170.html,N/A,2026-04-19T00:34:06.687298
rekrute,Directeur Administratif et Financier | Maroc (Maroc),N/A (confidentiel),Meknès et région - Maroc,CDI,Distribution (métiers de la) - Gestion / Comptabilité / Finance - Secteur Autres Industries,Confirmé (5 à 10 ans),Bac +4 Minimum - Formation spécialisée - Master,N/A,"Entreprise : Groupe d'envergure nationale, reconnu pour son expertise dans divers secteurs stratégiques, recherche à renforcer ses équipes dans le cadre de son développement continu. Fort d'une présence établie sur le marché marocain, le groupe se distingue par son engagement envers l'excellence, l'innovation et la durabilité. Nous offrons un environnement stimulant, propice à l'évolution professionnelle, au sein d'une structure valorisant la performance et la collaboration. | Poste : Vous rêvez d'un rôle stimulant au sein d'une entreprise dynamique du secteur de l'automobile ? Ce poste de Directeur Administratif et Financier (DAF) , est fait pour vous ! Vous serez un acteur clé de la performance et de la pérennité de notre entreprise, en pilotant et en optimisant l'ensemble des fonctions administratives et financières. Vos principaux objectifs seront d'assurer la fiabilité des informations financières, d'optimiser la gestion des ressources, de garantir la conformité réglementaire, et de contribuer activement à la stratégie globale de l'entreprise. Vous aurez un rôle crucial dans la prise de décision stratégique en fournissant des analyses financières pertinentes et des prévisions fiables. Votre expertise permettra de sécuriser les opérations financières, d'améliorer l'efficacité des processus et de maximiser la rentabilité de l'entreprise. Vous serez force de proposition pour améliorer les process existants et garantir leur optimisation constante. Voici quelques exemples de vos responsabilités : Gestion financière : établir et suivre le budget, contrôler la trésorerie, gérer les investissements, réaliser des analyses de rentabilité. Gestion administrative : superviser les équipes administratives, gérer les contrats et les assurances, optimiser les processus administratifs. Reporting : produire des rapports financiers réguliers pour la direction, fournir des informations pertinentes pour la prise de décision. Conformité : veiller au respect des réglementations comptables et fiscales. Management d’équipe : encadrer et animer une équipe de collaborateurs, les accompagner dans leur développement. Vous serez également amené(e) à collaborer étroitement avec les autres départements de l'entreprise pour assurer une cohérence globale des actions. | Profil recherché : Pour réussir dans ce poste, il est essentiel de posséder un niveau d'études supérieur à Bac +5, idéalement avec une spécialisation en métiers de la finance ou en gestion. Une formation supérieure en responsable de département serait un atout indéniable. Une expérience professionnelle de 5 à 20 ans dans un poste similaire au sein d'une entreprise de taille significative est indispensable. L'expérience dans le secteur de l'automobile serait un atout certain. Vous avez prouvé vos capacités de management et de leadership en encadrant des équipes. Votre expertise technique en matière de gestion financière est reconnue, et vous avez démontré votre aptitude à travailler dans un environnement exigeant. Vous maîtrisez parfaitement les outils et logiciels comptables et financiers. Vous possédez de solides compétences en analyse financière, en contrôle de gestion, et en gestion de trésorerie. Vous êtes également un excellent communicant et possédez une capacité avérée à travailler en équipe. Maîtrise des outils informatiques (tableaux croisés dynamiques, logiciels de comptabilité...) Gestion d’équipe, leadership et capacité à motiver Rigueur, organisation, sens de l’initiative et proactivité Excellent relationnel et sens de la communication Capacité d'analyse, de synthèse et de prise de décision Si vous vous reconnaissez dans ce profil, n'hésitez pas à postuler !",Respect des règles | Rationalisme | Besoin d'objectivité | Implication au travail | Organisation,https://www.rekrute.com/offre-emploi-directeur-administratif-et-financier-recrutement-confidentiel-maroc-180839.html,N/A,2026-04-19T00:34:09.274759
rekrute,Commercial | Meknès (Maroc),N/A (confidentiel),Meknès et région - Maroc,CDI,Commercial / Vente / Export - Distribution (métiers de la) - Secteur BTP / Génie Civil								- Distribution,Intermédiaire (3 à 5 ans),Bac +2 Minimum - BTS / DUT,N/A,"Entreprise : Groupe industriel et commercial d'envergure nationale, reconnu pour son expertise dans divers secteurs stratégiques, recherche à renforcer ses équipes dans le cadre de son développement continu. Fort d'une présence établie sur le marché marocain, le groupe se distingue par son engagement envers l'excellence, l'innovation et la durabilité. Nous offrons un environnement stimulant, propice à l'évolution professionnelle, au sein d'une structure valorisant la performance et la collaboration. Nous recherchons un Commercial BTP dynamique et expérimenté pour rejoindre notre équipe. Vous serez responsable du développement des ventes de nos produits de construction auprès des professionnels du secteur, avec une spécialisation en Commercial / Vente / Export / Distribution. Une connaissance du secteur du BTP serait un atout indéniable. Votre formation vous a fourni les outils et les connaissances nécessaires pour exceller dans ce domaine concurrentiel et pour appréhender les défis d'un poste exigeant. | Poste : Vous recherchez un poste stimulant où vos compétences commerciales seront pleinement exploitées ? Rejoignez notre entreprise leader dans le secteur de la distribution et Négoce , au cœur d’une région dynamique, ce poste vous offre l’opportunité de contribuer directement à notre succès et de développer votre carrière au sein d’une équipe soudée et performante. Votre mission principale consistera à développer notre portefeuille clients dans le secteur du BTP, en proposant nos solutions innovantes et performantes. Dans ce rôle, vos principaux objectifs seront de : Développer et fidéliser une clientèle dans le secteur du BTP, en établissant des relations durables et de confiance. Atteindre et dépasser les objectifs de vente fixés, contribuant ainsi à la croissance de l’entreprise. Assurer une présence active sur le terrain , en participant à des salons professionnels et en effectuant des visites régulières auprès des clients. Contribuer à l’amélioration continue de nos offres commerciales. Au quotidien, vos tâches consisteront à : Prospecter de nouveaux clients et identifier les besoins spécifiques du marché du BTP Présenter et promouvoir nos produits et services auprès des clients potentiels. Rédiger des offres commerciales claires, concises et personnalisées. Négocier les contrats et conclure des accords commerciaux avantageux.* Assurer le suivi des clients et garantir leur satisfaction. Participer aux réunions commerciales et contribuer à la stratégie de développement. Vous serez un acteur essentiel de notre croissance, en assurant un lien solide entre nos produits et nos clients. | Profil recherché : Une expérience de 2 à 5 ans dans un poste similaire est requise. Votre parcours professionnel a forgé votre capacité à gérer des relations clients complexes, à négocier efficacement et à atteindre vos objectifs. Cette expérience vous permettra d'intégrer rapidement notre équipe et de contribuer activement à nos projets. Une expérience en la commercialisation des produits de construction serait considérée comme un atout supplémentaire. Pour réussir dans ce poste, vous devrez posséder les compétences suivantes : Excellentes compétences commerciales et sens du relationnel. Maîtrise des techniques de vente et de négociation. Capacité à gérer plusieurs projets simultanément et à travailler de façon autonome. Aisance relationnelle , capacité d'écoute active et sens de la persuasion. Organisation et rigueur dans la gestion de son temps et de ses priorités. Maîtrise des outils informatiques et de communication. Si vous vous reconnaissez dans ce profil, et que vous souhaitez relever de nouveaux défis au sein d’une entreprise dynamique et innovante, n’hésitez plus !",Recherche de nouveauté | Respect des règles | Extraversion | Volonté de persuasion | Ambition | Implication au travail,https://www.rekrute.com/offre-emploi-commercial-recrutement-confidentiel-meknes-181385.html,N/A,2026-04-19T00:34:12.366311
rekrute,Contrôleur de Gestion Junior | Casablanca (Maroc),N/A,Casablanca et région - Maroc,CDI,Gestion / Comptabilité / Finance                                                                 - Secteur Electricité								- Autres Industries,Débutant (-1 an) - Junior (1 à 3 ans),Bac +5 et plus Minimum - Ecole de commerce,N/A,"Entreprise : À Propos de VINCI Energies Afrique de l'Ouest VINCI Energies Afrique de l'Ouest (VEAO) est un pôle de VINCI Energie, entité du Groupe VINCI, regroupant plus de 3000 collaborateurs répartis à travers 5 pays de la région (Bénin, Côte d'Ivoire, Guinée, Sénégal, Maroc et Mauritanie) et représenté par 6 marques : Omexom, Actemium, Axians, Citeos, Cegelec, VINCI Energies Building Solutions et VINCI Facilities. Présent au Maroc à travers la marque Cegelec depuis 1946 et solidement ancré en Afrique par ses 55 entreprises, VEAO offre aujourd’hui à ses partenaires une large palette d’expertises (conception, réalisation et maintenance) dans l’énergie, l’industrie, le tertiaire et les télécommunications. VINCI Energies au Maroc, contribue activement au développement économique et social du pays en s’appuyant sur les compétences pluridisciplinaires de ses équipes locales et bénéficie du vaste réseau de marques de VINCI Energies pour offrir des solutions innovantes et pérennes à ses clients. | Poste : Rattaché(e) à la direction financière, le CDG est le gardien et prescripteur des règles de gestion du groupe, l'interlocuteur pour la gestion avec les équipes opérationnelles ( DD,CE,RA), garant de la fiabilité des informations financières/reporting. Principales missions : - Assurer le suivi financier des projets : ouverture, clôture, VE, RMG, suivi de projets - Maitriser les outils de gestion - Analyser les indicateurs financiers ( affaires/entreprises): retard de facturation, retard d'encaissements - Assurer un rôle de business Partner auprès des opérationnels (Directeur, CE, RA) - Informer et si besoin alerter la hiérarchie / rechercher et identifier les risques sur projets - Effectuer les arrêtés de comptes mensuels, trimestriels, annuels au niveau entreprises et direction - Préparer les Budgets et les recalages des entreprises et Direction | Profil recherché : Formation : Diplômé(e) d’une école de commerce ou équivalent avec une spécialisation en finance, contrôle de gestion. Compétences techniques : Bonne maîtrise de la finance d’entreprise, notamment en modélisation financière. Une connaissance approfondie des principes comptables est essentielle. La maîtrise d’Excel est indispensable (VBA est un plus). Qualités personnelles : Vous êtes reconnu(e) pour votre rigueur, votre esprit analytique et votre capacité à synthétiser des informations complexes. Vous faites preuve d’autonomie, d’organisation et d’une grande capacité à travailler en équipe dans un environnement multiculturel. Expérience : Une première expérience en contrôle de gestion, finances, idéalement dans le secteur des infrastructures d'energie, serait un plus.",Conventionnel | Respect des règles | Besoin d'objectivité | Rationalisme | Organisation,https://www.rekrute.com/offre-emploi-controleur-de-gestion-junior-recrutement-vinci-energies-afrique-de-louest-casablanca-181906.html,N/A,2026-04-19T00:34:15.651794
rekrute,Responsable Technique Energie (H/F) | Fkih Ben Salah (Maroc),REJOINDRE DANONE,Béni Mellal et région - Maroc,CDI,Méthodes / Process / Industrialisation                                                                 - Secteur Agroalimentaire								- Distribution,Junior (1 à 3 ans) - Intermédiaire (3 à 5 ans),Bac +5 et plus Minimum - Ecole d'ingénieur,N/A,"Entreprise : REJOINDRE DANONE : C’EST… Rencontrer des danoners aux personnalités singulières et aux parcours professionnels variés ; Grandir dans des environnements différents : sites de production, bases logistiques, centre de recherche et innovation ou encore sièges sociaux ; Se construire un parcours de carrière sur mesure, adapté à ta personnalité, tes compétences et tes envies ; Apprendre grâce à des missions responsabilisantes, riches et apprenantes. DANONE ENTREPRISE A MISSION En Juin 2020, Danone est devenue la première entreprise cotée à adopter le statut d’Entreprise à Mission. Nous avons en effet décidé de nous doter d'une raison d'être et d'objectifs sociaux, sociétaux et environnementaux associés inscrits dans nos statuts. Il s’agit d’une étape historique pour continuer à réaliser chaque jour notre mission – « apporter la santé par l’alimentation au plus grand nombre » - dans notre cadre d’action « One Planet. One Health ». | Poste : Centrale Danone est à la recherche de son nouvel Responsable technique énergie basé à l' usine Fquih Ben Saleh . En tant que responsable technique vous seriez en charge de : Réduire dans son périmètre le besoin de maintenance (temps passés et pièces consommées) ; Être l’interlocuteur privilégié du responsable fabrication pour la zone énergie ; Assurer la fiabilité des installations de productions des énergies au sein de l’usine pour une meilleure disponibilité des énergies auprès des utilisateurs ; Améliorer la traçabilité des processus de fabrication d’énergie ; Veiller au fonctionnement optimal des installations conformément aux exigences de l'exploitation et aux procédures qualité, sécurité des aliments et SST ; Assurer la maintenance des équipements des énergies de l’usine en respectant les plannings de maintenance et les exigences des Programmes préalables maintenance. | Profil recherché : Ingénieur confirmé Bac + 5 avec un minimum de 5 ans d’expérience --> (Forte compétence : Production/ Maintenance). Compétences métiers : Gestion des énergies ; Assurer la sécurité des interventions ; Appliquer et faire appliquer les prescriptions techniques (normes et réglementations) ; Analyser les défaillances afin de proposer des améliorations ; Diriger et suivre les travaux d'entretien et de dépannage. Compétences managériales / comportementales : Leadership Adaptabilité Initiative Accomplissement Conceptualisation",Recherche de nouveauté | Respect des règles | Besoin de réflexion | Organisation,https://www.rekrute.com/offre-emploi-responsable-technique-energie-hf-recrutement-centrale-danone-fkih-ben-salah-181905.html,N/A,2026-04-19T00:34:18.979531
rekrute,Responsable QHSE | Casablanca (Maroc),N/A,Casablanca et région - Maroc,CDI,Production / Qualité / Sécurité / Maintenance - Travaux / Chantiers / BTP - Secteur BTP / Génie Civil								- Autres Industries,Junior (1 à 3 ans),Bac +5 et plus Minimum - Ecole d'ingénieur,N/A,"Entreprise : À Propos de VINCI Energies Afrique de l'Ouest VINCI Energies Afrique de l'Ouest (VEAO) est un pôle de VINCI Energie, entité du Groupe VINCI, regroupant plus de 3000 collaborateurs répartis à travers 5 pays de la région (Bénin, Côte d'Ivoire, Guinée, Sénégal, Maroc et Mauritanie) et représenté par 6 marques : Omexom, Actemium, Axians, Citeos, Cegelec, VINCI Energies Building Solutions et VINCI Facilities. Présent au Maroc à travers la marque Cegelec depuis 1946 et solidement ancré en Afrique par ses 55 entreprises, VEAO offre aujourd’hui à ses partenaires une large palette d’expertises (conception, réalisation et maintenance) dans l’énergie, l’industrie, le tertiaire et les télécommunications. VINCI Energies au Maroc, contribue activement au développement économique et social du pays en s’appuyant sur les compétences pluridisciplinaires de ses équipes locales et bénéficie du vaste réseau de marques de VINCI Energies pour offrir des solutions innovantes et pérennes à ses clients. | Poste : - Mettre en place, déployer et maintenir les systèmes de management Qualité, Hygiène, Sécurité, Santé au travail et Environnement (QHSE), en garantissant la conformité aux normes en vigueur et aux exigences réglementaires. - Réaliser des audits internes, des analyses de processus et des évaluations de performance afin d’identifier les axes d’amélioration continue. - Élaborer, mettre à jour et déployer les procédures, instructions et référentiels QHSE applicables aux différentes étapes de la production. - Collaborer étroitement avec les équipes de conception, de production et de logistique pour analyser les non-conformités, résoudre les problématiques qualité et mettre en œuvre des actions correctives et préventives. - Identifier les processus clés, évaluer les risques associés et proposer des actions d’optimisation en coordination avec les responsables opérationnels. - Former, informer et sensibiliser le personnel aux exigences et bonnes pratiques en matière de qualité, de sécurité, de santé au travail et de protection de l’environnement. | Profil recherché : Profil requis : Diplôme d'ingénieur ou équivalent dans le domaine de la qualité, génie industriel. Ou BAC+2 type DUT ou BTS avec une première expérience de 3 à 5 ans dans un poste similaire en milieu industriel Formation de base : Formation en QHSE // Ingénierie industrielle Expérience requise : 2 ans dans un poste similaire Qualités nécessaires : Maitrise des normes de la qualité, sécurité et d’environnement Perception des risques professionnels Autonome, Relationnel Autres compétences requises : Fabrication mécanique",Respect des règles | Besoin d'objectivité | Rationalisme | Ténacité | Besoin de réflexion | Implication au travail | Organisation,https://www.rekrute.com/offre-emploi-responsable-qhse-recrutement-vinci-energies-afrique-de-louest-casablanca-181904.html,N/A,2026-04-19T00:34:21.946563
rekrute,Cell Manager (Cellule Conditionnement) (H/F) | Meknès (Maroc),REJOINDRE DANONE,Meknès et région - Maroc,CDI,Méthodes / Process / Industrialisation - Production / Qualité / Sécurité / Maintenance - Secteur Agroalimentaire								- Automobile / Motos / Cycles,Intermédiaire (3 à 5 ans) - Confirmé (5 à 10 ans),Bac +5 et plus Minimum - Ecole d'ingénieur,N/A,"Entreprise : REJOINDRE DANONE : C’EST… Rencontrer des danoners aux personnalités singulières et aux parcours professionnels variés ; Grandir dans des environnements différents : sites de production, bases logistiques, centre de recherche et innovation ou encore sièges sociaux ; Se construire un parcours de carrière sur mesure, adapté à ta personnalité, tes compétences et tes envies ; Apprendre grâce à des missions responsabilisantes, riches et apprenantes. DANONE ENTREPRISE A MISSION En Juin 2020, Danone est devenue la première entreprise cotée à adopter le statut d’Entreprise à Mission. Nous avons en effet décidé de nous doter d'une raison d'être et d'objectifs sociaux, sociétaux et environnementaux associés inscrits dans nos statuts. Il s’agit d’une étape historique pour continuer à réaliser chaque jour notre mission – « apporter la santé par l’alimentation au plus grand nombre » - dans notre cadre d’action « One Planet. One Health ». | Poste : Centrale Danone est à la recherche de son nouveau Cell Manager (cellule conditionnement) basé à l' Usine de Meknès . A ce titre, vous allez être amenés à : Définir les moyens et réunir les conditions nécessaires pour la réalisation du programme de fabrication dans les délais requis en intégrant les contraintes de qualité et de coût. Déployer et mettre en œuvre des objectifs et des plans d’actions de la cellule, à court et moyen terme, dans le cadre du budget annuel et des nouveaux projets, Garantir la réalisation des objectifs liés aux QCDMS (Qualité, Coût, Délai, Motivation et Sécurité), Analyser les défauts qualité avec son équipe et prendre des mesures pour éviter leur réapparition en faisant appel à toutes les ressources mises à la disposition de la cellule, Tenir des tableaux de bord, identifier les dysfonctionnements et les goulots d’étranglement et élaborer des plans d’actions. Evaluer ses collaborateurs et déterminer leurs besoins en formation (favoriser la polyvalence), Animer régulièrement des réunions pour communiquer sur les réalisations et les points d’amélioration, Piloter les réunions TOP quotidiennes ainsi que les réunions d’interfaces avec les autres processus, Garantir la réussite des projets et des essais dans la cellule, Participer à l’élaboration des budgets d’investissement et de fonctionnement, Participer à l’élaboration du programme de fabrication, Planifier et piloter la mise en œuvre du Processus réalisation Informer sur les modifications pouvant affecter le SMSQDA et assurer la mise à jours du SMQSDA Piloter et participer à la mise à jours du système HACCP / Plan des PRP Planifier et réaliser la vérification du SMSQDA Participer dans l’ananlyse des résultats des activités de vérification Veiller au respect strict de toutes les consignes sécurité, Suivre les performances food Safety de la cellule | Profil recherché : Vous êtes un(e) Ingénieur justifiant de 5 années d’expériences minimum en milieu industriel idéalement dans le secteur agroalimentaire, avec une certification green belt minimum et de préférence Black belt . Vous etes agile et proactif. Vous êtes orienté problem solving. Vous êtes doté d'un esprit de synthèse. Vous disposez de fortes aptitudes en management d’équipes. Vous avez un sens de leadership et vous savez fédérer des équipes autour du même objectif.",Recherche de nouveauté | Respect des règles | Besoin d'objectivité | Rationalisme | Ténacité | Besoin de réflexion | Organisation,https://www.rekrute.com/offre-emploi-cell-manager-cellule-conditionnement-hf-recrutement-centrale-danone-meknes-181902.html,N/A,2026-04-19T00:34:24.174218
rekrute,Chargée de recrutement | Casablanca (Maroc),N/A (confidentiel),Casablanca et région - Maroc,CDI,RH / Personnel / Formation                                                                 - Secteur Recrutement / Intérim,Junior (1 à 3 ans),Bac +5 et plus - Ecole de commerce - Master,N/A,"Entreprise : Nous sommes un grand groupe en pleine croissance, leader de son marché. Rejoignez un acteur majeur du secteur de l'ameublement en tant que notre prochain(e) Chargé(e) de recrutement. | Poste : Votre mission principale sera d'attirer et de sélectionner les meilleurs talents pour accompagner la croissance de notre entreprise. Vous serez le/la garant(e) de la qualité et de la pertinence des recrutements, en assurant une expérience candidat positive et professionnelle. Vos responsabilités incluront la gestion complète du processus de recrutement, depuis la définition des besoins avec les managers jusqu'à l'intégration des nouvelles recrues. Cela comprendra : La rédaction et la diffusion d'offres d'emploi attractives. Le sourcing actif de candidats via diverses plateformes et réseaux. La réalisation des pré-qualifications téléphoniques et des entretiens. La présentation des candidats aux équipes opérationnelles. Le suivi des candidatures et la communication avec les candidats tout au long du processus. La participation à l'amélioration continue de nos méthodes de recrutement. | Profil recherché : Pour exceller dans ce rôle, un niveau d'études Bac +5 et plus est requis, Une expérience professionnelle de 1 à 3 ans dans des fonctions similaires en cabinet de recrutement ou en entreprise. Excellentes compétences en communication. Maîtrise des techniques de recrutement et de sélection. Capacité à travailler de manière autonome et organisée. Proactivité et force de proposition. Maîtrise des outils informatiques et des plateformes de recrutement.",Respect des règles | Rationalisme | Flexibilité | Travail en équipe | Organisation,https://www.rekrute.com/offre-emploi-chargee-de-recrutement-recrutement-confidentiel-casablanca-181901.html,N/A,2026-04-19T00:34:26.872253
rekrute,Manufacturing Capabilities Leader ( H/F) | Casablanca (Maroc),REJOINDRE DANONE,Casablanca et région - Maroc,CDI,Production / Qualité / Sécurité / Maintenance                                                                 - Secteur Agroalimentaire,Confirmé (5 à 10 ans) - Expert (10 à 20 ans),Bac +5 et plus Minimum - Ecole d'ingénieur,N/A,"Entreprise : REJOINDRE DANONE : C’EST… Rencontrer des danoners aux personnalités singulières et aux parcours professionnels variés ; Grandir dans des environnements différents : sites de production, bases logistiques, centre de recherche et innovation ou encore sièges sociaux ; Se construire un parcours de carrière sur mesure, adapté à ta personnalité, tes compétences et tes envies ; Apprendre grâce à des missions responsabilisantes, riches et apprenantes. DANONE ENTREPRISE A MISSION En Juin 2020, Danone est devenue la première entreprise cotée à adopter le statut d’Entreprise à Mission. Nous avons en effet décidé de nous doter d'une raison d'être et d'objectifs sociaux, sociétaux et environnementaux associés inscrits dans nos statuts. Il s’agit d’une étape historique pour continuer à réaliser chaque jour notre mission – « apporter la santé par l’alimentation au plus grand nombre » - dans notre cadre d’action « One Planet. One Health ». | Poste : Centrale Danone recherche un Manufacturing Capabilities Leader (MCL) pour piloter le déploiement du Integrated Work System (IWS) sur plusieurs usines et renforcer les compétences industrielles à l’échelle régionale. Missions clés : Déployer et gouverner l’IWS multisites, en garantissant la conformité aux standards Groupe. Accélérer la maturité IWS et générer une création de valeur mesurable (Run to Target, phases…). Coacher les Plant Directors et équipes de direction, pour renforcer le leadership opérationnel. Porter le leadership régional d’un pilier IWS (AM, PM, Loss Elimination, E&T). Assurer la robustesse du RunToTarget (RTT) : routines DDS, résolution des écarts, prise de décision rapide. Réduire structurellement les pertes industrielles (PR, SU, qualité, déchets, arrêts…). Développer l’ownership équipements pour fiabilité, performance et sécurité. Former et qualifier les responsables de piliers site pour garantir l’autonomie locale. Piloter les assessments et qualifications IWS des leaders industriels. Aligner business, performance industrielle et exécution terrain. Ancrer une culture d’excellence et d’amélioration continue durable. | Profil recherché : Ingénieur avec 6 à 8 ans d’expérience industrielle, idéalement dans l’agroalimentaire ou l’automotive. Certification Lean Black Belt obligatoire. Expérience confirmée en excellence opérationnelle et environnements manufacturiers exigeants. Expérience multisites et exposition au contexte international . Expertise solide sur au moins un pilier IWS / TPM ou système équivalent. Maîtrise des outils Lean, de la résolution de problèmes et des systèmes de performance. Anglais courant ; mobilité régionale indispensable. Forte capacité de coaching, d’influence et posture solide de senior coach. Excellentes compétences de communication, synthèse et pédagogie. Capacité à collaborer avec des équipes multiculturelles et globales. Orientation résultats, capacité à générer de la création de valeur de manière tangible. Crédibilité terrain élevée et sens du partenariat avec les équipes opérationnelles .",Respect des règles | Besoin d'objectivité | Rationalisme | Ténacité | Organisation,https://www.rekrute.com/offre-emploi-manufacturing-capabilities-leader-hf-recrutement-centrale-danone-casablanca-181898.html,N/A,2026-04-19T00:34:28.953740
rekrute,Responsable Trésorerie | Casablanca (Maroc),Riche d'une longue expérience et majeur dans son secteur d'activité,Casablanca et région - Maroc,CDI,Gestion / Comptabilité / Finance                                                                 - Secteur Autres Industries,Confirmé (5 à 10 ans),Bac +5 et plus Minimum - Master,N/A,"Entreprise : Riche d'une longue expérience et majeur dans son secteur d'activité, notre entreprise tire sa force de son histoire, son savoir faire, ses atouts et ses engagements. Depuis sa création, notre entreprise a forgé son expérience dans ce secteur, et se positionne aujourd'hui comme un acteur de référence. | Poste : Dans le cadre du renforcement de notre département financier, nous recrutons un(e) Responsable Trésorerie chargé(e) d’assurer la gestion optimale des flux de trésorerie de l’entreprise et de garantir sa liquidité. - Suivre et gérer la trésorerie quotidienne de l’entreprise. - Élaborer les prévisions de trésorerie à court, moyen et long terme. - Optimiser les flux financiers et les placements de trésorerie. - Gérer les relations avec les banques et les partenaires financiers. - Superviser les opérations de paiement et d’encaissement. - Mettre en place et suivre les outils de reporting de trésorerie. - Identifier et gérer les risques financiers liés à la trésorerie. - Suivi de la consommation des lignes d’imports. - Suivi et préparation des règlements fournisseurs étrangers selon le mode de paiement convenu. - Suivi et gestion des valeurs (Remises bancaires, récupération des impayés…etc). | Profil recherché : Profil recherché : - Bac+5 en finance, comptabilité, gestion ou équivalent. - Expérience minimum de 5 ans dans un poste similaire. - Bonne maîtrise des outils financiers et des logiciels de trésorerie Sage X3. - Excellentes capacités d’analyse et de gestion des priorités. - Rigueur, organisation et sens de la confidentialité. - Bon relationnel et capacité à négocier avec les partenaires bancaires.",Conventionnel | Respect des règles | Besoin d'objectivité | Rationalisme | Organisation,https://www.rekrute.com/offre-emploi-responsable-tresorerie-recrutement-confidentiel-casablanca-181897.html,N/A,2026-04-19T00:34:32.267766
rekrute,Metteur en main | El Jadida (Maroc),Fort,Safi et région - Maroc,CDI,Coursier / Gardiennage / Propreté                                                                 - Secteur Automobile / Motos / Cycles,Junior (1 à 3 ans) - Intermédiaire (3 à 5 ans),Bac Minimum - DEUG,N/A,"Entreprise : Fort d’un réseau de distribution moderne de 7 succursales et 7 agents à travers le Maroc, M-AUTOMOTIV se donne les moyens d'offrir une large gamme de solutions accessibles & innovantes à ses clients, là où ils se trouvent, aux meilleurs standards de qualité. Site Web : M-automotiv | Culture de l'entreprise : M-automotiv s’appuie sur une culture dominée par la coopération , où la confiance, la solidarité et le bien-être des collaborateurs structurent le quotidien. L’entreprise valorise un management de proximité, fondé sur l’accompagnement, la responsabilisation et la qualité des relations humaines. Cette dynamique collective est renforcée par une orientation compétitive affirmée , orientée vers la performance et l’atteinte d’objectifs mesurables. Les dimensions innovation et organisation , plus modérées, soutiennent l’agilité des équipes tout en assurant un cadre de travail structuré et efficace. | Poste : M Automotive recrute un Metteur en main,   : Missions principales : - Accueillir le client et orchestrer la livraison du véhicule - Mettre en valeur les équipements et technologies embarquées - Accompagner la prise en main du véhicule - Contrôler la conformité du véhicule et des documents | Profil recherché : Profil recherché : - Bac+2 (commerce, technique ou équivalent) - Sens du détail et excellent relationnel - Intérêt pour l’automobile avec une première expérience dans le même poste fortement souhaitée",Conventionnel | Respect des règles | Introversion | Organisation,https://www.rekrute.com/offre-emploi-metteur-en-main-recrutement-m-automotiv-el-jadida-181896.html,N/A,2026-04-19T00:34:35.565699
rekrute,Chargé(e) ADV / Agent immatriculation | El Jadida (Maroc),N/A (confidentiel),Safi et région - Maroc,CDI,Administration des ventes / SAV                                                                 - Secteur Automobile / Motos / Cycles,Junior (1 à 3 ans) - Intermédiaire (3 à 5 ans),Bac +3 Minimum - DEUG,N/A,"Entreprise : Entreprise : Fort d’un réseau de distribution moderne de 7 succursales et 7 agents à travers le Maroc,M-AUTOMOTIV se donne les moyens d'offrir une large gamme de solutions accessibles & innovantes à ses clients, là où ils se trouvent, aux meilleurs standards de qualité. Culture de l'entreprise : M-automotiv s’appuie sur une culture dominée par la coopération, où la confiance, la solidarité et le bien-être des collaborateurs structurent le quotidien. L’entreprise valorise un management de proximité, fondé sur l’accompagnement, la responsabilisation et la qualité des relations humaines. Cette dynamique collective est renforcée par une orientation compétitive affirmée, orientée vers la performance et l’atteinte d’objectifs mesurables. Les dimensions innovation et organisation, plus modérées, soutiennent l’agilité des équipes tout en assurant un cadre de travail structuré et efficace. Adresse de notre siège : 44,44, Avenue Khalid Ibnou Al oualid – Ain Sebaâ 2628 Casablanca | Culture de l'entreprise : M-automotiv s’appuie sur une culture dominée par la coopération , où la confiance, la solidarité et le bien-être des collaborateurs structurent le quotidien. L’entreprise valorise un management de proximité, fondé sur l’accompagnement, la responsabilisation et la qualité des relations humaines. Cette dynamique collective est renforcée par une orientation compétitive affirmée , orientée vers la performance et l’atteinte d’objectifs mesurables. Les dimensions innovation et organisation , plus modérées, soutiennent l’agilité des équipes tout en assurant un cadre de travail structuré et efficace. | Poste : Poste : M-Automotiv recrute: Pour garantir un suivi administratif fluide et sécurisé des ventes, M-Automotiv recrute un(e) Chargé(e) ADV. Missions du poste: - Gestion administrative complète des dossiers de vente - Ayant déja géré des dossiers d'immatriculation - Suivi des commandes clients jusqu’à la livraison - Coordination avec les équipes commerciales, financières et logistiques - Facturation et contrôle de la conformité des dossiers - Mise à jour des bases de données et reporting | Profil recherché : Profil recherché : - Formation en gestion, administration ou commerce - Expérience en ADV ou back-office commercial appréciée - Organisation, rigueur et sens du détail - Capacité à gérer plusieurs dossiers simultanément - Bon relationnel et esprit d’équipe",Volonté de persuasion | Rationalisme | Implication au travail | Improvisation,https://www.rekrute.com/offre-emploi-chargee-adv-agent-immatriculation-recrutement-m-automotiv-el-jadida-181894.html,N/A,2026-04-19T00:34:38.746217
rekrute,Agent de contrôle IAUX | Casablanca (Maroc),Au cœur de la transformation du paysage médical marocain,Casablanca et région - Maroc,CDI,Santé / Social (métiers de)                                                                 - Secteur Pharmacie / Santé,Débutant (-1 an),Bac Minimum - Autre,N/A,"Entreprise : Au cœur de la transformation du paysage médical marocain, le Groupe AKDITAL incarne une nouvelle génération d’institutions de santé : modernes, humaines et résolument tournées vers l’avenir. Leader du secteur privé de la santé, AKDITAL œuvre depuis sa création à rendre les soins de haute qualité accessibles à tous, en s’appuyant sur une expertise médicale d’exception, des technologies de pointe et une gouvernance fondée sur les meilleurs standards internationaux. Aujourd’hui, notre vision dépasse les frontières. En poursuivant son expansion à l’international, le Groupe confirme sa vocation : faire rayonner le savoir-faire marocain et placer la médecine du futur à portée de chaque patient, partout où nous intervenons. Pourquoi rejoindre AKDITAL ? Parce que vous souhaitez contribuer à une vision moderne et ambitieuse de la santé. Parce que vous partagez nos valeurs : excellence, innovation, humanité et engagement. Et parce que vous croyez, comme nous, qu’un soin peut changer une vie. | Culture de l'entreprise : Akdital porte une culture fortement orientée performance , où l’ambition, l’exigence et le dépassement de soi sont au cœur du quotidien pour garantir un niveau de service irréprochable. Cette dynamique est enrichie par une vraie ouverture à l’ innovation , essentielle pour moderniser la santé privée et développer de nouvelles pratiques médicales et organisationnelles. La coopération complète cet ensemble, avec un esprit d’équipe solide et un management qui soutient les collaborateurs dans un environnement exigeant. Enfin, une culture structurée et rigoureuse assure la qualité, la sécurité et la fiabilité indispensables au secteur médical. | Poste : Vous recherchez une opportunité stimulante au sein du secteur dynamique de la santé ? Rejoignez une entreprise reconnue pour son engagement envers la qualité et l'innovation. Le poste d' Agent de contrôle vous attend à Casablanca , une ville où l'effervescence économique rencontre un cadre de vie agréable. Votre mission principale sera d'assurer la conformité et la qualité des produits et processus. L'objectif premier de ce rôle est de contribuer activement au maintien des standards de qualité les plus élevés au sein de notre organisation. Il s'agit de veiller rigoureusement à ce que tous les produits et opérations respectent les normes réglementaires et internes, garantissant ainsi la sécurité et l'efficacité pour les utilisateurs finaux, | Profil recherché : Pour prétendre à ce poste, un diplôme d'infirmière auxiliaire est le niveau d'études minimum requis. Au-delà de votre parcours académique et de vos expériences, certaines compétences comportementales et techniques feront la différence. Les qualités suivantes sont particulièrement valorisées : Un sens aigu de l' observation et du détail pour repérer les anomalies. Une grande rigueur et méthode dans l'exécution des tâches. Une bonne capacité d' organisation pour gérer plusieurs contrôles simultanément. Une aptitude à la communication pour remonter les informations de manière claire et concise. Une aisance avec la documentation et la rédaction de rapports. Si vous vous reconnaissez dans cette description et que vous êtes prêt(e) à relever ce défi, n'hésitez plus ! Postulez dès maintenant en cliquant sur le bouton « Envoyer mon CV au recruteur » ci-dessous.",Besoin d'autonomie,https://www.rekrute.com/offre-emploi-agent-de-controle-iaux-recrutement-akdital-casablanca-181892.html,N/A,2026-04-19T00:34:42.032898
rekrute,Process Specialist level1 | Tanger (Maroc),YAZAKI’s,Tanger et région - Maroc,CDI,Méthodes / Process / Industrialisation                                                                 - Secteur Automobile / Motos / Cycles,Débutant (-1 an),Bac +5 et plus - Ecole d'ingénieur - Master,N/A,"Entreprise : YAZAKI’s timeline of success dates back to 1929 when Sadami YAZAKI began selling wiring harnesses for automobiles. As a truly global company deeply rooted in Japanese cultural traditions and values, YAZAKI strives to be a reliable partner to its customers as well as a promoter of environmental sustainability throughout the world. We are especially proud to be the world's largest producer of wiring harnesses and at the same time offering environmental systems, with emphasis on energy-related equipment. As part of Yazaki activities growth in Morocco , we are hiring currently several positions ! | Culture de l'entreprise : Yazaki Morocco s’appuie sur une culture dominée par l’innovation , encourageant la créativité, l’expérimentation et l’initiative individuelle pour accompagner son évolution industrielle. Cette dynamique est soutenue par une culture collaborative affirmée , qui valorise la coopération, la confiance et le management de proximité. L’entreprise intègre également une exigence de performance et de compétitivité , orientée vers l’atteinte d’objectifs concrets. Enfin, une structure organisationnelle solide garantit la rigueur des processus et la fiabilité opérationnelle. | Poste : Rejoignez notre dynamique équipe dans le secteur de l' Automobile / Motos / Cycles en tant que Process Specialist level1 . Ce poste basé à Tanger offre une opportunité unique de façonner l'avenir de nos processus industriels. Imaginez-vous au cœur d'une entreprise innovante, contribuant activement à son succès et à son développement continu. Votre rôle sera central dans l'amélioration et l'optimisation de nos lignes de production. Vous participerez activement à l'identification des axes d'amélioration, à la mise en place de solutions concrètes et au suivi de leur efficacité, afin de garantir une performance opérationnelle de premier ordre et de maintenir notre position de leader. Vos missions principales incluront : L'analyse détaillée des processus existants pour identifier les dysfonctionnements et les opportunités d'optimisation. La participation à la conception et à l'implémentation de nouveaux processus industriels. La collaboration étroite avec les équipes de production pour assurer une transition fluide et une adoption réussie des nouvelles méthodes. La rédaction de documentations techniques et de modes opératoires. Le suivi des indicateurs de performance clés et la proposition d'actions correctives. Le support technique aux équipes opérationnelles pour résoudre les problèmes liés aux processus. | Profil recherché : Pour exceller dans ce rôle, un niveau d'études Bac +5 et plus est requis. Une formation supérieure dans les domaines des Méthodes / Process / Industrialisation est un atout majeur. Une première expérience de 6 mois à 1 ans dans un poste similaire ou dans le domaine des processus industriels est demandée. Nous recherchons des profils ayant déjà un aperçu des réalités du terrain et désireux de monter en compétences. Ce poste s'adresse à une personne dotée d'un excellent sens de l'analyse et de la résolution de problèmes. Une bonne compréhension des principes de l'industrialisation et des méthodes de production est essentielle. Les compétences suivantes seront particulièrement appréciées : Capacité à travailler en équipe et à communiquer efficacement. Maîtrise des outils informatiques bureautiques. Connaissance des méthodologies d'amélioration continue (Lean, Six Sigma) est un plus. Autonomie et rigueur dans le suivi des dossiers. Une première expérience avec des outils de modélisation de processus serait un avantage. Si vous vous reconnaissez dans ce profil et que l'idée d'évoluer dans un environnement stimulant vous motive, n'attendez plus ! Postulez dès maintenant en utilisant le bouton « Envoyer mon CV au recruteur ».",Recherche de nouveauté | Besoin d'objectivité | Implication au travail,https://www.rekrute.com/offre-emploi-process-specialist-level1-recrutement-yazaki-morocco-tanger-181891.html,N/A,2026-04-19T00:34:45.263908
rekrute,Project Leader | Tanger (Maroc),YAZAKI’s,Tanger et région - Maroc,CDI,Gestion projet / Etudes / R&D                                                                 - Secteur Automobile / Motos / Cycles,Junior (1 à 3 ans),Bac +5 et plus - Ecole d'ingénieur - Master,N/A,"Entreprise : YAZAKI’s timeline of success dates back to 1929 when Sadami YAZAKI began selling wiring harnesses for automobiles. As a truly global company deeply rooted in Japanese cultural traditions and values, YAZAKI strives to be a reliable partner to its customers as well as a promoter of environmental sustainability throughout the world. We are especially proud to be the world's largest producer of wiring harnesses and at the same time offering environmental systems, with emphasis on energy-related equipment. As part of Yazaki activities growth in Morocco , we are hiring currently several positions ! | Culture de l'entreprise : Yazaki Morocco s’appuie sur une culture dominée par l’innovation , encourageant la créativité, l’expérimentation et l’initiative individuelle pour accompagner son évolution industrielle. Cette dynamique est soutenue par une culture collaborative affirmée , qui valorise la coopération, la confiance et le management de proximité. L’entreprise intègre également une exigence de performance et de compétitivité , orientée vers l’atteinte d’objectifs concrets. Enfin, une structure organisationnelle solide garantit la rigueur des processus et la fiabilité opérationnelle. | Poste : Rejoignez une entreprise dynamique dans le secteur de l' automobile , située au cœur de Tanger . Une opportunité passionnante s'offre à vous pour devenir Chef de Projet et contribuer activement au succès de nos initiatives. En tant que Chef de Projet , votre rôle sera crucial dans la conception , le lancement et le suivi de projets stratégiques. Vous piloterez des équipes pluridisciplinaires pour atteindre les objectifs fixés, en assurant le respect des délais , des budgets et des cahiers des charges . Vos missions principales incluront : La définition des objectifs et des livrables des projets. La planification des différentes phases et activités. La coordination des équipes projet et des parties prenantes. Le suivi de l'avancement et la gestion des risques. La communication régulière sur l'état d'avancement des projets. La garantie de la qualité des réalisations. | Profil recherché : Pour exceller dans ce rôle, un diplôme de niveau Bac +5 et plus est requis, idéalement obtenu dans les domaines de la gestion de projet , des études ou de la R&D . Une expérience de 1 à 3 ans dans la gestion de projets est recherchée. Cette expérience vous aura permis de développer une compréhension approfondie des cycles de vie projet et des méthodologies associées. Les compétences clés pour ce poste sont : Une solide capacité en gestion de projet . D'excellentes aptitudes en communication et en leadership . Une approche organisée et rigoureuse. Une aptitude à la résolution de problèmes complexes. Une bonne maîtrise des outils de gestion de projet. Une aisance relationnelle pour travailler efficacement avec diverses équipes. Si vous êtes passionné(e) par le secteur automobile, doté(e) d'un esprit d'initiative et prêt(e) à relever des défis stimulants, votre profil nous intéresse. Postulez sans tarder en cliquant sur le bouton « Send my resume to the recruiter ».",Besoin d'objectivité | Besoin d'action | Besoin d'autonomie | Organisation,https://www.rekrute.com/offre-emploi-project-leader-recrutement-yazaki-morocco-tanger-181890.html,N/A,2026-04-19T00:34:47.606096
rekrute,Manager de Rayon Epicerie / Biscuiterie | Fès (Maroc),N/A (confidentiel),Fès et région - Maroc,CDI,Commercial / Vente / Export - Distribution (métiers de la) - Secteur Distribution,Junior (1 à 3 ans),Bac +2 Minimum - DEUG,N/A,"Entreprise : Créé en 1986 et côté à la Bourse de Casablanca depuis 2008, le Groupe marocain LabelVie est un acteur économique de référence et leader de la grande distribution au Maroc. En 2009, à travers la signature du contrat de franchise avec le Groupe Carrefour, il accède à sa centrale d’achat pour optimiser et diversifier son sourcing. Il devient ainsi le premier acteur multi-formats de la grande distribution au Maroc par l’exploitation des hypermarchés Carrefour, des supermarchés Carrefour Market et du format hyper cash Atacadao. Le Groupe LabelVie présente chaque année un plan de développement soutenu renforçant ainsi renforce sa présence territoriale avec ses 121 magasins répartis dans 27 villes du royaume et ses 3 plateformes logistiques. En 2020, il a accueilli 50 millions de visiteurs et a réalisé un chiffre d’affaire de 11 milliards de dirhams. Convaincu que son succès passe à travers le succès de tous les collaborateurs, le Groupe LabelVie est l’un des premiers employeurs privés au Maroc, et place l’humain au centre de toutes ses préoccupations. Ce sont ainsi plus de 8 500 collaborateurs, dont 30% de femmes, qui œuvrent chaque jour à faire du Groupe LabelVie, le leader de la grande distribution au Maroc. Rejoignez un groupe ambitieux qui croit au défi, à la création de valeur ajoutée et à l’engagement sociétal ! | Poste : Vos missions sont : Assurer une bonne gestion du rayon, Atteindre les objectifs, marges, stocks, productivité, casse et taux de ruptures, Établir les plannings hebdomadaires, Organiser le travail de votre équipe et assurer son accompagnement, Respecter la politique commerciale du groupe / fidéliser la clientèle, Contrôler le respect des normes d'hygiène et de sécurité, Passer les commandes, les réceptionner et gérer le stock. | Profil recherché : De formation Bac +3 minimum en Commerce/Gestion, vous justifiez d'une expérience de 3 ans et plus dans la Biscuiterie dans laquelle vous avez développé les compétences suivantes : Techniques de merchandising, de négociation, et d'animation d'équipe, Capacité d'établir des propositions pour améliorer des résultats, Lecture de tableau de bord et d'indicateurs de suivi.",Volonté de persuasion | Extraversion | Intuition / Spontanéité | Ambition | Recherche de nouveauté,https://www.rekrute.com/offre-emploi-manager-de-rayon-epicerie-biscuiterie-recrutement-groupe-labelvie---carrefour-fes-181889.html,N/A,2026-04-19T00:34:49.921140
rekrute,Agent Logistique | Casablanca (Maroc),Fondée en 1992,Casablanca et région - Maroc,CDI,Logistique / Transport (métiers de)                                                                 - Secteur Transport / Messagerie / Logistique								- Import / Export / Négoce,Débutant (-1 an) - Junior (1 à 3 ans),Bac +2 Minimum - Formation professionnelle - Licence,N/A,"Entreprise : Fondée en 1992, TOP BUSINESS est aujourd’hui le leader marocain de l’importation et de la distribution des articles scolaires et des fournitures de bureau. Représentant exclusif de grandes marques internationales telles que Monami, Casio, Pelikan, Shiny, Deli, Claire Fontaine, Exacompta, Yosan, Pensan, Camat, Alpha, Kw-Trio, Express, Alif, JKC, MarwaColor, Mintra , TOP BUSINESS est aujourd’hui le 1er distributeur de fournitures de bureau au Maroc. Notre mission est simple : offrir à nos clients des produits de qualité, fiables et innovants, tout en construisant une relation durable avec nos partenaires. Nos valeurs, votre futur cadre de travail ! Chez TOP BUSINESS , nous croyons que la performance ne se limite pas aux chiffres: elle repose sur une culture d’entreprise humaine et inspirante. Respect et intégrité : un environnement où la transparence et la confiance sont essentielles. Esprit de famille : une équipe soudée qui avance ensemble et célèbre ses réussites collectives. Engagement et responsabilité : l’autonomie et l’implication de chacun sont encouragées pour atteindre l’excellence. Innovation : une culture tournée vers la créativité et l’amélioration continue, afin de proposer des solutions nouvelles et adaptées aux défis de demain. Depuis 1992, TOP BUSINESS construit son succès grâce à ses collaborateurs. Aujourd’hui, nous cherchons des talents prêts à écrire la suite de cette histoire avec nous. | Poste : Rejoignez une entreprise dynamique dans le secteur de la Distribution en tant qu' Agent Logistique , au cœur de Casablanca . Votre rôle sera essentiel au bon fonctionnement de nos opérations, en garantissant la fluidité et l'efficacité de notre chaîne d'approvisionnement. L'objectif principal de ce poste est d'assurer la gestion opérationnelle des flux de marchandises, depuis leur réception jusqu'à leur expédition. Il s'agira de contribuer activement à l'optimisation des processus logistiques pour satisfaire nos clients et partenaires. Vos missions quotidiennes comprendront diverses tâches clés : Assurer la gestion des processus logistiques et le suivi des livraisons. Participer au traitement des éventuelles réclamations avec les transporteurs. Suivre la productivité des agents d’entrepôt et proposer des actions d’amélioration. Effectuer la saisie des inventaires et des transferts intersites. Collaborer avec le service commercial afin de garantir la fluidité des opérations et la satisfaction des clients. Contribuer à l'amélioration continue des procédures logistiques. | Profil recherché : Pour exceller dans ce rôle, une formation de niveau Bac +2 est requise, idéalement spécialisée en Logistique ou Transport . Une première expérience professionnelle de 1 à 3 ans dans un environnement logistique sera un atout majeur pour réussir dans ce poste. Nous recherchons une personne organisée, rigoureuse et proactive, dotée d'un bon sens de l'observation. La maîtrise des outils de gestion de stock et une bonne connaissance des procédures logistiques sont attendues. Une aisance relationnelle et un esprit d'équipe seront également appréciés. Excellente maîtrise des outils bureautiques et des systèmes de gestion logistique. La connaissance d’un WMS (Warehouse Management System) constitue un atout apprécié. Capacité à travailler dans un environnement dynamique. Rigueur et précision dans l'exécution des tâches. Sens de l'organisation et gestion des priorités. Esprit d'équipe et bon communicant. Si vous vous reconnaissez dans ce profil et que cette aventure vous motive, n'attendez plus !",Flexibilité | Besoin de réflexion | Travail en équipe | Implication au travail | Ambition | Organisation,https://www.rekrute.com/offre-emploi-agent-logistique-recrutement-top-business-casablanca-181888.html,N/A,2026-04-19T00:34:52.535705
rekrute,Infographiste | Casablanca (Maroc),Fondée en 1992,Casablanca et région - Maroc,CDI,Communication / Publicité / RP - Marketing - Secteur Internet / Multimédia,Intermédiaire (3 à 5 ans),Bac +2 Minimum - Formation spécialisée - Licence,N/A,"Entreprise : Fondée en 1992 , TOP BUSINESS est aujourd’hui le leader marocain de l’importation et de la distribution des articles scolaires et des fournitures de bureau. Représentant exclusif de grandes marques internationales telles que Monami, Casio, Pelikan, Shiny, Deli, Claire Fontaine, Exacompta, Yosan, Pensan, Camat, Alpha, Kw-Trio, Express, Alif, JKC, MarwaColor, Mintra , TOP BUSINESS est aujourd’hui le 1er distributeur de fournitures de bureau au Maroc. Notre mission est simple : offrir à nos clients des produits de qualité, fiables et innovants, tout en construisant une relation durable avec nos partenaires. Nos valeurs, votre futur cadre de travail ! Chez TOP BUSINESS , nous croyons que la performance ne se limite pas aux chiffres: elle repose sur une culture d’entreprise humaine et inspirante. Respect et intégrité : un environnement où la transparence et la confiance sont essentielles. Esprit de famille : une équipe soudée qui avance ensemble et célèbre ses réussites collectives. Engagement et responsabilité : l’autonomie et l’implication de chacun sont encouragées pour atteindre l’excellence. Innovation : une culture tournée vers la créativité et l’amélioration continue, afin de proposer des solutions nouvelles et adaptées aux défis de demain. Depuis 1992, TOP BUSINESS construit son succès grâce à ses collaborateurs. Aujourd’hui, nous cherchons des talents prêts à écrire la suite de cette histoire avec nous. | Poste : Dans le cadre du renforcement de notre équipe Design & Création, TOP BUSINESS, recherche un Infographiste passionné(e) ! Si vous avez à cœur de donner vie à des concepts visuels percutants et de contribuer activement à l'image de marque d'une enseigne dynamique, cette opportunité est faite pour vous. Au sein d'une équipe créative et stimulante, votre mission principale sera de concevoir et de réaliser des supports graphiques variés, en veillant à la cohérence et à l'impact visuel. Vos objectifs seront de traduire les stratégies de communication en visuels attrayants, d'assurer une production graphique de haute qualité dans le respect des délais, et de proposer des idées innovantes pour renforcer notre présence sur le marché. Vos principales tâches comprendront : Concevoir et réaliser des supports de communication print et digitaux (affiches, brochures, bannières web, visuels pour réseaux sociaux, etc.). Adapter les visuels aux différents supports et formats. Collaborer étroitement avec les équipes marketing et commercial pour comprendre les briefs et valider les concepts. Assurer une veille graphique et technologique pour proposer des solutions créatives et modernes. Gérer les bibliothèques d'images et les éléments graphiques. Respecter la charte graphique de l'entreprise et assurer sa déclinaison sur tous les supports. | Profil recherché : Idéalement, vous possédez une formation de niveau Bac +2 et/ou plus, en design graphique, arts visuels ou domaine connexe. Une expérience plus de 3 ans dans une fonction similaire est requise, vous permettant de maîtriser les outils et les techniques de la création graphique. Pour exceller dans ce rôle, les compétences suivantes sont essentielles : Excellente maîtrise des logiciels de création graphique : Adobe Creative Suite (Illustrator, Photoshop, InDesign). Maitrise de l'image fixe et animé. Connaissance des tendances en design graphique et en médias sociaux. Sensibilité artistique et créativité développée. Capacité à travailler en équipe et à gérer plusieurs projets simultanément. Rigueur, organisation et respect des délais. Si vous vous reconnaissez dans ce profil et que cette aventure vous motive, n'attendez plus !",Recherche de nouveauté | Créativité | Flexibilité | Travail en équipe | Implication au travail | Organisation,https://www.rekrute.com/offre-emploi-infographiste-recrutement-top-business-casablanca-181342.html,N/A,2026-04-19T00:34:55.783276
rekrute,Brand Manager | Casablanca (Maroc),Fondée en 1992,Casablanca et région - Maroc,CDI,Marketing                                                                 - Secteur Distribution,Intermédiaire (3 à 5 ans),Bac +5 et plus - Ecole de commerce - Master,N/A,"Entreprise : Fondée en 1992 , TOP BUSINESS est aujourd’hui le leader marocain de l’importation et de la distribution des articles scolaires et des fournitures de bureau. Représentant exclusif de grandes marques internationales telles que Monami, Casio, Pelikan, Shiny, Deli, Claire Fontaine, Exacompta, Yosan, Pensan, Camat, Alpha, Kw-Trio, Express, Alif, JKC, MarwaColor, Mintra , TOP BUSINESS est aujourd’hui le 1er distributeur de fournitures de bureau au Maroc . Notre mission est simple : offrir à nos clients des produits de qualité, fiables et innovants, tout en construisant une relation durable avec nos partenaires. Nos valeurs, votre futur cadre de travail ! Chez T OP BUSINESS , nous croyons que la performance ne se limite pas aux chiffres: elle repose sur une culture d’entreprise humaine et inspirante. Respect et intégrité : un environnement où la transparence et la confiance sont essentielles. Esprit de famille : une équipe soudée qui avance ensemble et célèbre ses réussites collectives. Engagement et responsabilité : l’autonomie et l’implication de chacun sont encouragées pour atteindre l’excellence. Innovation : une culture tournée vers la créativité et l’amélioration continue, afin de proposer des solutions nouvelles et adaptées aux défis de demain. Depuis 1992, TOP BUSINESS construit son succès grâce à ses collaborateurs. Aujourd’hui, nous cherchons des talents prêts à écrire la suite de cette histoire avec nous. | Poste : Dans le cadre du renforcement de notre équipe Marketing , TOP BUSINESS , recherche un Brand Manager passionné et créatif. Vos principales missions : Veille & analyse marché : suivre les tendances, analyser le comportement des consommateurs et proposer des améliorations produits. Stratégie de marque : définir et piloter la stratégie de développement, assurer la cohérence de la gamme, du packaging et de la communication, développer la présence digitale et l’e-réputation. Marketing & communication : coordonner les campagnes on/offline, développer des partenariats, accompagner les lancements produits et soutenir le réseau de vente. Événementiel : organiser et superviser des événements de marque pour renforcer la notoriété et l’engagement. Gestion budgétaire & KPI : suivre les budgets, analyser les performances et exploiter les insights consommateurs | Profil recherché : Formation : Un niveau d'études Bac +5 et plus est attendu, idéalement dans le domaine du Marketing ou d'une discipline connexe, pour acquérir les bases théoriques et les compétences analytiques nécessaires. Expérience : Une expérience professionnelle de 3 à 5 ans dans un poste similaire, de préférence dans le secteur de la Distribution , vous a permis de développer une solide compréhension des enjeux du marché et des mécanismes de promotion des marques. Compétences : Bonne connaissance des différentes techniques d’études marketing Maîtrise de l’anglais, les contacts internationaux étant fréquents Maitrise avancée de Microsoft Excel Excellentes compétences en analyse, créativité. Sens de l’organisation, autonomie et esprit d’équipe.",Recherche de nouveauté | Créativité | Flexibilité | Besoin de réflexion | Travail en équipe | Implication au travail | Ambition,https://www.rekrute.com/offre-emploi-brand-manager-recrutement-top-business-casablanca-181341.html,N/A,2026-04-19T00:34:58.731009
rekrute,Agent Commercial de Comptoir | Casablanca (Maroc),Fondée en 1992,Casablanca et région - Maroc,CDI,Commercial / Vente / Export                                                                 - Secteur Distribution,Débutant (-1 an) - Junior (1 à 3 ans),Bac +2 Minimum - Ecole de commerce - Licence,N/A,"Entreprise : Fondée en 1992 , TOP BUSINESS est aujourd’hui le leader marocain de l’importation et de la distribution des articles scolaires et des fournitures de bureau. Représentant exclusif de grandes marques internationales telles que Monami, Casio, Pelikan, Shiny, Deli, Claire Fontaine, Exacompta, Yosan, Pensan, Camat, Alpha, Kw-Trio, Express, Alif, JKC, MarwaColor, Mintra , TOP BUSINESS est aujourd’hui le 1er distributeur de fournitures de bureau au Maroc. Notre mission est simple : offrir à nos clients des produits de qualité, fiables et innovants, tout en construisant une relation durable avec nos partenaires. Nos valeurs, votre futur cadre de travail ! Chez TOP BUSINESS , nous croyons que la performance ne se limite pas aux chiffres: elle repose sur une culture d’entreprise humaine et inspirante. Respect et intégrité : un environnement où la transparence et la confiance sont essentielles. Esprit de famille : une équipe soudée qui avance ensemble et célèbre ses réussites collectives. Engagement et responsabilité : l’autonomie et l’implication de chacun sont encouragées pour atteindre l’excellence. Innovation : une culture tournée vers la créativité et l’amélioration continue, afin de proposer des solutions nouvelles et adaptées aux défis de demain. Depuis 1992, TOP BUSINESS construit son succès grâce à ses collaborateurs. Aujourd’hui, nous cherchons des talents prêts à écrire la suite de cette histoire avec nous. | Poste : Dans le cadre du renforcement de notre équipe commerciale, nous recrutons des Agents Commerciaux de Comptoir à Casablanca . C'est une opportunité afin de contribuer activement à notre croissance et de développer vos compétences commerciales dans un environnement stimulant. L'objectif principal de ce poste est d'assurer un service client d'excellence tout en participant activement au développement du chiffre d'affaires. Vous serez un acteur clé dans la fidélisation de notre clientèle et l'atteinte de nos objectifs commerciaux. Vos missions principales incluront : Accueillir et conseiller la clientèle au comptoir : recevoir les clients, écouter leurs besoins et leur proposer des solutions adaptées. Traiter les commandes et assurer le suivi des livraisons : vérification des stocks, validation de la commande sur système, et suivi des commandes client jusqu’à livraison. Assurer la gestion administrative : préparer les devis, les bons de commandes. Gérer les demandes d'informations et les réclamations des clients avec professionnalisme. Participer à la vente et à la gestion des stocks dormants. | Profil recherché : Un niveau d'études Bac +2 est requis, idéalement dans une spécialisation axée sur le Commercial , la Vente . Une première expérience professionnelle d'une durée de 1 à 3 ans dans un rôle similaire est fortement appréciée. Pour exceller dans ce rôle, plusieurs compétences sont essentielles : Un excellent sens du relationnel et une capacité d'écoute développée. Une aisance dans la communication orale et écrite. Une bonne organisation et une rigueur dans le traitement des dossiers. Une connaissance des techniques de vente et de négociation. Une aptitude à travailler en équipe et à atteindre des objectifs. La maîtrise d 'Excel Maitrise du logiciel sage X3 Si vous êtes motivé à l'idée de relever ce défi et que votre profil correspond à ces attentes, n'attendez plus pour postuler !",Volonté de persuasion | Travail en équipe | Implication au travail | Ambition | Organisation,https://www.rekrute.com/offre-emploi-agent-commercial-de-comptoir-recrutement-top-business-casablanca-181357.html,N/A,2026-04-19T00:35:00.830206
rekrute,Responsable Logistique (H/F) | Kénitra (Maroc),Présent depuis 1997 au Maroc,Kénitra et région - Maroc,CDI,Achats / Supply Chain - Logistique / Transport (métiers de) - Secteur Transport / Messagerie / Logistique,Intermédiaire (3 à 5 ans),Bac +5 et plus Minimum - Ecole d'ingénieur,N/A,"Entreprise : Présent depuis 1997 au Maroc, Manpower Group est un acteur international incontournable de l’emploi et de l’insertion sociale dans le monde. Au sein du Royaume Chérifien, nous couvrons l’ensemble du territoire, de Tanger à Laayoune. Nos équipes sont formées pour appuyer les entreprises dans la promotion de l’excellence en matière de gestion du capital humain : Intérim, CDD/CDI, Solutions & Ingénierie RH, Développement du capital humain… Pour nos salariés intérimaires , nous proposons une expérience unique, notamment avec la déclaration de 100% des heures travaillées, la mise en place d’une mutuelle pour tous et un accompagnement personnalisé pour les démarches administratives (bancarisation, CNSS…). Pour nos candidats , nous offrons, conformément aux standards mondiaux de Manpower Group, un processus de sélection, d’évaluation et d’accompagnement à la réussite dans leur nouvelle mission. | Poste : Nous recherchons pour l'un de nos clients un Responsable Logistique. Vous serez responsable de la planification, de la coordination et de l’optimisation de l’ensemble des flux logistiques, depuis l’approvisionnement en matières premières jusqu’à la livraison des produits finis. Vous garantissez la disponibilité des composants, la fiabilité des stocks et la performance globale de la chaîne logistique. Missions principales: Élaborer et suivre le plan d’approvisionnement en matières premières et composants. Assurer la fiabilité du calcul des besoins (MPR) et optimiser les niveaux de stock. Superviser les opérations logistiques internes et externes. Coordonner les flux entre les différents services : production, achats, qualité, transport. Mettre en place des indicateurs de performance (KPI) et piloter l’amélioration continue. Gérer les relations avec les fournisseurs, transporteurs et partenaires logistiques. Garantir la conformité des opérations aux normes qualité, sécurité et délais. | Profil recherché : Classes préparatoires (Math Sup / Math Spé) : obligatoire Diplôme d’ingénieur d’une école étatique : obligatoire 3 à 5 ans d’expérience dans un poste similaire en logistique, supply chain ou planification industrielle. Maîtrise du calcul des besoins en matières et composants (MPR) Excellente compréhension des processus logistiques : approvisionnement, planification, gestion des stocks, transport. Maîtrise des outils informatiques et ERP logistiques. Forte capacité analytique (profil scientifique exigé). Rigueur, sens de l’organisation et autonomie. Leadership naturel et capacité à coordonner plusieurs équipes. Excellente communication en français et en anglais. Orientation résultats et amélioration continue.",Recherche de nouveauté | Respect des règles | Distance émotionnelle | Rationalisme | Besoin d'action | Implication au travail | Organisation,https://www.rekrute.com/offre-emploi-responsable-logistique-hf-recrutement-manpower-agences-kenitra-181886.html,N/A,2026-04-19T00:35:03.177880
rekrute,Artiste 3D | Casablanca (Maroc),Fondée en 1992,Casablanca et région - Maroc,CDI,Communication / Publicité / RP - Marketing - Secteur Internet / Multimédia,Intermédiaire (3 à 5 ans),Bac +2 Minimum - Formation spécialisée,N/A,"Entreprise : Fondée en 1992 , TOP BUSINESS est aujourd’hui le leader marocain de l’importation et de la distribution des articles scolaires et des fournitures de bureau. Représentant exclusif de grandes marques internationales telles que Monami, Casio, Pelikan, Shiny, Deli, Claire Fontaine, Exacompta, Yosan, Pensan, Camat, Alpha, Kw-Trio, Express, Alif, JKC, MarwaColor, Mintra , TOP BUSINESS est aujourd’hui le 1er distributeur de fournitures de bureau au Maroc. Notre mission est simple : offrir à nos clients des produits de qualité, fiables et innovants, tout en construisant une relation durable avec nos partenaires. Nos valeurs, votre futur cadre de travail ! Chez TOP BUSINESS , nous croyons que la performance ne se limite pas aux chiffres: elle repose sur une culture d’entreprise humaine et inspirante. Respect et intégrité : un environnement où la transparence et la confiance sont essentielles. Esprit de famille : une équipe soudée qui avance ensemble et célèbre ses réussites collectives. Engagement et responsabilité : l’autonomie et l’implication de chacun sont encouragées pour atteindre l’excellence. Innovation : une culture tournée vers la créativité et l’amélioration continue, afin de proposer des solutions nouvelles et adaptées aux défis de demain. Depuis 1992, TOP BUSINESS construit son succès grâce à ses collaborateurs. Aujourd’hui, nous cherchons des talents prêts à écrire la suite de cette histoire avec nous. | Poste : Dans le cadre du renforcement de notre équipe Design & Création, TOP BUSINESS, recherche un(e) artiste 3D passionné(e) ! Si vous avez à cœur de donner vie à des concepts visuels percutants et de contribuer activement à l'image de marque d'une enseigne dynamique, cette opportunité est faite pour vous. Au sein d'une équipe créative et stimulante, votre mission principale sera la création de visuels de haute qualité pour divers supports,y compris des modèles 3D, des rendus, des présentations, des brochures, des affiches, des animations et des vidéos. Vos principales tâches comprendront : Concevoir et réaliser des visuels créatifs pour divers supports de communication. Créer des modèles 3D, des textures et des animations pour divers projets. Produire des rendus photoréalistes. Créer des maquettes, des logos, des bannières, des infographies et d'autres éléments graphiques. Participer à la conception et à la mise en page de documents imprimés et numériques. Assurer la qualité et la cohérence des visuels en respectant les délais. Collaborer avec les équipes de marketing et de communication pour comprendre les besoins et les objectifs des projets. Participer aux réunions de brainstorming et apporter des idées créatives. Rester à jour avec les dernières tendances en matière de design graphique. | Profil recherché : Idéalement, vous possédez une formation de niveau Bac +2 en design graphique, arts visuels, ou un domaine connexe.. Une expérience plus de 3 ans dans une fonction similaire est requise, vous permettant de maîtriser les outils et les techniques de la création graphique. Pour exceller dans ce rôle, les compétences suivantes sont essentielles : Excellente maîtrise des logiciels de création graphique : Adobe Creative Suite (Illustrator, Photoshop, InDesign). Compétences en photographie et en retouche d'images. Connaissance des principes de design graphique et de composition. Maîtrise des logiciels de modélisation 3D tels que Cinema 4D, 3DS Max, Blender, etc. Compétences avancées en conception graphique et en typographie. Compétences en rendu et en animation 3D. Capacité à travailler en équipe et à gérer plusieurs projets simultanément. Rigueur, organisation et respect des délais. Être force de proposition. Faire preuve d'adaptation. Faire preuve de disponibilité. Si vous vous reconnaissez dans ce profil et que cette aventure vous motive, n'attendez plus !",Recherche de nouveauté | Créativité | Flexibilité | Travail en équipe | Implication au travail | Organisation,https://www.rekrute.com/offre-emploi-artiste-3d-recrutement-top-business-casablanca-181885.html,N/A,2026-04-19T00:35:05.875572
rekrute,Data Analyste confirmé (H/F) | Rabat (Maroc),BTECHNOLOGIE,Rabat et région - Maroc,CDI,Télécom / Réseaux                                                                 - Secteur Telecom,Intermédiaire (3 à 5 ans),Bac +5 et plus Minimum - Ecole d'ingénieur - Master,N/A,"Entreprise : BTECHNOLOGIE est un centre d’excellence premium au service de Bouygues Telecom filiale du groupe Accenture, visant à augmenter sa capacité de delivery, à améliorer la qualité perçue par ses clients finaux et à accompagner la croissance technologique dans une perspective d’économie décarbonée. Aujourd'hui, le centre compte plus de 500 talents et ambitionne d’atteindre les 1000 talents d’ici 2026. Envie de nouvelles perspectives de carrière ? Nous vous invitons à rejoindre notre centre d'excellence à Rabat, où vous participerez à des projets d'envergure avec une vision à long terme. Chaque jour est une opportunité de relever de nouveaux défis et de contribuer à façonner l'avenir de la technologie. Ensemble, nous bâtissons un avenir innovant, propulsé par votre talent et notre passion pour l'excellence. En intégrant notre équipe, vous serez reconnu(e) comme un collaborateur interne de Bouygues Telecom, acteur majeur des télécommunications. Nos atouts chez BTechnologie : • Bénéficiez d’un accompagnement personnalisé dès votre 1er jour d’arrivée par notre équipe Onboarding et votre futur Manager (accueil au sein de nos locaux à Rabat, journée d’onboarding, petit-déjeuner convivial). • Développez vos compétences techniques, fonctionnelles ou de management, grâce au catalogues de formations Accenture et à l’aide de nos Practice Managers et de leurs communautés. • Faîtes évoluer votre carrière grâce à notre politique de mobilité. | Poste : Nous recherchons un(e) Data Analyste confirmé(e) pour rejoindre notre équipe dynamique. Le poste est basé à Rabat en mode hybride. Votre mission : Analyser et interpréter les données afin de fournir des insights pertinents. Collaborer avec les équipes métiers pour comprendre les besoins et fournir des solutions adaptées. Créer et maintenir des rapports et dashboards pour suivre la performance des projets. Les compétences clés pour ce poste : Power BI : Maîtriser la création de dashboards interactifs et l’analyse visuelle des données. Microsoft Fabric : Avoir une solide expérience avec cet outil pour l’intégration et la gestion de données dans un environnement cloud. Python : Savoir automatiser l’analyse de données et traiter de grands volumes de données. SQL : Maîtriser la rédaction de requêtes complexes, l'optimisation des performances et l'extraction efficace des données à partir de bases de données relationnelles. | Profil recherché : Profil recherché : Être titulaire d’un Bac+5 en Big Data, Data Science, Informatique, ou un domaine similaire. Avoir entre 2 et 5 ans d’expérience en tant que Data Analyste ou dans un rôle similaire. Être à l’aise avec l’analyse, la visualisation et l’interprétation des données pour fournir des recommandations stratégiques. Avoir un très bon niveau de communication en français, tant à l'oral qu'à l'écrit, pour comprendre et identifier précisément les besoins des équipes métiers et y répondre de manière claire et efficace. Savoir travailler en collaboration avec les équipes métiers pour cerner leurs besoins et apporter des solutions adaptées.",Recherche de nouveauté | Besoin de réflexion | Besoin d'autonomie | Implication au travail | Ambition,https://www.rekrute.com/offre-emploi-data-analyste-confirme-hf-recrutement-btechnologie-rabat-181884.html,N/A,2026-04-19T00:35:07.924003
rekrute,Manager Financier. | Marrakech (Maroc),DOMINO RH propose l’ensemble des services RH (intérim,Tanger et région - Maroc,CDI,Gestion / Comptabilité / Finance                                                                 - Secteur Aéronautique / Spatial								- Automobile / Motos / Cycles,Confirmé (5 à 10 ans),Bac +5 et plus Minimum - Ecole de commerce,N/A,"Entreprise : DOMINO RH propose l’ensemble des services RH (intérim, recrutement, conseil, formation, portage, management de transition, évaluation) via ses filiales dédiées. Spécialisé dans chaque domaine du marché (Tertiaire, BTP, logistique, industrie), sa branche médico-sociale est leader national dans le secteur social. Actuellement présent dans 5 pays, son développement international est en forte évolution. La valorisation de chaque personne est la vocation première de DOMINO RH . Au-delà des mots, le groupe encourage les comportements et initiatives permettant d’établir une confiance durable avec les personnes dont il a la charge et l’amélioration constante de ses services. Nos valeurs : Proximité clients et intérimaires • Disponibilité et réactivité • Recherche de solutions innovantes • Esprit de vérité et transparence • Esprit d’équipe et enthousiasme | Poste : Missions principales : -Superviser la gestion financière et budgétaire de l’entreprise -Élaborer et suivre les budgets et les prévisions financières -Assurer le contrôle des coûts et l’optimisation de la performance financière -Produire les reportings financiers pour la direction et le groupe -Veiller au respect des normes comptables et fiscales -Encadrer et accompagner l’équipe financière Profil recherché : -Bac+5 en Finance, Comptabilité, Gestion ou équivalent -Expérience confirmée dans un poste similaire, idéalement dans un environnement multinational -Bonne maîtrise des outils financiers et ERP -Excellentes capacités d’analyse et de gestion -Bon niveau en français et en anglais Poste basé à Tanger Les candidats intéressés sont invités à envoyer leur CV à : Boutaina.dom@gmail.com | Profil recherché : Profil recherché : -Bac+5 en Finance, Comptabilité, Gestion ou équivalent -Expérience confirmée dans un poste similaire, idéalement dans un environnement multinational -Bonne maîtrise des outils financiers et ERP -Excellentes capacités d’analyse et de gestion -Bon niveau en français et en anglais Poste basé à Tanger Les candidats intéressés sont invités à envoyer leur CV à : Boutaina.dom@gmail.com",Conventionnel | Respect des règles | Besoin d'objectivité | Rationalisme | Organisation,https://www.rekrute.com/offre-emploi-manager-financier.-recrutement-domino-hr-morocco-marrakech-181883.html,N/A,2026-04-19T00:35:11.181417
rekrute,Gestionnaire Mutuelle H/F | Casablanca (Maroc),Avec son modèle de banque universelle,Casablanca et région - Maroc,Autre,RH / Personnel / Formation                                                                 - Secteur Banque / Finance,Débutant (-1 an),Bac +3 Maximum - Licence,"• Intégrer une banque leader sur le marché financier tourné vers l’humain et l’innovation et certifiée Top Employeur pour 3 années consécutives. • Bénéficiez d’un environnement de travail stimulant et de nombreuses opportunités de développement professionnel. • Profitez d’avantages compétitifs (rémunération attractive, formations continues, etc.).","Entreprise : Avec son modèle de banque universelle, sa dimension panafricaine, la complémentarité de ses métiers et ses expertises solides, le Groupe Attijariwafa bank est un acteur de référence du secteur financier au Maroc et en Afrique. Attijariwafa bank a su, depuis plus d’un siècle, se réinventer en diversifiant ses métiers, en renouvelant ses offres et en adaptant ses organisations, pour répondre à son ambition de devenir la banque relationnelle de référence. Le Groupe Attijariwafa bank accompagne aujourd’hui près de 10,2 millions de clients particuliers, professionnels, entreprises et institutionnels et mobilise 20 602 collaborateurs dans 25 pays en Afrique, en Europe et au Moyen-Orient. Premier financeur de l’économie nationale, premier collecteur de l’épargne et premier acteur des paiements électroniques au Maroc, les différentes performances du Groupe Attijariwafa bank le confortent dans ses choix stratégiques et le positionnent comme leader incontesté du secteur bancaire et financier national. Le Groupe est un acteur bancaire et financier de premier plan à l'échelle de la région et dispose du réseau d'agences le plus large en Afrique avec plus 5265 Agences bancaires. | Culture de l'entreprise : Attijariwafa bank développe une culture majoritairement orientée coopération , plaçant l’humain, la confiance et l’esprit d’équipe au cœur de son fonctionnement. L’entreprise favorise un management de proximité, fondé sur l’accompagnement, la responsabilisation et la qualité des relations professionnelles. Cette approche collaborative est complétée par une forte exigence de performance, valorisant l’ambition, le dépassement de soi et l’orientation client. Elle intègre également une dynamique d’innovation, encadrée par des processus structurés garantissant fiabilité, efficacité et maîtrise des activités. | Poste : Rattaché(e) à l'entité Relations Sociales et Bien être au Travail, vous serez en charge d'assurer l'analyse et traitement les différentes opérations relatives à la gestion de la Mutuelle et des assurances maladie. A ce titre, vous aurez essentiellement comme missions de : Assurer un suivi et analyse des relevés mensuellement Traiter les réclamations et assurer la coordination avec les assurances Prendre en charge les instances hebdomadaires Réaliser le recouvrement des dossiers coups durs Assurer l'analyse et le contrôle des fichiers de remboursements Elaborer les reportings relatifs à l'activité | Profil recherché : Vous êtes diplômé d'un Bac+2/3 , option Economie, Gestion ou Droit et vous justifiez d’une première expérience dans un poste similaire (Stages inclus). Vous êtes rigoureux, organisé, réactif et vous avez des aptitudes relationnelles confirmées et un sens aigu de la résolution de problèmes. Pourquoi nous rejoindre ? • Intégrer une banque leader sur le marché financier tourné vers l’humain et l’innovation et certifiée Top Employeur pour 3 années consécutives. • Bénéficiez d’un environnement de travail stimulant et de nombreuses opportunités de développement professionnel. • Profitez d’avantages compétitifs (rémunération attractive, formations continues, etc.). Envoyez-nous votre CV, nous sommes impatients de découvrir votre profil !",Organisation,https://www.rekrute.com/offre-emploi-gestionnaire-mutuelle-hf-recrutement-attijariwafa-bank-casablanca-181882.html,N/A,2026-04-19T00:35:13.886173
rekrute,Responsable Magasin Adjoint (H/F) - Tout le Maroc | Casablanca (Maroc),N/A (confidentiel),Tout le Maroc - Maroc,CDI,Commercial / Vente / Export - Distribution (métiers de la) - Secteur Distribution,Junior (1 à 3 ans),Bac +3 Minimum - Université,"« Label'vie s’engage à prévenir toute forme de discrimination et notamment celles fondées sur le sexe ou la situation et les responsabilités familiales. Label'vie s’engage à promouvoir l’égalité des chances entre les hommes et les femmes, en matière d’accès à l’emploi et à la formation, de conditions de travail, de rémunération, d’évolution de carrière et d’accès à des postes à responsabilité ».","Entreprise : Créé en 1986 et côté à la Bourse de Casablanca depuis 2008, le Groupe marocain LabelVie est un acteur économique de référence et leader de la grande distribution au Maroc. En 2009, à travers la signature du contrat de franchise avec le Groupe Carrefour, il accède à sa centrale d’achat pour optimiser et diversifier son sourcing. Il devient ainsi le premier acteur multi-formats de la grande distribution au Maroc par l’exploitation des hypermarchés Carrefour, des supermarchés Carrefour Market et du format hyper cash Atacadao. Le Groupe LabelVie présente chaque année un plan de développement soutenu renforçant ainsi renforce sa présence territoriale avec ses 121 magasins répartis dans 27 villes du royaume et ses 3 plateformes logistiques. En 2020, il a accueilli 50 millions de visiteurs et a réalisé un chiffre d’affaire de 11 milliards de dirhams. Convaincu que son succès passe à travers le succès de tous les collaborateurs, le Groupe LabelVie est l’un des premiers employeurs privés au Maroc, et place l’humain au centre de toutes ses préoccupations. Ce sont ainsi plus de 8 500 collaborateurs, dont 30% de femmes, qui œuvrent chaque jour à faire du Groupe LabelVie, le leader de la grande distribution au Maroc. Rejoignez un groupe ambitieux qui croit au défi, à la création de valeur ajoutée et à l’engagement sociétal ! | Poste : Affecté à un Supermarché et rattaché au Responsable Magasin, votre rôle est d'assurer le développement commercial et l’exploitation du magasin dont vous avez la charge afin de garantir la satisfaction des clients du magasin et la réalisation des objectifs économiques et commerciaux définis. Pour cela vos domaines de résultats sont : Manager, gérer et encadrer une équipe. Superviser la bonne tenue des stocks. Assurer la bonne réception des commandes fournisseurs, le contrôle qualité et des stocks. Gérer les commandes ouvertes et les biens de consommations. Organiser le travail et superviser l'équipe. Leadership, Sens relationnel & de la communication, Capacité d’analyse & de synthèse, Initiative & réactivité et Orientation clients; sont les atouts et facteurs clés de succès de ce poste. | Profil recherché : De formation Bac+5 en Commerce et/ou Management, vous justifiez d'une expérience d'au moins 6 ans en tant que responsable magasin adjoint dans la grande distribution, et dans laquelle vous avez développé les compétences suivantes : Vous avez une capacité à motiver et mobiliser les équipes. Vous avez le goût de l’innovation, le sens du contact et du terrain. Vos qualités d’un bon responsable magasin seront vos avantages de votre réussite à ce poste. « Label'vie s’engage à prévenir toute forme de discrimination et notamment celles fondées sur le sexe ou la situation et les responsabilités familiales. Label'vie s’engage à promouvoir l’égalité des chances entre les hommes et les femmes, en matière d’accès à l’emploi et à la formation, de conditions de travail, de rémunération, d’évolution de carrière et d’accès à des postes à responsabilité ».",Recherche de nouveauté | Respect des règles | Extraversion | Volonté de persuasion | Ambition | Intuition / Spontanéité | Implication au travail | Organisation,https://www.rekrute.com/offre-emploi-responsable-magasin-adjoint-hf---tout-le-maroc-recrutement-groupe-labelvie---carrefour-casablanca-181881.html,N/A,2026-04-19T00:35:16.001291
rekrute,Directeur Magasin Supermarché | Tout le Maroc (Maroc),N/A (confidentiel),Tout le Maroc - Maroc,CDI,Distribution (métiers de la)                                                                 - Secteur Agroalimentaire,Intermédiaire (3 à 5 ans),Bac +5 et plus Minimum - Master,N/A,"Entreprise : Créé en 1986 et côté à la Bourse de Casablanca depuis 2008, le Groupe marocain LabelVie est un acteur économique de référence et leader de la grande distribution au Maroc. En 2009, à travers la signature du contrat de franchise avec le Groupe Carrefour, il accède à sa centrale d’achat pour optimiser et diversifier son sourcing. Il devient ainsi le premier acteur multi-formats de la grande distribution au Maroc par l’exploitation des hypermarchés Carrefour, des supermarchés Carrefour Market et du format hyper cash Atacadao. Le Groupe LabelVie présente chaque année un plan de développement soutenu renforçant ainsi renforce sa présence territoriale avec ses 121 magasins répartis dans 27 villes du royaume et ses 3 plateformes logistiques. En 2020, il a accueilli 50 millions de visiteurs et a réalisé un chiffre d’affaire de 11 milliards de dirhams. Convaincu que son succès passe à travers le succès de tous les collaborateurs, le Groupe LabelVie est l’un des premiers employeurs privés au Maroc, et place l’humain au centre de toutes ses préoccupations. Ce sont ainsi plus de 8 500 collaborateurs, dont 30% de femmes, qui œuvrent chaque jour à faire du Groupe LabelVie, le leader de la grande distribution au Maroc. Rejoignez un groupe ambitieux qui croit au défi, à la création de valeur ajoutée et à l’engagement sociétal ! | Poste : Votre rôle est d'assurer le développement commercial et l’exploitation du magasin dont vous avez la charge afin de garantir la satisfaction des clients du magasin et la réalisation des objectifs économiques et commerciaux définis. Pour cela vos domaines de résultats sont : Recrutement, suivi, fidélisation des clients; Animation commerciale du magasin; Gestion des Marchandises; Management d'équipe; Gestion des actifs du magasin; Pilotage de la performance. | Profil recherché : De formation Bac+4/5 en commerce vous justifiez d’une expérience probante de plus de 8 ans idéalement dans la distribution moderne dont 3 ans dans la gestion d'un centre de profit dans laquelle vous avez développé les compétences suivantes : Capacité à conduire des négociations; Capacité à piloter la performance de l’activité dans son périmètre et suivre les indicateurs; Capacité à maintenir des relations avec les autorités; Capacité à gérer l’actif de son magasin; Leadership, Sens relationnel & de la communication, Capacité d’analyse & de synthèse, Sens relationnel & de la communication, Travail en équipe; sont les atouts et facteurs clés de succès de ce poste.",Recherche de nouveauté | Respect des règles | Implication au travail | Organisation,https://www.rekrute.com/offre-emploi-directeur-magasin-supermarche-recrutement-groupe-labelvie---carrefour-tout-le-maroc-181880.html,N/A,2026-04-19T00:35:19.981862
rekrute,Manager libre service | Casablanca (Maroc),N/A (confidentiel),Casablanca et région - Maroc,CDI,Distribution (métiers de la)                                                                 - Secteur Agroalimentaire								- Distribution,Junior (1 à 3 ans),Bac +2 Minimum - Formation professionnelle,"« Label'vie s’engage à prévenir toute forme de discrimination et notamment celles fondées sur le sexe ou la situation et les responsabilités familiales. Label'vie s’engage à promouvoir l’égalité des chances entre les hommes et les femmes, en matière d’accès à l’emploi et à la formation, de conditions de travail, de rémunération, d’évolution de carrière et d’accès à des postes à responsabilité ».","Entreprise : Créé en 1986 et côté à la Bourse de Casablanca depuis 2008, le Groupe marocain LabelVie est un acteur économique de référence et leader de la grande distribution au Maroc. En 2009, à travers la signature du contrat de franchise avec le Groupe Carrefour, il accède à sa centrale d’achat pour optimiser et diversifier son sourcing. Il devient ainsi le premier acteur multi-formats de la grande distribution au Maroc par l’exploitation des hypermarchés Carrefour, des supermarchés Carrefour Market et du format hyper cash Atacadao. Le Groupe LabelVie présente chaque année un plan de développement soutenu renforçant ainsi renforce sa présence territoriale avec ses 121 magasins répartis dans 27 villes du royaume et ses 3 plateformes logistiques. En 2020, il a accueilli 50 millions de visiteurs et a réalisé un chiffre d’affaire de 11 milliards de dirhams. Convaincu que son succès passe à travers le succès de tous les collaborateurs, le Groupe LabelVie est l’un des premiers employeurs privés au Maroc, et place l’humain au centre de toutes ses préoccupations. Ce sont ainsi plus de 8 500 collaborateurs, dont 30% de femmes, qui œuvrent chaque jour à faire du Groupe LabelVie, le leader de la grande distribution au Maroc. Rejoignez un groupe ambitieux qui croit au défi, à la création de valeur ajoutée et à l’engagement sociétal ! | Poste : Dans le cadre du développement du Groupe, nous recrutons des managers libre service  . Affecté au chef de département, votre rôle est d’assurer la gestion de votre rayon en Market en s’assurant que le résultat de votre chiffre d’affaires et votre rentabilité atteignent les objectifs établis. Pour cela, vos domaines de résultats sont : Garantir les 4P au niveau du Rayon (Place. Prix. Plein. Propre) Animer et développer son rayon à partir des objectifs fixés (Chiffres d'affaires. marge. stock..). Veiller au respect des règles d'hygiène et sécurité des aliments. Respecter la politique commerciale de l'enseigne. Construire une bonne image du département frais et fidéliser la clientèle. Organiser le travail de son équipe et assurer un management de proximité. | Profil recherché : De formation BAC+2, vous justifiez d'une expérience minimum de 2 an sur un poste similaire en grande distribution dans laquelle vous avez développé les compétences suivantes : Capacité à définir la marge et les prix de vente. Capacité à définir les assortiments et les implantations. Capacité à gérer les commandes et de disposer de stocks les plus bas possibles. Capacité d'établir des propositions pour améliorer ses résultats. Capacité à veiller à l'obtention d'une marge raisonnable. Autonomie & réactivité, sens relationnel et de la communication, capacité d'analyse et de synthèse sont les atouts et facteurs clés de succès de ce poste. « Label'vie s’engage à prévenir toute forme de discrimination et notamment celles fondées sur le sexe ou la situation et les responsabilités familiales. Label'vie s’engage à promouvoir l’égalité des chances entre les hommes et les femmes, en matière d’accès à l’emploi et à la formation, de conditions de travail, de rémunération, d’évolution de carrière et d’accès à des postes à responsabilité ».",Recherche de nouveauté | Respect des règles | Implication au travail | Organisation,https://www.rekrute.com/offre-emploi-manager-libre-service-recrutement-groupe-labelvie---carrefour-casablanca-181879.html,N/A,2026-04-19T00:35:23.695355
rekrute,Chef de projet marketing / MOA | Casablanca (Maroc),Acteur incontournable du courtage en Assurances,Casablanca et région - Maroc,CDI,Marketing                                                                 - Secteur Assurance / Courtage								- Autres services,Intermédiaire (3 à 5 ans),Bac +5 et plus Minimum - Master,N/A,"Entreprise : Acteur incontournable du courtage en Assurances, HEOMI construit depuis plus de 25 ans, des programmes d’Assurances à destination des particuliers, des travailleurs non-salariés et des entreprises. Leader Français dans la distribution de produits d’assurance en ligne et précurseur en la matière, HEOMI est résolument tournée vers le digital. Notre force c’est d’appartenir au Groupe FINARE qui s’est construit sur des expertises fortes permettant aux structures du Groupe d’intervenir sur l’ensemble de la chaîne de valeur notamment dans les domaines de l’assurance et de l’épargne. Le Groupe FINARE en quelques mots c’est : plus de 1350 collaborateurs répartis dans 3 pays (France, Luxembourg, Maroc), 3 pôles d’activités (assurance, gestion de patrimoine, services). Régulièrement classé parmi le top 10 des meilleurs courtiers grossiste en Assurances, HEOMI est en constante croissance depuis sa création et nous ne comptons pas nous arrêter là ! Notre ambition : devenir le numéro 1 du courtage en Assurances ! Nos valeurs : Engagement, Performance, Innovation, Capital Humain. Si vous êtes sensible à nos valeurs, alors nous sommes sûrement faits pour nous entendre ! | Culture de l'entreprise : HEOMI se caractérise par une culture fortement orientée vers la performance et la compétition , où l’ambition, le goût du challenge et l’orientation client constituent des leviers majeurs de réussite. Cette dynamique est complétée par une dimension de coopération , favorisant la confiance, la responsabilisation et un management de proximité attentif aux équipes. L’entreprise intègre également une composante d’ innovation , plus mesurée, encourageant l’initiative et l’adaptabilité. Enfin, la culture d’ organisation , moins dominante, apporte un cadre structurant au service de l’efficacité. | Poste : • Piloter les projets de lancement d'offres/services et coordonner les actions avec une communication efficace vers les partenaires internes • Analyser et suivre les principaux indicateurs de performances (affaires nouvelles, taux de transformation, taux de pénétration…etc.) et réaliser des synthèses/reporting • Analyser les retours terrain et faire remonter les demandes d'évolution • Être garant de la réalisation des projets dans le respect des engagements de délais, de budget et de qualité • Rédiger les spécifications fonctionnelles ou Users story • Prioriser les tickets, suivre leur traitement et garantir la communication aux parties prenantes • Valider les applicatifs livrés en collaboration avec le service Informatique • Identifier les axes d’amélioration issus des projets menés (processus, outils, pratiques) et proposer des actions concrètes d’optimisation | Profil recherché : Formation : • Bac+5 et plus en Marketing • Expérience : 2ans d’expérience exigée, • Expérience en pilotage de projets avec engagement sur les livrables . Compétences requises : • Maîtrise des principes fondamentaux du marketing, ainsi que des dernières tendances et techniques. • Capacité à planifier, organiser, coordonner et contrôler toutes les phases d'un projet marketing, en respectant les délais et le budget. • Aptitude à prendre des responsabilités et des initiatives dans son domaine de compétence. • Compétence dans l'élaboration et l'utilisation d'outils de pilotage et de suivi pour évaluer et optimiser les performances des campagnes. • Rigueur, organisation, autonomie, leadership • Maîtrise des méthodologies de gestion de projet agile/scrum et capacité à adapter la méthodologie au projet et aux équipes. • Capacité à coordonner des équipes transverses, en alignant objectifs, dépendances et priorité • Capacité à remonter rapidement les alertes et risques pour anticiper les problèmes. • Capacité à anticiper les échéances, respecter les délais et gérer efficacement les priorités, tout en maintenant un haut niveau de qualité Outils : • Expertise dans l'utilisation des outils marketing • Utilisation des outils collaboratifs Microsoft • Connaissance des outils de suivi de projet : Jira ou équivalent",Recherche de nouveauté | Créativité | Flexibilité | Implication au travail | Organisation,https://www.rekrute.com/offre-emploi-chef-de-projet-marketing-moa-recrutement-heomi-casablanca-181248.html,N/A,2026-04-19T00:35:26.895204
rekrute,Wir stellen ein: Kundenberater (m/w) – Deutsch C1+ | Casablanca | Casablanca (Maroc),Die,Casablanca et région - Maroc,CDI,Centre d'appels (métiers de) - Commercial / Vente / Export - Secteur Centre d'appels								- Centre d'appels,Débutant (-1 an),Bac Minimum,N/A,"Entreprise : Die im Jahr 2003 gegründete OUTSOURCIA-Gruppe ist ein spezialisierter Anbieter im Bereich Outsourcing: Management der Kundenbeziehung aus der Ferne, Multiservice-, mehrsprachige und Multikanal-Lösungen (Callcenter, E-Mail-Management, Chat-Lösungen, Telemarketing und Kundenservice in sozialen Netzwerken), Auslagerung von Backoffice-Prozessen (BPO), digitale Dienstleistungen (Entwicklung spezifischer Anwendungen, Web- oder Mobile-Lösungen, digitale Kommunikation und Community Management) sowie Studien. Heute beschäftigt OUTSOURCIA rund 3.600 Mitarbeitende an 12 Produktionsstandorten in Marokko, Frankreich, Tunesien und Madagaskar und betreut namhafte Kunden wie: Aquarelle, Renault, Total, Orange, Histoire d'Or, Manutan, Marionnaud, Mister Auto, Seloger.com, Veepee usw. Mehr Infos www.outsourcia.com | Culture de l'entreprise : Outsourcia évolue dans une culture principalement orientée vers la performance et la compétition , où l’ambition, le goût du challenge et l’atteinte d’objectifs mesurables constituent des moteurs essentiels. L’entreprise valorise le dépassement de soi, la compétitivité et une forte orientation client, dans une logique de résultats et de positionnement sur le marché. Cette dynamique est complétée par une dimension humaine et collaborative , favorisant la cohésion des équipes, la responsabilisation et le management de proximité. L’innovation et des processus structurés viennent soutenir l’efficacité et l’adaptabilité de l’organisation. | Poste : Du sprichst fließend Deutsch (mindestens C1) und liebst den Kontakt mit Menschen? Dann bist du bei uns genau richtig! Standort: Casablanca Bereich: Kundenservice (Inbound – E-Commerce) Deine Aufgaben: Bearbeitung eingehender Kundenanfragen (Telefon / E-Commerce) Beratung und Unterstützung der Kunden bei Bestellungen, Lieferungen und Produkten Sicherstellung einer hohen Kundenzufriedenheit Professionelle und freundliche Kommunikation im täglichen Kundenkontakt Dein Profil: Sehr gute Deutschkenntnisse (mindestens C1) – Zertifikat erforderlich Kommunikationsstärke und ausgeprägte Kundenorientierung Freude am Austausch mit Kunden und Teamarbeit Auch Berufseinsteiger sind herzlich willkommen! Was wir dir bieten: Dynamisches, junges und motiviertes Team Angenehmes Arbeitsumfeld in Casablanca Schulungen und Entwicklungsmöglichkeiten Attraktive Vorteile und echte Karrierechancen Bereit für den nächsten Schritt? Bewirb dich jetzt und werde Teil unseres Teams! | Profil recherché : Dein Profil: Sehr gute Deutschkenntnisse (mindestens C1) – Zertifikat erforderlich Kommunikationsstärke und ausgeprägte Kundenorientierung Freude am Austausch mit Kunden und Teamarbeit Auch Berufseinsteiger sind herzlich willkommen! Was wir dir bieten: Dynamisches, junges und motiviertes Team Angenehmes Arbeitsumfeld in Casablanca Schulungen und Entwicklungsmöglichkeiten Attraktive Vorteile und echte Karrierechancen Bereit für den nächsten Schritt? Bewirb dich jetzt und werde Teil unseres Teams!",Respect des règles | Volonté de persuasion | Distance émotionnelle | Implication au travail | Ténacité | Besoin d'action | Organisation | Travail en équipe | Extraversion | Intuition / Spontanéité | Ambition | Recherche de nouveauté,https://www.rekrute.com/offre-emploi-wir-stellen-ein-kundenberater-mw-deutsch-c1-casablanca-recrutement-outsourcia-casablanca-181878.html,N/A,2026-04-19T00:35:29.757961
rekrute,IT Helpdesk bilingue (français/anglais) - marché canadien | Casablanca (Maroc),N/A (confidentiel),Casablanca et région - Maroc,CDI,Centre d'appels (métiers de) - Informatique / Electronique - Secteur Centre d'appels								- Offshoring / Nearshoring,Junior (1 à 3 ans) - Intermédiaire (3 à 5 ans),Bac Minimum - Formation spécialisée - Licence,N/A,"Entreprise : Créé en 2003, le groupe OUTSOURCIA est un opérateur spécialisé dans les métiers de l'outsourcing : gestion de la relation client à distance, multiservice, multilingue et multicanal (centres d'appels, gestion des e-mails, solutions de chats, télémarketing et relation client sur les réseaux sociaux), externalisation de métiers de Back Office (BPO), prestations digitales (développement d'applications spécifiques, web ou mobiles, communication digitale et Community Management) et études. À ce jour, OUTSOURCIA, emploie 3600 collaborateurs sur 12 sites de production au Maroc, en France, en Tunisie, à Madagascar et accompagne des clients de renom tels que : Aquarelle, Renault, Total, Orange, Histoire d'Or, Manutan, Marionnaud, Mister Auto, Seloger.com, Veepee, etc. Pour en savoir plus visitez www.outsourcia.com | Culture de l'entreprise : Outsourcia évolue dans une culture principalement orientée vers la performance et la compétition , où l’ambition, le goût du challenge et l’atteinte d’objectifs mesurables constituent des moteurs essentiels. L’entreprise valorise le dépassement de soi, la compétitivité et une forte orientation client, dans une logique de résultats et de positionnement sur le marché. Cette dynamique est complétée par une dimension humaine et collaborative , favorisant la cohésion des équipes, la responsabilisation et le management de proximité. L’innovation et des processus structurés viennent soutenir l’efficacité et l’adaptabilité de l’organisation. | Poste : Au nom de l'un de nos clients, nous recherchons des agents de support technique, parlant couramment le français et l'anglais, avec une expérience significative. Sous la responsabilité du responsable de l'équipe, vos principales missions seront les suivantes : • Recevoir et gérer les demandes des utilisateurs • Surveiller et traiter les incidents techniques • Effectuer un diagnostic complet des incidents pour intervention • Saisir les incidents • Traiter les incidents récurrents • Assurer la qualité du service de support informatique | Profil recherché : - Disponibilité immédiate. - Maîtrise parfaite du français et l'anglais aussi bien à l'oral qu'à l'écrit. - Connaissance des systèmes d'exploitation (Windows, MacOS, etc.) - Capacité à diagnostiquer et à résoudre des problèmes matériels et logiciels. - Compréhension des systèmes de gestion des tickets et des bases de données de support. - Excellentes compétences en communication verbale pour assister les utilisateurs par téléphone ou par chat. - Capacité à rédiger des réponses claires et précises dans des e-mails ou des documents de support. - Capacité à analyser un problème, identifier les causes sous-jacentes et développer des solutions efficaces. - Utilisation systématique des méthodes de résolution de problèmes. - Gestion efficace des tickets de support pour assurer un suivi approprié. - Capacité à prioriser les demandes en fonction de l'urgence et de l'importance. - Capacité à gérer plusieurs demandes de support simultanément. - Maintien de la qualité du service tout en travaillant sur plusieurs tâches. - L'industrie technologique évoluant rapidement, un technicien de support doit être prêt à acquérir de nouvelles compétences et à se tenir à jour.",Recherche de nouveauté | Respect des règles | Volonté de persuasion | Distance émotionnelle | Ténacité | Implication au travail | Ambition | Organisation,https://www.rekrute.com/offre-emploi-it-helpdesk-bilingue-francaisanglais---marche-canadien-recrutement-outsourcia-casablanca-181877.html,N/A,2026-04-19T00:35:31.937976
rekrute,Vendeur itinérant en automobile | El Jadida (Maroc),Fort d’une expérience terrain de plus de 40 ans,Casablanca et région - Maroc,CDI,Centre d'appels (métiers de) - Commercial / Vente / Export - Secteur Automobile / Motos / Cycles								- Centre d'appels,Intermédiaire (3 à 5 ans),Bac +2 Minimum - DEUG - Licence,N/A,"Entreprise : Fort d’une expérience terrain de plus de 40 ans , MESKI Invest est un groupe marocain multi-métiers ayant fait le choix stratégique de la diversification , en intervenant dans les secteurs clés de l’économie marocaine : • Riva Industrie : Industries sidérurgiques • Entreprises Belmekki : Distribution de matériaux de construction • Nadym : Logistique et services de transport routier, transport de marchandises et location camions remorques • Belmekkimmo : Immobilier • Danub : Location de voitures • Ontario : Transport touristique • Jawda Bois : Distribution de bois • Nouveaux métiers innovants en cours de développement dans le cadre du programme national d’accélération industrielle Créateur de valeurs dans plusieurs régions du Royaume, le Groupe a su confirmer au niveau national sa vocation d’ acteur de référence grâce à une expertise humaine et des technologies de pointe. Rejoindre le Groupe Meski Invest , c’est faire partie d’un groupe familial, visionnaire et audacieux qui continue d’entreprendre et d’investir. Tous ses bénéfices sont réinvestis dans le développement au service de cette politique de croissance. Le Groupe est en outre engagé dans le développement économique local et dans le développement durable , reposant sur le savoir-faire et l’implication de ses salariés . Nos collaborateurs, qui sont plus de 2 500 , font la force de notre Groupe. Pour leur offrir des perspectives de carrière intéressantes et attirer de nouveaux talents, nous travaillons continuellement à l’amélioration de nos techniques de management et proposons des opportunités de carrière et une formation continue , tout en veillant à la qualité de l’environnement de travail et à l'établissement de relations sociales professionnelles. | Poste : Rejoignez une entreprise dynamique dans le secteur de la métallurgie / sidérurgie et saisissez l'opportunité de devenir notre prochain VENDEUR ITINÉRANT en automobile . Basé à El Jadida , ce poste est une invitation à développer votre carrière dans un environnement stimulant. Votre rôle sera crucial dans l'expansion de notre portefeuille clients et l'atteinte de nos objectifs commerciaux. Vous deviendrez un ambassadeur de nos produits, naviguant sur le terrain pour tisser des liens durables avec nos partenaires automobiles. En tant que Vendeur Itinérant, vos journées seront rythmées par : La prospection active de nouveaux clients dans le secteur automobile. Avoir une expérience dans les ventes des pièces de rechange La présentation de nos gammes de produits et de leurs avantages concurrentiels. La négociation des contrats commerciaux et le suivi des ventes. La gestion et le développement d'un portefeuille clients existant. Le reporting régulier de vos activités et résultats. La veille concurrentielle et l'identification des opportunités de marché. | Profil recherché : Pour exceller dans ce rôle, un niveau d'études Bac +2 est requis, idéalement dans le domaine du centre d'appels métiers de commercial / vente / export . Une expérience professionnelle de 3 à 5 ans dans un rôle commercial similaire, idéalement avec une affinité pour le secteur automobile, est attendue pour que vous puissiez rapidement prendre vos marques. Au-delà de votre formation et de votre expérience, nous recherchons des qualités intrinsèques qui feront de vous le candidat idéal : Une excellente capacité de communication et d'écoute. Un sens aigu de la négociation et de la persuasion. Une forte orientation client et une aptitude à construire des relations de confiance. Une autonomie et une grande organisation pour gérer efficacement vos déplacements. Une persévérance et une énergie communicative pour relever les défis commerciaux. Une bonne connaissance du secteur automobile serait un atout majeur. Si vous vous reconnaissez dans cette description et que l'idée d'un poste stimulant dans la vente itinérante éveille votre curiosité, n'hésitez plus ! Appliquez dès maintenant pour avoir la chance de rejoindre notre équipe.",Conventionnel | Respect des règles | Introversion,https://www.rekrute.com/offre-emploi-vendeur-itinerant-en-automobile-recrutement-meski-invest---riva-industries-el-jadida-181474.html,N/A,2026-04-19T00:35:34.736972
rekrute,Chargé Clientèle (Bengrir) | Marrakech (Maroc),Présent depuis 1997 au Maroc,Marrakech et région - Maroc,Autre,Commercial / Vente / Export                                                                 - Secteur Autres services,Débutant (-1 an),Bac +2 Minimum - DEUG,Profil recherché : Bon niveau de communication à l’oral et à l’écrit Sens du service et de la relation client Esprit d’équipe et dynamisme Une première expérience en relation client est un plus Rémunération : Salaire fixe de 3000 DH + primes attractives,"Entreprise : Présent depuis 1997 au Maroc, Manpower Group est un acteur international incontournable de l’emploi et de l’insertion sociale dans le monde. Au sein du Royaume Chérifien, nous couvrons l’ensemble du territoire, de Tanger à Laayoune. Nos équipes sont formées pour appuyer les entreprises dans la promotion de l’excellence en matière de gestion du capital humain : Intérim, CDD/CDI, Solutions & Ingénierie RH, Développement du capital humain… Pour nos salariés intérimaires , nous proposons une expérience unique, notamment avec la déclaration de 100% des heures travaillées, la mise en place d’une mutuelle pour tous et un accompagnement personnalisé pour les démarches administratives (bancarisation, CNSS…). Pour nos candidats , nous offrons, conformément aux standards mondiaux de Manpower Group, un processus de sélection, d’évaluation et d’accompagnement à la réussite dans leur nouvelle mission. | Poste : Poste : Chargé(e) de clientèle (Bengrir) Missions : Gérer les appels entrants et sortants Assurer le suivi et la fidélisation des clients Identifier les besoins des clients et proposer des solutions adaptées Traiter les réclamations avec professionnalisme Atteindre les objectifs qualitatifs et quantitatifs fixés | Profil recherché : Profil recherché : Bon niveau de communication à l’oral et à l’écrit Sens du service et de la relation client Esprit d’équipe et dynamisme Une première expérience en relation client est un plus Rémunération : Salaire fixe de 3000 DH + primes attractives",Recherche de nouveauté | Extraversion | Volonté de persuasion | Intuition / Spontanéité | Ambition,https://www.rekrute.com/offre-emploi-charge-clientele-bengrir-recrutement-manpower-agences-marrakech-181875.html,N/A,2026-04-19T00:35:37.662519
rekrute,Conseillers Commerciaux Francophones | Rabat (Maroc),N/A (confidentiel),Rabat et région - Maroc,CDI,Centre d'appels (métiers de)                                                                 - Secteur Centre d'appels,Débutant (-1 an),Bac Minimum,N/A,"Entreprise : Rejoignez Cnexia et faites le choix de faire partie d'un projet qui valorise l'innovation, promeut le developpement continu des competences et donne l'opportunite aux personnes creatives et ambitieuses du domaine des hautes technologies de realiser leurs objectifs professionnels. Fiers de notre statut de filiale Marocaine exclusive de l'operateur telecom historique du Canada, nous n'avons cesse d'elargir nos equipes depuis 2021 avec plus de 1300 employes principalement bases a Fes. Nous venons d'etendre nos activites dans la partie nord du royaume en inaugurant un nouveau site a Rabat afin d'y poursuivre notre croissance avec comme objectif de plus que doubler nos effectifs a l'horizon 2024. A Cnexia nous faisons plus que supporter les clients de notre reseau a taille mondiale et les beneficiaires de nos divers services. Nous developpons des solutions innovantes et creons continuellement du contenu media multiplateforme original. Grace a cela, nous revolutionnons tous les jours la facon avec laquelle les Canadiens communiquent a travers le web et interagissent via des applications mobiles en les faisant beneficier d'une experience amelioree. Si vous etes prets a relever ce defi, nous vous invitons a rejoindre une communaute qui valorise les idees audacieuses et vous donne de multiples opportunites d'accomplissement de carriere dans un environnement multiculturel de classe mondiale ! « Chez Cnexia, nous offrons des opportunites egales a tous, sans distinction de race, couleur, origine, religion, sexe, nationalite, age, citoyennete, statut matrimonial ou handicap. » | Culture de l'entreprise : Cnexia s’inscrit dans une culture fortement orientée vers la performance et la compétition , où l’ambition, le goût du challenge et l’orientation client constituent des moteurs clés de réussite. Cette dynamique est complétée par une dimension de coopération , favorisant la confiance, la solidarité et un management de proximité attentif à l’accompagnement des équipes. Elle intègre également une composante d’ innovation , encourageant l’initiative, l’adaptabilité et l’expérimentation. Enfin, une culture d’ organisation structurée soutient l’ensemble par la rigueur des processus, la fiabilité et l’efficacité opérationnelle. | Poste : Avez-vous une bonne fibre commerciale ? CE POSTE EST FAIT POUR VOUS !Dans ce contexte, vous serez charge de : | Profil recherché : Dans ce contexte, vous serez charge de : - Detecter les besoins de nos clients afin de leur proposer la meilleure offre. - Developper le portefeuille de clients (demarchage, prospection, veille, benchmarking, etc.). - Commercialiser et promouvoir les produits (Internet, fixe et TV). - Effectuer un suivi des ventes et s'assurer de leur bon deroulement. Profil Recherche Baccalaureat ou un niveau Baccalaureat avec minimum de 6 mois d'experience. Une parfaite connaissance des Techniques de vente. Une disponibilite 24h/24 (Shift nuit par rotation). Une tres bonne maitrise de la langue francaise . Un bon sens relationnel avec un esprit du challenge. Bonne elocution, disponible, courtois, et perseverant Avantages sociaux et autres Avantages sociaux et autres Une formation remuneree des le premier jour Un contrat a duree indeterminee Une securite sociale. Des Primes deplafonnees. Une assurance maladie privee avec un taux de remboursement interessant. Un transport gratuitement assure.",Respect des règles | Volonté de persuasion | Distance émotionnelle | Implication au travail | Ténacité | Besoin d'action | Organisation | Travail en équipe,https://www.rekrute.com/offre-emploi-conseillers-commerciaux-francophones-recrutement-cnexia-rabat-181874.html,N/A,2026-04-19T00:35:40.172848
rekrute,Directeur de la Restauration | Marrakech (Maroc),Situé au coeur du prestigieux quartier de l'Hivernage,Marrakech et région - Maroc,CDI,Hôtellerie / Restauration (métiers de)                                                                 - Secteur Hôtellerie / Restauration,Confirmé (5 à 10 ans),Bac +3 Minimum - Master,N/A,"Entreprise : Situé au coeur du prestigieux quartier de l'Hivernage, le Es Saadi Marrakech Resort incarne l'élégance et le raffinement à la marocaine. Le complexe s'étale sur 9 hectares de parc luxuriant et se compose d'un hôtel 5 étoiles de 149 chambres. Ouvert depuis 1966, Es Saadi dispose également d'un somptueux Palace abritant 81 suites, ainsi que de 10 villas privées et 8 ksars au charme authentique. Le Resort propose enfin 13 restaurants et bars, deux Spas dont l'un signé Dior, et un pôle Entertainment. Le Es Saadi Marrakech Resort s'impose comme une référence incontournable du luxe discret, de l'art de recevoir et d'expériences uniques. Rejoindre le Es Saadi Marrakech Resort , c'est bien plus qu'intégrer un établissement d'exception : c'est participer à une aventure humaine portée par des valeurs fortes de passion, d'excellence et d'authenticité. Depuis plus de 50 ans, notre maison cultive un art de vivre unique, en alliant l'élégance du service 5 étoiles à la richesse de la culture marocaine. Nous sommes fiers d'offrir à nos collaborateurs un cadre de travail inspirant, au cœur d'un environnement luxuriant, où la transmission du savoir-faire et la reconnaissance des talents sont au cœur de notre vision managériale. Notre ambition est de rassembler des talents animés par l'envie de s'investir dans une hôtellerie de prestige et de contribuer à des expériences clients inoubliables. Rejoindre notre équipe, c'est bénéficier d'un accompagnement sur mesure, de formations régulières, et de véritables perspectives d'évolution au sein d'un groupe familial, à taille humaine et tourné vers l'avenir. Que votre parcours soit déjà riche ou en pleine construction, si vous avez le sens du détail, l'amour du service et le goût de l'excellence, nous serions heureux de vous accueillir parmi nous. | Culture de l'entreprise : Es Saadi Marrakech Resort se distingue par une culture très fortement orientée vers la coopération , plaçant l’humain, le bien-être et la qualité des relations au cœur de son fonctionnement. Les équipes évoluent dans un environnement bienveillant, fondé sur la confiance, la solidarité et un management de proximité jouant un rôle de mentor et d’accompagnateur. Cette culture est complétée de manière équilibrée par des dimensions d’ innovation et d’ organisation , favorisant à la fois la créativité, l’initiative et la rigueur des processus. La compétition occupe une place marginale, laissant la priorité à la collaboration et à l’engagement collectif au service de l’excellence de l’expérience client. | Poste : Rejoignez un établissement prestigieux au cœur de Marrakech et prenez les rênes de notre univers gastronomique en tant que Directeur de la Restauration . Vous piloterez une équipe passionnée dans le secteur de l' Hôtellerie / Restauration , garantissant une expérience culinaire d'exception pour notre clientèle. Votre ambition sera de garantir la satisfaction client dans tous nos points de restauration, d'optimiser la rentabilité de ces services, tout en veillant à la qualité irréprochable des prestations offertes. Vos journées seront rythmées par la supervision des opérations quotidiennes, l'élaboration et le suivi des budgets, la gestion des équipes, le développement de nouvelles offres et l'assurance du respect des normes d'hygiène et de sécurité. Vous serez le garant de l' excellence opérationnelle et de l' innovation . | Profil recherché : Un diplôme de niveau Bac +3 est requis pour ce poste. Une expérience significative de 3 à 5 ans dans des fonctions similaires, idéalement acquise dans le secteur de l'hôtellerie de luxe, est indispensable pour relever ce défi. Vous possédez d'excellentes compétences en gestion d'équipe , en management et en communication . Votre sens aigu des affaires, votre créativité et votre capacité à travailler sous pression seront des atouts majeurs. La connaissance des produits et des tendances culinaires est primordiale.",Extraversion | Sensibilité émotionnelle | Flexibilité | Organisation,https://www.rekrute.com/offre-emploi-directeur-de-la-restauration-recrutement-es-saadi-marrakech-resort-marrakech-181873.html,N/A,2026-04-19T00:35:42.614307
rekrute,Contrôleur de Gestion industriel  H/F | Meknès (Maroc),N/A (confidentiel),Meknès et région - Maroc,CDI,Audit / Conseil - Gestion / Comptabilité / Finance - Secteur BTP / Génie Civil								- Import / Export / Négoce,Junior (1 à 3 ans),Bac +3 Minimum - Master,N/A,"Entreprise : Groupe industriel et commercial d'envergure nationale, reconnu pour son expertise dans divers secteurs stratégiques, recherche à renforcer ses équipes dans le cadre de son développement continu. Fort d'une présence établie sur le marché marocain, le groupe se distingue par son engagement envers l'excellence, l'innovation et la durabilité. Nous offrons un environnement stimulant, propice à l'évolution professionnelle, au sein d'une structure valorisant la performance et la collaboration. | Poste : Vous recherchez un poste stimulant dans un secteur dynamique ? Rejoignez notre entreprise leader dans son domaine (Plusieurs secteurs d'activité) ,Basée à Meknès, notre société vous offre une opportunité unique d’intégrer une équipe performante et ambitieuse. Elaboration et suivi budgétaire : Participer activement à la construction du budget annuel, au suivi des performances et à l'analyse des écarts. Contrôle de gestion opérationnelle : Analyser les résultats de l'activité, identifierez les axes d'amélioration et proposerez des plans d'actions. Reporting et analyse financière : Etablir des reportings réguliers, clairs et concis, présentant une analyse pertinente des indicateurs clés de performance (KPI). Participation aux projets stratégiques : Contribuer à l'analyse financière des projets et apporterez votre expertise dans la prise de décision. Amélioration des processus : Contribuer à l'optimisation des processus de contrôle de gestion. Participer à la formalisation des procédures internes et veiller à leur bonne application par les équipes opérationnelles. Contrôler le respect des règles et processus internes dans une logique d’amélioration continue. | Profil recherché : Compétences exigées pour le poste : Formation(s) de base(s) : Bac+4. Formation(s) spécifique(s) : Une spécialisation en audit/conseil, gestion/comptabilité ou finance. Expériences professionnelles dans un poste similaire : 3 ans ou plus. Autres expériences : Management & leadership Aptitudes individuelles : Conscience professionnelle (Assiduité, ponctualité, rigueur et persévérance). Aspects intellectuels : Avoir un esprit de synthèse, logique et de raisonnement. Aspects relationnels : Avoir une forte capacité relationnelle, l’attention, l’écoute, la communication, disponibilité, avoir l’esprit d’équipe et du leadership, être capable d’animer des réunions, être persuasif, avoir le sens de l’analyse. Aspects méthodiques : Etre méthodique, avoir l’esprit de l’initiative et le sens de l’organisation. Conditions particulières : Esprit d'initiative et proactivité.",Respect des règles | Conventionnel | Besoin de réflexion | Organisation,https://www.rekrute.com/offre-emploi-controleur-de-gestion-industriel-hf-recrutement-confidentiel-meknes-181340.html,N/A,2026-04-19T00:35:45.994956
rekrute,Traffic Manager (H/F) | Casablanca (Maroc),ADVERWEB DIGITAL & I.A,Casablanca et région - Maroc,CDI,Communication / Publicité / RP - Marketing - Secteur Agence pub / Marketing Direct								- Conseil / Etudes,Intermédiaire (3 à 5 ans) - Confirmé (5 à 10 ans),Bac +5 et plus Minimum - Ecole de commerce - Master,N/A,"Entreprise : ADVERWEB DIGITAL & I.A. est une agence de communication digitale spécialisée dans le conseil stratégique et la mise en place de solutions digitales sur mesure, combinant des mix-médias performants pour aider les marques à atteindre leurs objectifs de visibilité et de conversion. Forte de plus de 10 ans d’expérience, l’agence accompagne ses clients dans leur croissance aussi bien online qu’offline. Elle s’appuie sur une équipe d’une vingtaine de collaborateurs multi-experts, passionnés par le digital et animés par une forte culture de la performance, de l’innovation et des résultats. Engagée et ambitieuse, ADVERWEB DIGITAL & I.A. se positionne comme un véritable partenaire de confiance, dédié à booster les marques intelligentes et à relever chaque jour de nouveaux challenges. | Poste : En tant que Traffic Manager , vous gérerez les missions suivantes : Gérer le trafic digital de l’agence : concevoir et déployer des stratégies digitales innovantes et efficaces afin d’augmenter la visibilité et le trafic sur l’ensemble des plateformes des clients de l’agence. Optimiser les performances des campagnes : analyser les données et les KPI’s, élaborer des stratégies performantes, tester de nouvelles solutions et ajuster les campagnes en continu pour maximiser les résultats. Assurer une veille permanente du marché : suivre les tendances digitales et créatives ainsi que les pratiques du marché local et mondiale afin de conserver un avantage compétitif. Collaborer avec les équipes : travailler en étroite collaboration avec les équipes marketing, les partenaires fournisseurs, les créatifs et les équipes techniques techniques (au sein de l’agence et chez l’annonceur) pour garantir une expérience utilisateur optimale. Innover : proposer des concepts originaux et pertinents pour capter et fidéliser l’audience. | Profil recherché : Vous êtes titulaire d’un Master en marketing digital et justifiez d’au moins 5 ans d’expérience dans un poste similaire, avec une expertise en gestion du trafic (acquisition, display, retargeting, etc.). Vous maîtrisez les principaux outils de planification, de sponsoring (Google ads, Meta Ads, Tiktok Ads, Linkedin Ads, Youtube, pinterest, snapchat, etc…) et d’analyse web tels que Google Analytics, Data Studio ou Tag Manager. Vous disposez d’une solide expertise en SEO et SEA, et êtes capable d’optimiser les budgets afin de maximiser le ROI. Vous appréciez le travail en équipe et êtes motivé(e) par des défis ambitieux au quotidien. Créatif(ve) et réactif(ve), vous êtes constamment à la recherche de nouvelles idées pour capter et engager votre audience. Organisé(e) et rigoureux(se), vous savez gérer efficacement vos priorités et respecter les délais. Vous disposez d’une excellente aisance relationnelle et communicationnelle, facilitant les échanges avec vos interlocuteurs internes et externes.",Recherche de nouveauté | Extraversion | Flexibilité | Ambition | Organisation,https://www.rekrute.com/offre-emploi-traffic-manager-hf-recrutement-adverweb-casablanca-181517.html,N/A,2026-04-19T00:35:48.976014
rekrute,Contrôleur Interne (H/F) | Casablanca (Maroc),Présent depuis 1997 au Maroc,Casablanca et région - Maroc,CDI,Audit / Conseil - Gestion / Comptabilité / Finance - Secteur Assurance / Courtage								- Banque / Finance,Confirmé (5 à 10 ans),Bac +5 et plus Minimum - Master,N/A,"Entreprise : Présent depuis 1997 au Maroc, Manpower Group est un acteur international incontournable de l’emploi et de l’insertion sociale dans le monde. Au sein du Royaume Chérifien, nous couvrons l’ensemble du territoire, de Tanger à Laayoune. Nos équipes sont formées pour appuyer les entreprises dans la promotion de l’excellence en matière de gestion du capital humain : Intérim, CDD/CDI, Solutions & Ingénierie RH, Développement du capital humain… Pour nos salariés intérimaires , nous proposons une expérience unique, notamment avec la déclaration de 100% des heures travaillées, la mise en place d’une mutuelle pour tous et un accompagnement personnalisé pour les démarches administratives (bancarisation, CNSS…). Pour nos candidats , nous offrons, conformément aux standards mondiaux de Manpower Group, un processus de sélection, d’évaluation et d’accompagnement à la réussite dans leur nouvelle mission. | Poste : Nous recherchons pour l'un de nos clients un Contrôleur Interne confirmé disposant d’une solide expérience dans les secteurs assurance ou bancaire. Vous jouerez un rôle clé dans la maîtrise des risques, l’amélioration continue des processus et la conformité réglementaire. Missions principales: Piloter et mettre en œuvre le plan de contrôle interne annuel. Réaliser des revues de processus, identifier les risques et proposer des plans d’actions correctifs. Évaluer l’efficacité des dispositifs de contrôle existants et formuler des recommandations opérationnelles. Contribuer à la cartographie des risques et à la mise à jour des procédures internes. Assurer un suivi rigoureux des actions correctives avec les équipes opérationnelles. Préparer les reportings destinés à la direction et aux autorités de supervision. Participer à la veille réglementaire et garantir la conformité aux normes internes et externes. | Profil recherché : Bac+5 en Audit, Finance ou équivalent. Expérience confirmée (5 ans minimum) en contrôle interne, audit interne ou gestion des risques, idéalement en assurance ou banque. Maîtrise des référentiels de contrôle interne et des réglementations sectorielles. Anglais professionnel (écrit et oral). Excellentes capacités d’analyse, de synthèse et de communication. Sens de la rigueur, autonomie, esprit critique et capacité à challenger les pratiques existantes. Aisance dans la collaboration avec des interlocuteurs variés (opérationnels, direction, conformité, audit).",Conventionnel | Respect des règles | Besoin d'objectivité | Rationalisme | Flexibilité | Besoin de réflexion | Organisation,https://www.rekrute.com/offre-emploi-controleur-interne-hf-recrutement-manpower-agences-casablanca-181872.html,N/A,2026-04-19T00:35:51.796328
rekrute,Contrôleur de gestion confirmé | Casablanca (Maroc),PwC développe au Maroc des missions d’audit,Casablanca et région - Maroc,CDI,Audit / Conseil - Gestion / Comptabilité / Finance - Secteur Comptabilité / Audit,Intermédiaire (3 à 5 ans),Bac +5 et plus Minimum - Master,N/A,"Entreprise : PwC développe au Maroc des missions d’audit, d’expertise comptable et de conseil créatrices de valeur pour ses clients, privilégiant des approches sectorielles. Dans le monde, plus de 236 000 personnes travaillent en réseau dans 158 pays, partageant points de vues, expériences et solutions pour proposer des perspectives innovantes et des conseils adaptés à chaque problématique. Au Maroc, PwC développe cette approche à travers deux entités juridiques, membres du réseau international PwC : PwC Maroc (Audit, Expertise Comptable et Conseil Fiscal) et PwC Advisory (Stratégie et Consulting, Fusions et Acquisitions et Conseil Juridique). PwC Maroc et PwC Advisory travaillent en étroite collaboration avec l’ensemble des autres entités membres du réseau international PwC. Elles peuvent ainsi faire bénéficier leurs clients, au Maroc, des expertises techniques et sectorielles de l’ensemble du réseau et apporter ainsi des prestations à haute valeur ajoutée. | Culture de l'entreprise : PwC se caractérise par une culture fortement structurée et orientée organisation , où la rigueur des processus, la fiabilité et l’exigence de qualité constituent des piliers de la performance. Cette approche est étroitement complétée par une dimension collaborative de même intensité , favorisant la confiance, l’engagement collectif et un management de proximité axé sur l’accompagnement des talents. La recherche de résultats mesurables et la réputation du cabinet introduisent une logique de compétition maîtrisée , tandis que l’innovation, bien que présente, demeure plus encadrée et secondaire. | Poste : Dans le cadre du développement de ses activités, PwC Business Services recherche un(e) Contrôleur de gestion. Au sein d’une équipe dédiée, vos missions sont : Missions : • Élaborer et suivre les prévisions budgétaires. • Assurer le suivi et l'analyse des performances. • Mettre en place et suivre les indicateurs de performance (KPI). • Participer aux clôtures mensuelles et annuelles, en garantissant la fiabilité des informations financières. • Suivre les écarts entre les prévisions budgétaires et les résultats réels, en proposant des actions correctives si nécessaire. • Collaborer avec les équipes pour optimiser les processus et la qualité de remontée d’information. • Contribuer au développement et à l'amélioration des systèmes d'information de gestion. | Profil recherché : • Formation : Bac+5 en Finance ou Contrôle de Gestion • Expérience de 3 à 5 ans dans un poste similaire. • Grande rigueur et souci du détail. • Sens de l’organisation et esprit d’initiative. • Très bon niveau de communication. Compétences techniques : • Excellente maîtrise des outils d’analyse de données et de reporting. • Bonne connaissance des systèmes d'information et de SAP.",Conventionnel | Respect des règles | Besoin d'objectivité | Rationalisme | Flexibilité | Besoin de réflexion | Organisation,https://www.rekrute.com/offre-emploi-controleur-de-gestion-confirme-recrutement-pwc-casablanca-181871.html,N/A,2026-04-19T00:35:54.771971
rekrute,Conseillers Commerciaux en Assurance santé – Émission d’Appels | Casablanca (Maroc),Acteur incontournable du courtage en Assurances,Casablanca et région - Maroc,CDI,Centre d'appels (métiers de)                                                                 - Secteur Centre d'appels,Junior (1 à 3 ans),Bac +2 Minimum - Baccalauréat,Salaire proposé : 4000 - 6000 DH nets mensuels,"Entreprise : Acteur incontournable du courtage en Assurances, HEOMI construit depuis plus de 25 ans, des programmes d’Assurances à destination des particuliers, des travailleurs non-salariés et des entreprises. Leader Français dans la distribution de produits d’assurance en ligne et précurseur en la matière, HEOMI est résolument tournée vers le digital. Notre force c’est d’appartenir au Groupe FINARE qui s’est construit sur des expertises fortes permettant aux structures du Groupe d’intervenir sur l’ensemble de la chaîne de valeur notamment dans les domaines de l’assurance et de l’épargne. Le Groupe FINARE en quelques mots c’est : plus de 1350 collaborateurs répartis dans 3 pays (France, Luxembourg, Maroc), 3 pôles d’activités (assurance, gestion de patrimoine, services). Régulièrement classé parmi le top 10 des meilleurs courtiers grossiste en Assurances, HEOMI est en constante croissance depuis sa création et nous ne comptons pas nous arrêter là ! Notre ambition : devenir le numéro 1 du courtage en Assurances ! Nos valeurs : Engagement, Performance, Innovation, Capital Humain. Si vous êtes sensible à nos valeurs, alors nous sommes sûrement faits pour nous entendre ! | Culture de l'entreprise : HEOMI se caractérise par une culture fortement orientée vers la performance et la compétition , où l’ambition, le goût du challenge et l’orientation client constituent des leviers majeurs de réussite. Cette dynamique est complétée par une dimension de coopération , favorisant la confiance, la responsabilisation et un management de proximité attentif aux équipes. L’entreprise intègre également une composante d’ innovation , plus mesurée, encourageant l’initiative et l’adaptabilité. Enfin, la culture d’ organisation , moins dominante, apporte un cadre structurant au service de l’efficacité. | Poste : Dans le cadre de la poursuite de notre développement, nous recrutons des Conseillers Commerciaux : Rejoindre HEOMI, c'est dire oui à une expérience qui a du sens, celle où les rencontres et les missions vous poussent à grandir chaque jour au sein d’une équipe engagée et dynamique. Rattaché(e) au chef de ventes, vos principales missions seront les suivantes : Commercialiser des produits d’assurance auprès des particuliers ; Suivre la procédure interne et la charte d'appel préalablement établie ; Répondre précisément aux besoins, demandes et objections des prospects et/ou clients. | Profil recherché : Vous êtes reconnu pour les qualités/compétences suivantes: Vous avez une bonne maitrise des techniques de vente , avec une première expérience réussie en centre d’appel ; Vous avez un bon sens d’analyse, de négociation avec un réel esprit commercial ; Vous êtes réactif et dynamique ; Vous maitrisez bien le français et vous êtes capable d’entretenir une conversation ; Nous recrutons des collaborateurs avec un bel esprit d’équipe, autonomes, curieux, dynamiques. Des personnes avec des valeurs humaines solides, nécessaires à l’apprentissage d’un métier qui peut être nouveau, mais tellement passionnant et enrichissant. Une formation est assurée lors de votre intégration. Avantages sociaux et autres : Un programme de formation pour vous aider à bien intégrer votre rôle. Formation 100% rémunérée dès le 1er jour. Un cadre de travail motivant, convivial, et très agréablement entretenu Contrat CDI + CNSS + AMO + Mutuelle privée SANLAM + transport assuré Un salaire de base avec commissions sur CA + primes statuts et contrats Le process de recrutement : Un premier échange téléphonique avec notre Chargée de recrutement. Si cette première étape est validée, vous vous aurez un entretien RH qui sera suivi d’un entretien opérationnel avec les managers. La diversité des profils et expériences des talents qui composent nos équipes est le reflet de notre politique RSE et de nos engagements Vous voulez en savoir plus sur l’entreprise ? Rendez-vous sur notre site internet : https://heomi.fr/",Respect des règles | Besoin d'objectivité | Ténacité | Besoin d'action | Travail en équipe | Implication au travail | Ambition | Organisation,https://www.rekrute.com/offre-emploi-conseillers-commerciaux-en-assurance-sante-emission-dappels-recrutement-heomi-casablanca-181308.html,N/A,2026-04-19T00:36:01.551256
rekrute,Contrôleur de Gestion (H/F) | Casablanca (Maroc),Présent depuis 1997 au Maroc,Casablanca et région - Maroc,CDD,Gestion / Comptabilité / Finance                                                                 - Secteur Assurance / Courtage								- Banque / Finance,Junior (1 à 3 ans),Bac +5 et plus Minimum - Master,N/A,"Entreprise : Présent depuis 1997 au Maroc, Manpower Group est un acteur international incontournable de l’emploi et de l’insertion sociale dans le monde. Au sein du Royaume Chérifien, nous couvrons l’ensemble du territoire, de Tanger à Laayoune. Nos équipes sont formées pour appuyer les entreprises dans la promotion de l’excellence en matière de gestion du capital humain : Intérim, CDD/CDI, Solutions & Ingénierie RH, Développement du capital humain… Pour nos salariés intérimaires , nous proposons une expérience unique, notamment avec la déclaration de 100% des heures travaillées, la mise en place d’une mutuelle pour tous et un accompagnement personnalisé pour les démarches administratives (bancarisation, CNSS…). Pour nos candidats , nous offrons, conformément aux standards mondiaux de Manpower Group, un processus de sélection, d’évaluation et d’accompagnement à la réussite dans leur nouvelle mission. | Poste : Nous recherchons un Contrôleur de Gestion pour l'un de nos client. Le candidat idéal possède une solide base en finance, une excellente maîtrise d’Excel et une capacité à analyser, structurer et optimiser les données financières pour soutenir la prise de décision. Missions principales: Participer à l’élaboration et au suivi des budgets et prévisions. Réaliser des analyses financières, tableaux de bord et reportings réguliers. Suivre les écarts entre prévisions et réalisations, proposer des actions correctives. Contribuer à l’optimisation des processus de gestion et des outils de pilotage. Assurer la fiabilité des données financières et la cohérence des indicateurs. Collaborer avec les équipes internes (finance, achats, opérations). | Profil recherché : Bac +5 en Finance, Contrôle de Gestion, Audit ou équivalent. 1 à 2 ans d’expérience en contrôle de gestion ou finance d’entreprise. Anglais professionnel (écrit et oral). Très bon niveau en Excel (formules avancées, tableaux croisés dynamiques, modélisation). Rigueur, sens analytique, autonomie et capacité à travailler dans un environnement dynamique.",Conventionnel | Respect des règles | Besoin d'objectivité | Rationalisme | Organisation,https://www.rekrute.com/offre-emploi-controleur-de-gestion-hf-recrutement-manpower-agences-casablanca-181870.html,N/A,2026-04-19T00:36:04.244291
rekrute,Engagement Specialist | Meknès (Maroc),YAZAKI’s,Meknès et région - Maroc,CDI,Communication / Publicité / RP - RH / Personnel / Formation - Secteur Automobile / Motos / Cycles								- Communication / Evénementiel,Junior (1 à 3 ans) - Intermédiaire (3 à 5 ans),Bac +5 et plus Minimum - Master,N/A,"Entreprise : YAZAKI’s timeline of success dates back to 1929 when Sadami YAZAKI began selling wiring harnesses for automobiles. As a truly global company deeply rooted in Japanese cultural traditions and values, YAZAKI strives to be a reliable partner to its customers as well as a promoter of environmental sustainability throughout the world. We are especially proud to be the world's largest producer of wiring harnesses and at the same time offering environmental systems, with emphasis on energy-related equipment. As part of Yazaki activities growth in Morocco , we are hiring currently several positions ! | Culture de l'entreprise : Yazaki Morocco s’appuie sur une culture dominée par l’innovation , encourageant la créativité, l’expérimentation et l’initiative individuelle pour accompagner son évolution industrielle. Cette dynamique est soutenue par une culture collaborative affirmée , qui valorise la coopération, la confiance et le management de proximité. L’entreprise intègre également une exigence de performance et de compétitivité , orientée vers l’atteinte d’objectifs concrets. Enfin, une structure organisationnelle solide garantit la rigueur des processus et la fiabilité opérationnelle. | Poste : Join a fast-growing company in the Automotive Industry as our next Engagement & Communication Responsible in Meknès. In this role, you’ll drive how our brand shows up building strong connections, creating engaging content, and making sure our message reaches the right people. What you’ll do: Develop and deliver internal communication strategies aligned with business objectives and with regional calendar, aligned with YEMEA Communications Create engaging content for internal channels (email, intranet, newsletters, town halls, presentations) – regular basis and upon request/ special projects Plan and execute employee engagement initiatives, campaigns, and events Partner with HR, leadership, and managers to support communication, culture initiatives, employee development and internal mobility programs Measure engagement and communication effectiveness through surveys, feedback, and analytics, respecting YEMEA frame Support employer branding and internal storytelling through defined channels or initiate new ones Ensure messaging is consistent, inclusive, and aligned with company values If you’re creative, proactive, and ready to make an impact, we’d love to hear from you. | Profil recherché : To succeed in this role, you should have a : Master’s degree (Bac+5 or higher), ideally in HR Management , Communication, Advertising, PR, or a related field. You bring 3 to 5 years of experience in HR development , communication , Hiring or Training with automotive industry experience as a strong plus. What you bring: Strong written and verbal communication skills in English is mandatory Solid command of digital communication tools (social media, content creation, analytics) Ability to build creative, effective communication strategies Excellent interpersonal skills and relationship management Autonomy, organization, and attention to detail Proactive mindset with a hands-on approach Team spirit and initiative Knowledge of the automotive sector is a plus If this sounds like you, don’t wait , apply now !",Recherche de nouveauté | Besoin d'objectivité | Intuition / Spontanéité | Flexibilité | Travail en équipe | Implication au travail | Ambition | Improvisation,https://www.rekrute.com/offre-emploi-engagement-specialist-recrutement-yazaki-morocco-meknes-181843.html,N/A,2026-04-19T00:36:07.078802
rekrute,Chargé de portefeuille | Salé (Maroc),Avec plus de 30 ans d’expertise,Rabat et région - Maroc,CDI,Banque (métiers de la) - Commercial / Vente / Export - Secteur Banque / Finance								- Comptabilité / Audit,Junior (1 à 3 ans),Bac +3 Minimum - Licence,Une politique de rémunération équitable,"Entreprise : Avec plus de 30 ans d’expertise, la Fondation Arrawaj est un acteur économique et social majeur dans le secteur de la micro-finance. Basée au Maroc et avec plus de 2 000 collaborateurs répartis sur plus de 260 agences et 15 régions , la Fondation Arrawaj est fière de contribuer à l’inclusion financière des porteurs de projets et des micro-entrepreneurs exclus des circuits de financements classiques en leur offrant des produits et des services diversifiés, de proximité, adaptés et innovants. Le succès de notre institution repose sur un socle de valeurs fondamentales qui inspirent l’action de l’ensemble de nos collaborateurs et guident nos relations avec les parties prenantes : Engagement : Nous sommes déterminés ensemble à aller jusqu'au bout. Respect : Pour mieux d'apprécier mutuellement Ethique : Le socle de notre conduite Responsabilité : Le sens du devoir au centre de notre mission Rejoignez- nous vite, donnez un élan à votre carrière ! Ce que nous vous offrons : Une politique de développement de carrière équitable et orientée sur les compétences avec un accompagnement personnalisé. Des formations sur mesure pour développer vos compétences à la fois au sein de notre centre ""Talent Academy"", Plateforme E-learning ou à travers des partenaires d'excellence reconnue. Une politique de rémunération équitable et compétitive, centrée sur la performance Individuelle et Collective. Une couverture sociale multi-dimension couvrant les aléas de la vie et assurant votre future et celui de vos enfants. Un environnement de travail convivial et stimulant, axé sur la reconnaissance des initiatives. | Culture de l'entreprise : Fondation Arrawaj présente une culture majoritairement orientée vers l’ innovation , mettant en avant la créativité, l’agilité et l’expérimentation au service de l’impact et de la transformation. Cette orientation est renforcée par une dimension de compétition , traduisant une forte exigence de performance et d’atteinte des résultats. Les registres de coopération et d’ organisation complètent cet équilibre en favorisant le travail collectif, la responsabilisation et la structuration des pratiques. L’environnement s’adresse ainsi à des profils autonomes, engagés et attirés par des contextes dynamiques et évolutifs. | Poste : Rejoignez notre équipe dynamique dans le secteur de la Banque / Finance en tant que Chargé de portefeuille . Basé à Salé, ce poste représente une opportunité unique de contribuer activement à la gestion et au développement d'un portefeuille clients au sein d'une institution financière reconnue. L'objectif principal de ce rôle est d'assurer la satisfaction et la fidélisation de la clientèle, tout en développant de nouvelles opportunités commerciales. Vous serez un acteur clé dans l'atteinte des objectifs de croissance du portefeuille, en proposant des solutions financières adaptées aux besoins de chaque client. Vos responsabilités engloberont la gestion quotidienne d'un portefeuille clients existant, l'analyse de leurs besoins financiers et la proposition de produits et services bancaires pertinents. Vous serez également amené(e) à prospecter de nouveaux clients pour étendre votre portefeuille. Une partie significative de votre mission consistera à suivre les évolutions des marchés financiers et à maintenir une veille concurrentielle active pour anticiper les tendances. | Profil recherché : Pour ce poste, une formation de niveau Bac +3 est requise. Une spécialisation dans les domaines de la Banque, des métiers de la Commercial / Vente / Export serait un atout majeur pour réussir dans cette fonction. Une première expérience de 1 à 3 ans dans un poste similaire, idéalement dans le secteur bancaire ou financier, est recherchée. Cette expérience vous aura permis de développer une compréhension approfondie des produits financiers et des techniques de gestion de clientèle. Excellentes compétences relationnelles et sens aigu du service client. Capacité d'analyse et de synthèse pour évaluer les besoins financiers. Maîtrise des techniques de vente et de négociation. Autonomie, rigueur et sens de l'organisation. Aisance avec les outils informatiques et les logiciels bancaires. Si vous êtes à la recherche d'un environnement stimulant où vous pourrez mettre à profit vos compétences et évoluer professionnellement, ce poste est fait pour vous ! Postulez dès maintenant pour tenter cette belle aventure.",Respect des règles | Flexibilité | Besoin d'action | Travail en équipe | Implication au travail | Organisation,https://www.rekrute.com/offre-emploi-charge-de-portefeuille-recrutement-fondation-arrawaj-sale-181869.html,N/A,2026-04-19T00:36:10.226505
rekrute,Chargé ADP et Paie (H/F) | TANGER (Maroc),Avec ces marques aux métiers complémentaires,Tanger et région - Maroc,CDI,RH / Personnel / Formation                                                                 - Secteur Autres services,Intermédiaire (3 à 5 ans) - Confirmé (5 à 10 ans),Bac +5 et plus Minimum - Formation spécialisée,Etablir les avances sur salaires,"Entreprise : Avec ces marques aux métiers complémentaires, le Groupe VILAVI (1500 collaborateurs) couvre tous les besoins en assurance et crédit de milliers de personnes, et ce à toutes les étapes clés de leur vie. C'est aussi une large diversité de métiers qui donne l'opportunité à de nombreux talents de s'épanouir au sein d'un projet collectif. Vous souhaitez intégrer un grand groupe dynamique qui place ses collaborateurs au centre de ses préoccupations ? Alors, rejoignez le Groupe VILAVI ! | Poste : Rattaché au service Administration du Personnel et en collaboration avec nos prestataires externes, vous aurez en charge la gestion de l’administration des RH et de la paie (environ 700 collaborateurs), tout en veillant à la conformité de la législation en vigueur. Gestion de la paie : Collecter, vérifier et saisir les éléments variables Transmettre les éléments au prestataire selon le calendrier défini Procéder aux différents contrôles, identifier les anomalies et veiller aux corrections Suivre les clôtures mensuelles Etablir les avances sur salaires Etablir les documents administratifs de sortie Administration du personnel (ADP) : Créer et mettre à jour les dossiers des salariés Rédiger et suivre l’ensemble des documents contractuels : contrats, avenants, convention de transfert, attestations, courriers divers, certificat de travail, etc Assurer la saisie et le suivi des tableaux RH Saisir les absences dans le logiciel Assurer la gestion administrative des procédures disciplinaires (sanctions, licenciement, fin de période d’essai) Préparer les entretiens disciplinaires et les interactions avec l’Inspection du Travail (transmission des sanctions). Veille juridique et reporting : Assurer une veille réglementaire en matière de droit social et de paie Contribuer à l’amélioration des processus RH et à la fiabilisation et confidentialité des données | Profil recherché : Issu d’une formation Bac+3 en Ressources Humaines, vous possédez une expérience significative et confirmée d’au moins 5 ans sur un poste similaire. Les qualités essentielles pour mener à bien ces missions seront : sens de l'adaptation et de l'organisation, rigueur et réactivité, savoir être force de proposition, faire preuve d'initiative, savoir travailler au sein d'une équipe, avoir un bon relationnel, maîtriser les outils bureautiques, avoir une bonne connaissance du Code du travail, de la discrétion et un sens de la confidentialité. Enfin, la maitrise de la langue française (écrit/oral) est obligatoire. Les avantages sociaux et autres : Prime panier de 500 Dhs Mutuelle Axa (prise en charge à 95 %) Avance sur salaire dès 3 mois d’ancienneté Prime de l'EID Evolution de salaire en fonction de l'atteinte d'objectifs Temps de travail de 44H hebdomadaire, du lundi au vendredi Vous souhaitez faire évoluer votre carrière dans un environnement dynamique qui saura valoriser et développer vos compétences, et vous offrir l’opportunité de gagner en autonomie et responsabilité ? Rejoignez-nous et postulez !",Recherche de nouveauté | Extraversion | Besoin d'objectivité | Besoin d'autonomie | Implication au travail,https://www.rekrute.com/offre-emploi-charge-adp-et-paie-hf-recrutement-groupe-vilavi-tanger-179194.html,N/A,2026-04-19T00:36:13.140930
rekrute,Chargé de portefeuille | Bouskoura (Maroc),Avec plus de 30 ans d’expertise,Casablanca et région - Maroc,CDI,Banque (métiers de la) - Commercial / Vente / Export - Secteur Banque / Finance								- Comptabilité / Audit,Junior (1 à 3 ans),Bac +3 Minimum - Licence,Une politique de rémunération équitable,"Entreprise : Avec plus de 30 ans d’expertise, la Fondation Arrawaj est un acteur économique et social majeur dans le secteur de la micro-finance. Basée au Maroc et avec plus de 2 000 collaborateurs répartis sur plus de 260 agences et 15 régions , la Fondation Arrawaj est fière de contribuer à l’inclusion financière des porteurs de projets et des micro-entrepreneurs exclus des circuits de financements classiques en leur offrant des produits et des services diversifiés, de proximité, adaptés et innovants. Le succès de notre institution repose sur un socle de valeurs fondamentales qui inspirent l’action de l’ensemble de nos collaborateurs et guident nos relations avec les parties prenantes : Engagement : Nous sommes déterminés ensemble à aller jusqu'au bout. Respect : Pour mieux d'apprécier mutuellement Ethique : Le socle de notre conduite Responsabilité : Le sens du devoir au centre de notre mission Rejoignez- nous vite, donnez un élan à votre carrière ! Ce que nous vous offrons : Une politique de développement de carrière équitable et orientée sur les compétences avec un accompagnement personnalisé. Des formations sur mesure pour développer vos compétences à la fois au sein de notre centre ""Talent Academy"", Plateforme E-learning ou à travers des partenaires d'excellence reconnue. Une politique de rémunération équitable et compétitive, centrée sur la performance Individuelle et Collective. Une couverture sociale multi-dimension couvrant les aléas de la vie et assurant votre future et celui de vos enfants. Un environnement de travail convivial et stimulant, axé sur la reconnaissance des initiatives. | Culture de l'entreprise : Fondation Arrawaj présente une culture majoritairement orientée vers l’ innovation , mettant en avant la créativité, l’agilité et l’expérimentation au service de l’impact et de la transformation. Cette orientation est renforcée par une dimension de compétition , traduisant une forte exigence de performance et d’atteinte des résultats. Les registres de coopération et d’ organisation complètent cet équilibre en favorisant le travail collectif, la responsabilisation et la structuration des pratiques. L’environnement s’adresse ainsi à des profils autonomes, engagés et attirés par des contextes dynamiques et évolutifs. | Poste : Rejoignez notre équipe dynamique dans le secteur de la Banque / Finance en tant que Chargé de portefeuille . Basé à Casablanca, ce poste représente une opportunité unique de contribuer activement à la gestion et au développement d'un portefeuille clients au sein d'une institution financière reconnue. L'objectif principal de ce rôle est d'assurer la satisfaction et la fidélisation de la clientèle, tout en développant de nouvelles opportunités commerciales. Vous serez un acteur clé dans l'atteinte des objectifs de croissance du portefeuille, en proposant des solutions financières adaptées aux besoins de chaque client. Vos responsabilités engloberont la gestion quotidienne d'un portefeuille clients existant, l'analyse de leurs besoins financiers et la proposition de produits et services bancaires pertinents. Vous serez également amené(e) à prospecter de nouveaux clients pour étendre votre portefeuille. Une partie significative de votre mission consistera à suivre les évolutions des marchés financiers et à maintenir une veille concurrentielle active pour anticiper les tendances. | Profil recherché : Pour ce poste, une formation de niveau Bac +3 est requise. Une spécialisation dans les domaines de la Banque, des métiers de la Commercial / Vente / Export serait un atout majeur pour réussir dans cette fonction. Une première expérience de 1 à 3 ans dans un poste similaire, idéalement dans le secteur bancaire ou financier, est recherchée. Cette expérience vous aura permis de développer une compréhension approfondie des produits financiers et des techniques de gestion de clientèle. Excellentes compétences relationnelles et sens aigu du service client. Capacité d'analyse et de synthèse pour évaluer les besoins financiers. Maîtrise des techniques de vente et de négociation. Autonomie, rigueur et sens de l'organisation. Aisance avec les outils informatiques et les logiciels bancaires. Si vous êtes à la recherche d'un environnement stimulant où vous pourrez mettre à profit vos compétences et évoluer professionnellement, ce poste est fait pour vous ! Postulez dès maintenant pour tenter cette belle aventure.",Respect des règles | Flexibilité | Besoin d'action | Travail en équipe | Implication au travail | Organisation,https://www.rekrute.com/offre-emploi-charge-de-portefeuille-recrutement-fondation-arrawaj-bouskoura-181868.html,N/A,2026-04-19T00:36:16.271901
rekrute,Chargé de portefeuille | Sidi Maarouf (Maroc),Avec plus de 30 ans d’expertise,Casablanca et région - Maroc,CDI,Banque (métiers de la) - Commercial / Vente / Export - Secteur Banque / Finance								- Comptabilité / Audit,Junior (1 à 3 ans),Bac +3 Minimum - Licence,Une politique de rémunération équitable,"Entreprise : Avec plus de 30 ans d’expertise, la Fondation Arrawaj est un acteur économique et social majeur dans le secteur de la micro-finance. Basée au Maroc et avec plus de 2 000 collaborateurs répartis sur plus de 260 agences et 15 régions , la Fondation Arrawaj est fière de contribuer à l’inclusion financière des porteurs de projets et des micro-entrepreneurs exclus des circuits de financements classiques en leur offrant des produits et des services diversifiés, de proximité, adaptés et innovants. Le succès de notre institution repose sur un socle de valeurs fondamentales qui inspirent l’action de l’ensemble de nos collaborateurs et guident nos relations avec les parties prenantes : Engagement : Nous sommes déterminés ensemble à aller jusqu'au bout. Respect : Pour mieux d'apprécier mutuellement Ethique : Le socle de notre conduite Responsabilité : Le sens du devoir au centre de notre mission Rejoignez- nous vite, donnez un élan à votre carrière ! Ce que nous vous offrons : Une politique de développement de carrière équitable et orientée sur les compétences avec un accompagnement personnalisé. Des formations sur mesure pour développer vos compétences à la fois au sein de notre centre ""Talent Academy"", Plateforme E-learning ou à travers des partenaires d'excellence reconnue. Une politique de rémunération équitable et compétitive, centrée sur la performance Individuelle et Collective. Une couverture sociale multi-dimension couvrant les aléas de la vie et assurant votre future et celui de vos enfants. Un environnement de travail convivial et stimulant, axé sur la reconnaissance des initiatives. | Culture de l'entreprise : Fondation Arrawaj présente une culture majoritairement orientée vers l’ innovation , mettant en avant la créativité, l’agilité et l’expérimentation au service de l’impact et de la transformation. Cette orientation est renforcée par une dimension de compétition , traduisant une forte exigence de performance et d’atteinte des résultats. Les registres de coopération et d’ organisation complètent cet équilibre en favorisant le travail collectif, la responsabilisation et la structuration des pratiques. L’environnement s’adresse ainsi à des profils autonomes, engagés et attirés par des contextes dynamiques et évolutifs. | Poste : Rejoignez notre équipe dynamique dans le secteur de la Banque / Finance en tant que Chargé de portefeuille . Basé à Casablanca, ce poste représente une opportunité unique de contribuer activement à la gestion et au développement d'un portefeuille clients au sein d'une institution financière reconnue. L'objectif principal de ce rôle est d'assurer la satisfaction et la fidélisation de la clientèle, tout en développant de nouvelles opportunités commerciales. Vous serez un acteur clé dans l'atteinte des objectifs de croissance du portefeuille, en proposant des solutions financières adaptées aux besoins de chaque client. Vos responsabilités engloberont la gestion quotidienne d'un portefeuille clients existant, l'analyse de leurs besoins financiers et la proposition de produits et services bancaires pertinents. Vous serez également amené(e) à prospecter de nouveaux clients pour étendre votre portefeuille. Une partie significative de votre mission consistera à suivre les évolutions des marchés financiers et à maintenir une veille concurrentielle active pour anticiper les tendances. | Profil recherché : Pour ce poste, une formation de niveau Bac +3 est requise. Une spécialisation dans les domaines de la Banque, des métiers de la Commercial / Vente / Export serait un atout majeur pour réussir dans cette fonction. Une première expérience de 1 à 3 ans dans un poste similaire, idéalement dans le secteur bancaire ou financier, est recherchée. Cette expérience vous aura permis de développer une compréhension approfondie des produits financiers et des techniques de gestion de clientèle. Excellentes compétences relationnelles et sens aigu du service client. Capacité d'analyse et de synthèse pour évaluer les besoins financiers. Maîtrise des techniques de vente et de négociation. Autonomie, rigueur et sens de l'organisation. Aisance avec les outils informatiques et les logiciels bancaires. Si vous êtes à la recherche d'un environnement stimulant où vous pourrez mettre à profit vos compétences et évoluer professionnellement, ce poste est fait pour vous ! Postulez dès maintenant pour tenter cette belle aventure.",Respect des règles | Flexibilité | Besoin d'action | Travail en équipe | Implication au travail | Organisation,https://www.rekrute.com/offre-emploi-charge-de-portefeuille-recrutement-fondation-arrawaj-sidi-maarouf-181867.html,N/A,2026-04-19T00:36:19.469458
rekrute,Data Engineer | casablanca (Maroc),Acteur majeur du conseil technologique en France et à l’international,Casablanca et région - Maroc,CDI,Informatique / Electronique                                                                 - Secteur Informatique,Confirmé (5 à 10 ans),Bac +4 Minimum - Master,N/A,"Entreprise : Acteur majeur du conseil technologique en France et à l’international, recrute pour ses équipes,nous accompagnons les grandes entreprises et les institutions dans leur transformation digitale, avec une approche alliant expertise métier et innovation technologique. | Poste : Rejoignez notre équipe dynamique dans le secteur des Autres services en tant que Data Engineer . Basé(e) à Casablanca , vous jouerez un rôle clé dans la transformation et l'optimisation de nos flux de données. En tant que profil senior, vos missions seront : Concevoir, développer et optimiser des pipelines de données scalables sur Databricks Définir et mettre en œuvre les bonnes pratiques Data Engineering et DataOps Gérer des tables Delta Lake avancées (ACID transactions, optimisation, time-travel) Orchestrer des workflows complexes via Databricks Jobs ou Delta Live Tables Structurer et documenter l’architecture Data (Lakehouse, ingestion, transformation, exposition) Collaborer étroitement avec les équipes Data Science, BI, Sécurité et Architecture Garantir la qualité, la sécurité et la fiabilité des données Mentorer les Data Engineers juniors et intermédiaires Participer aux décisions d’architecture cloud (Azure/AWS) Optimiser les coûts et les performances des clusters Spark Automatiser les flux via CI/CD (Git, Azure DevOps, GitHub Actions) | Profil recherché : Profil recherché Bac+5 en informatique, Big Data, Data Engineering ou équivalent 5 à 10 ans d’expérience en Data Engineering Expérience significative sur Databricks (obligatoire) Avoir déjà participé à des projets data de grande envergure Expérience dans des environnements cloud (Azure ou AWS) Compétences techniques indispensables Expertise Databricks (clusters, notebooks, jobs, Delta Lake, optimisation Spark) PySpark avancé Python avancé SQL expert Architectures Lakehouse & Big Data Cloud : Azure (ADF, ADLS, Synapse) ou AWS (Glue, S3, Redshift) Maîtrise des environnements CI/CD Expérience en optimisation Spark (partitions, cache, broadcast, shuffle) Très bonnes connaissances en gouvernance de données",Recherche de nouveauté | Besoin de réflexion | Besoin d'autonomie | Implication au travail | Ambition,https://www.rekrute.com/offre-emploi-data-engineer-recrutement-confidentiel-casablanca-181013.html,N/A,2026-04-19T00:36:22.567005
rekrute,Ingénieur Méthode QOS Mobile (H/F) | Rabat (Maroc),BTECHNOLOGIE,Rabat et région - Maroc,CDI,Informatique / Electronique - Télécom / Réseaux - Secteur Informatique								- Telecom,Intermédiaire (3 à 5 ans) - Confirmé (5 à 10 ans),Bac +5 et plus Minimum - Ecole d'ingénieur - Master,N/A,"Entreprise : BTECHNOLOGIE est un centre d’excellence premium au service de Bouygues Telecom filiale du groupe Accenture, visant à augmenter sa capacité de delivery, à améliorer la qualité perçue par ses clients finaux et à accompagner la croissance technologique dans une perspective d’économie décarbonée. Aujourd'hui, le centre compte plus de 500 talents et ambitionne d’atteindre les 1000 talents d’ici 2026. Envie de nouvelles perspectives de carrière ? Nous vous invitons à rejoindre notre centre d'excellence à Rabat, où vous participerez à des projets d'envergure avec une vision à long terme. Chaque jour est une opportunité de relever de nouveaux défis et de contribuer à façonner l'avenir de la technologie. Ensemble, nous bâtissons un avenir innovant, propulsé par votre talent et notre passion pour l'excellence. En intégrant notre équipe, vous serez reconnu(e) comme un collaborateur interne de Bouygues Telecom, acteur majeur des télécommunications. Nos atouts chez BTechnologie : • Bénéficiez d’un accompagnement personnalisé dès votre 1er jour d’arrivée par notre équipe Onboarding et votre futur Manager (accueil au sein de nos locaux à Rabat, journée d’onboarding, petit-déjeuner convivial). • Développez vos compétences techniques, fonctionnelles ou de management, grâce au catalogues de formations Accenture et à l’aide de nos Practice Managers et de leurs communautés. • Faîtes évoluer votre carrière grâce à notre politique de mobilité. | Poste : ACTIVITÉS: Conception et déploiement de méthodes d’optimisation réseau, de l’étude technique à la mise en production. Formalisation des processus et définition des KPI pour mesurer la performance et assurer le suivi. Tests des méthodes en environnement réel (zones expérimentales) et accompagnement des équipes de production. Analyse des performances et contribution à l’amélioration continue (RETEX). Coordination avec les équipes internes et externes (workshops, points de synchronisation, alignement stratégique). Gestion et mise à jour de la documentation technique et des référentiels. | Profil recherché : Compétences Techniques: Maîtrise d'outil Nemo Analyze. Bonne connaissance des technologies radio 2G/3G/4G/5G, des stratégies de mobilité et des protocoles niveau 3. Utilisation des outils cartographiques (QGIS, ArcGIS) et des outils d’ingénierie radio (Atoll, ACP/AFP, EFO). Capacité à analyser et exploiter les données via différents outils (Lynx, BO, MyPerf). Maîtrise de l’écosystème d’outils Bouygues Telecom (SUPREM, IPOD, GIR, GCR, AVATAR, OMC Huawei/Ericsson, etc.). Compétences en troubleshooting radio et en analyse des incidents réseau. Capacité d’analyse, de modélisation des processus et compréhension de l’organisation métier. Soft Skills: Capacité de formalisation et de synthèse (orale et écrite). Communication en transverse. Anticipation et Réactivité. Prise de recul avec force de proposition. Forte implication dans les sujets. Rigueur.",Recherche de nouveauté | Besoin de réflexion | Besoin d'autonomie | Implication au travail | Ambition,https://www.rekrute.com/offre-emploi-ingenieur-methode-qos-mobile-hf-recrutement-btechnologie-rabat-181865.html,N/A,2026-04-19T00:36:25.098793
rekrute,Techniciens de Radiologie | Rabat (Maroc),L'Hôpital Universitaire International de Rabat (HUIR),Rabat et région - Maroc,CDI,Santé / Social (métiers de)                                                                 - Secteur Pharmacie / Santé,Junior (1 à 3 ans),Bac +3 Minimum - Autre,N/A,"Entreprise : L'Hôpital Universitaire International de Rabat (HUIR), affilié à l'Université Internationale de Rabat (UIR), est un nouveau centre hospitalo-universitaire qui ouvrira ses portes prochainement. Ce centre d'excellence proposera une quarantaine de spécialités médicales et chirurgicales, équipées d'un plateau biomédical de dernière génération. Avec une capacité d'accueil de 450 lits et places, cet hôpital futuriste représente un investissement d'environ 2 milliards de dirhams et emploiera à terme plus de 1 200 salariés. Nous vous offrons un environnement de travail bienveillant et attentif où les collaborateurs sont au cœur de l'action. Vous y trouverez des opportunités d'épanouissement professionnel et personnel, avec des possibilités de développement professionnel et de formation continue pour améliorer vos compétences et progresser dans votre carrière. Vous aurez la possibilité de participer à des projets innovants au sein d'un établissement de santé de renommée. Vous pourrez contribuer à des initiatives qui façonnent l'avenir de la médecine et des soins de santé au Maroc Vous travaillerez dans un environnement moderne, équipé des dernières technologies digitales, stimulant et collaboratif, où la bienveillance et le soutien mutuel sont au cœur de nos valeurs. Vous bénéficierez d'espaces de travail modernes, flexibles et complètement digitaux, ainsi que d'une culture d'entreprise dynamique, humaine et collaborative. De plus, vous aurez l'occasion de participer à des événements d'entreprise, des team buildings et des célébrations régulières pour célébrer vos réussites et contributions. Rejoignez-nous et contribuez à la mission de l' Hôpital Universitaire International de Rabat ! | Culture de l'entreprise : HUIR – L’Hôpital Universitaire International de Rabat évolue dans une culture majoritairement orientée coopération , où l’humain, la solidarité et la qualité des relations professionnelles occupent une place centrale. L’établissement privilégie un management de proximité fondé sur la confiance, la responsabilisation et l’accompagnement des équipes. Cette dynamique collaborative est complétée par une dimension innovation significative , encourageant l’initiative, l’expérimentation et l’amélioration continue des pratiques. Elle s’appuie également sur une organisation structurée garantissant rigueur, fiabilité et efficacité, tandis que la logique de compétition reste volontairement secondaire. | Poste : Nous recherchons un Technicien de Radiologie expérimenté(e) et rigoureux(se) pour rejoindre notre Direction des Soins et de l'Hygiène Hospitalière à l'HUIR. Il/Elle prépare et réalise les examens en radiodiagnostic, radiologie interventionnelle, médecine nucléaire et radiothérapie/ radio-oncologie. Vos principales missions seront : Accueil et Prise en Charge du Patient : 1. Accueil et Information : - Accueillir les patients, les informer au sujet des techniques d'examens et les rassurer. - Mettre en condition le patient en fonction de l'examen prescrit. - Vérifier la conformité des informations portées sur le bon d'examen. - Recenser, enregistrer les données et/ou des informations liées au patient (ex : allergie, port de prothèse, etc.). - Tirer des clichés et les remettre dans la pochette appropriée tout en vérifiant l'identité du patient. Assurer la transmission des informations relatives aux patients. 2. Surveillance et Suivi : - Surveiller l'état de santé des patients. - Participer à la surveillance clinique des patients au cours des investigations et des traitements. II. Réalisation des Examens et Actes : 1. Application des Protocoles et Techniques : - Appliquer les protocoles inhérents aux différentes techniques d'exploration et de traitement utilisant des rayonnements ionisants ou non, ou d'autres agents physiques. - Préparer et injecter les produits à visée thérapeutique et diagnostique. - Assister le médecin dans la réalisation d'actes thérapeutiques (infiltrations, dilatation artérielle, pose de stents, ponction, drainage…). 2. Gestion des Données et Traçabilité : - S'assurer que les actes sont codifiés avant leur réalisation. - Inscrire les examens réalisés sur le SIH et renseigner tous les documents informationnels mis à sa disposition. - Classer les dossiers de façon efficace et accessible. III. Sécurité, Hygiène et Radioprotection : 1. Mesures de Protection et Prévention des Risques : - Appliquer ou prendre les mesures de protection identifiées pour réaliser ses actions professionnelles. - Identifier, analyser, évaluer et prévenir les risques relevant de son domaine, définir les actions correctives et/ou préventives. - Veiller au respect des normes de prise en charge des patients et aux normes d'hygiène et de sécurité en matière de radioprotection. IV. Maintenance et Gestion du Matériel : 1. Entretien et Maintenance : - Participer à l'entretien et la maintenance préventive des appareils et du matériel mis à sa disposition. - Déceler et déclarer les pannes et dysfonctionnement des appareils et en informer le responsable. V. Formation et Développement Professionnel : 1. Formation et Encadrement : - Participer à la formation et à l'intégration du personnel nouvellement affecté dans le service. 2. Amélioration Continue : - Evaluer les pratiques professionnelles de soins dans son domaine de compétences. - Participer aux réunions du service et aux sessions de formation organisées par l'établissement. | Profil recherché : Bac+3 : Diplôme Technicien de Radiologie Expérience de 2 ans et plus Maitrise IRM / Radio / TDM . Formation ou diplôme en IRM /Radioprotection / Médecine Nucléaire et radiothérapie Souhaitable.",Extraversion | Sensibilité émotionnelle | Implication au travail | Humilité,https://www.rekrute.com/offre-emploi-techniciens-de-radiologie-recrutement-huir---lhopital-universitaire-international-de-rabat-rabat-181864.html,N/A,2026-04-19T00:36:27.164060
rekrute,Techniciens de Laboratoire | Rabat (Maroc),L'Hôpital Universitaire International de Rabat (HUIR),Rabat et région - Maroc,CDI,Santé / Social (métiers de)                                                                 - Secteur Pharmacie / Santé,Intermédiaire (3 à 5 ans),Bac +3 Minimum - Autre,N/A,"Entreprise : L'Hôpital Universitaire International de Rabat (HUIR), affilié à l'Université Internationale de Rabat (UIR), est un nouveau centre hospitalo-universitaire qui ouvrira ses portes prochainement. Ce centre d'excellence proposera une quarantaine de spécialités médicales et chirurgicales, équipées d'un plateau biomédical de dernière génération. Avec une capacité d'accueil de 450 lits et places, cet hôpital futuriste représente un investissement d'environ 2 milliards de dirhams et emploiera à terme plus de 1 200 salariés. Nous vous offrons un environnement de travail bienveillant et attentif où les collaborateurs sont au cœur de l'action. Vous y trouverez des opportunités d'épanouissement professionnel et personnel, avec des possibilités de développement professionnel et de formation continue pour améliorer vos compétences et progresser dans votre carrière. Vous aurez la possibilité de participer à des projets innovants au sein d'un établissement de santé de renommée. Vous pourrez contribuer à des initiatives qui façonnent l'avenir de la médecine et des soins de santé au Maroc Vous travaillerez dans un environnement moderne, équipé des dernières technologies digitales, stimulant et collaboratif, où la bienveillance et le soutien mutuel sont au cœur de nos valeurs. Vous bénéficierez d'espaces de travail modernes, flexibles et complètement digitaux, ainsi que d'une culture d'entreprise dynamique, humaine et collaborative. De plus, vous aurez l'occasion de participer à des événements d'entreprise, des team buildings et des célébrations régulières pour célébrer vos réussites et contributions. Rejoignez-nous et contribuez à la mission de l' Hôpital Universitaire International de Rabat ! | Culture de l'entreprise : HUIR – L’Hôpital Universitaire International de Rabat évolue dans une culture majoritairement orientée coopération , où l’humain, la solidarité et la qualité des relations professionnelles occupent une place centrale. L’établissement privilégie un management de proximité fondé sur la confiance, la responsabilisation et l’accompagnement des équipes. Cette dynamique collaborative est complétée par une dimension innovation significative , encourageant l’initiative, l’expérimentation et l’amélioration continue des pratiques. Elle s’appuie également sur une organisation structurée garantissant rigueur, fiabilité et efficacité, tandis que la logique de compétition reste volontairement secondaire. | Poste : Nous recherchons un Technicien de Laboratoire expérimenté(e) et rigoureux(se) pour rejoindre notre Direction des Soins et de l'Hygiène Hospitalière à l'HUIR. Il/Elle assure la réalisation technique d'examens médicaux urgents ou en routine sous la responsabilité d'un biologiste. Il/Elle participe à la communication vers les services de soins, les clients externes du laboratoire mais aussi vers les prestataires. Vos principales missions seront : 1- En pré-analytique -Participation active à la politique de qualité instaurée sur le laboratoire. -Contrôle de la conformité des demandes d'examens (prescription et échantillons). -Enregistrement des demandes d'examens (lors des périodes d'absence des agents administratifs) -Traitement pré-analytique des échantillons. -Achemine les échantillons au poste concerné. 2- En péri-analytique -Participation active à la politique de qualité instaurée sur le laboratoire. -Assure la mise en route et le bon fonctionnement des automates de biologie médicale. -Réalisation des examens biologiques -Utilisation, validation et interprétation des contrôles de qualité internes et externes. -Vérification analytique. -Participation à la mise en place de nouvelles techniques analytiques. Assure les transmissions lors des passations de poste. 3- En post-analytique : -Participation active à la politique de qualité instaurée sur le LBM. -Validation et communication des résultats au prescripteur selon des modalités définies par le biologiste responsable 4- Participation au système qualité du LBM : -Utilisation journalière du logiciel qualité. -Participation à la démarche qualité du laboratoire. Connaitre les non conformités et savoir les tracer. -Rédaction de documents qualité concernant son secteur. 5- Divers : -Gestion des stocks (déstockage, commande pour les référents) et réalisation d'inventaires réguliers sur les paillasses occupées. -Formation continue (interne ou externe) afin de maintenir un niveau de compétence adéquat à la tenue des postes. -Maintenance du matériel et des automates conformément aux préconisations du fabriquant et de l'organisation du laboratoire. -Participation aux essais de produits lors des appels d'offre (technique, ergonomie, étude coût…). -Formation de personnes aux techniques et procédures de son secteur -Utilisation du Système Informatisé de Laboratoire. -Responsable du respect des règles d'hygiène de son secteur d'activité -Connaissances des différents systèmes informatiques utiles à sa fonction et des règles liées à leur utilisation. -Participe, si nécessaire, aux groupes de travail qui concerne son activité Participation aux gardes. -Connaissance et respect des consignes en cas d'incendie. | Profil recherché : Bac+3 : Diplôme de Technicien spécialisé en analyses biologiques et biotechnologies Expérience de 3 ans et plus Maîtrise des paillasses (Hématologie, Biochimie /Immunologie et Microbiologie) et du système informatique du laboratoire (SIL)",Extraversion | Sensibilité émotionnelle | Implication au travail | Humilité,https://www.rekrute.com/offre-emploi-techniciens-de-laboratoire-recrutement-huir---lhopital-universitaire-international-de-rabat-rabat-181863.html,N/A,2026-04-19T00:36:30.361143
rekrute,Infirmiers polyvalents spécialisés en endoscopie | Rabat (Maroc),L'Hôpital Universitaire International de Rabat (HUIR),Rabat et région - Maroc,CDI,Santé / Social (métiers de)                                                                 - Secteur Pharmacie / Santé,Intermédiaire (3 à 5 ans),Bac +3 Minimum - Autre,N/A,"Entreprise : L'Hôpital Universitaire International de Rabat (HUIR), affilié à l'Université Internationale de Rabat (UIR), est un nouveau centre hospitalo-universitaire qui ouvrira ses portes prochainement. Ce centre d'excellence proposera une quarantaine de spécialités médicales et chirurgicales, équipées d'un plateau biomédical de dernière génération. Avec une capacité d'accueil de 450 lits et places, cet hôpital futuriste représente un investissement d'environ 2 milliards de dirhams et emploiera à terme plus de 1 200 salariés. Nous vous offrons un environnement de travail bienveillant et attentif où les collaborateurs sont au cœur de l'action. Vous y trouverez des opportunités d'épanouissement professionnel et personnel, avec des possibilités de développement professionnel et de formation continue pour améliorer vos compétences et progresser dans votre carrière. Vous aurez la possibilité de participer à des projets innovants au sein d'un établissement de santé de renommée. Vous pourrez contribuer à des initiatives qui façonnent l'avenir de la médecine et des soins de santé au Maroc Vous travaillerez dans un environnement moderne, équipé des dernières technologies digitales, stimulant et collaboratif, où la bienveillance et le soutien mutuel sont au cœur de nos valeurs. Vous bénéficierez d'espaces de travail modernes, flexibles et complètement digitaux, ainsi que d'une culture d'entreprise dynamique, humaine et collaborative. De plus, vous aurez l'occasion de participer à des événements d'entreprise, des team buildings et des célébrations régulières pour célébrer vos réussites et contributions. Rejoignez-nous et contribuez à la mission de l' Hôpital Universitaire International de Rabat ! | Culture de l'entreprise : HUIR – L’Hôpital Universitaire International de Rabat évolue dans une culture majoritairement orientée coopération , où l’humain, la solidarité et la qualité des relations professionnelles occupent une place centrale. L’établissement privilégie un management de proximité fondé sur la confiance, la responsabilisation et l’accompagnement des équipes. Cette dynamique collaborative est complétée par une dimension innovation significative , encourageant l’initiative, l’expérimentation et l’amélioration continue des pratiques. Elle s’appuie également sur une organisation structurée garantissant rigueur, fiabilité et efficacité, tandis que la logique de compétition reste volontairement secondaire. | Poste : Nous recherchons un Infirmier polyvalent spécialisé en endoscopie expérimenté(e) et rigoureux(se) pour rejoindre notre Direction des Soins et de l'Hygiène Hospitalière à l'HUIR. Il/ Elle sera chargé(e) d'assurer l'accueil et la prise en charge du patient, identifier les besoins de la personne, poser un diagnostic infirmier, formuler des objectifs de soins, mettre en œuvre les actions appropriées et les évaluer. Vos principales missions seront : 1. - Accueillir le patient et recueillir ses données administratives (identité, âge, sexe…) et cliniques. - Écouter et réconforter le patient ainsi que ses proches. - Informer et éduquer le patient, sa famille et son entourage. 2. - Donner les divers soins et traitements médicamenteux prescrits par le médecin jusqu'à la sortie du patient - Réaliser les soins de confort et de bien-être en collaboration avec l'aide-soignante. - Surveiller l'évolution de l'état de santé du patient. - Réaliser les soins à visée préventive (changement de positions, soins préventifs d'escarre..) - Préparer les patients pour les interventions chirurgicales, les exploration, les examens biologiques et radilogiques, - Réaliser les soins thérapeutiques (perfusion, injection, administration des traitements préscrits) 3. - Effectuer la mise à jour des feuilles de surveillance et de traitement. -Assurer les transmissions orales et écrites entre les différents membre de l'équipes - Respecter le dispatching des patients par le responsable. - Inscrire tout acte réalisé dans le dossier de soins infirmiers informatisé. - Participer à l'élaboration des fiches techniques et protocoles de soins. 4. - Préparer et entretenir le chariot de soins. - Contrôler, gérer et entretenir les matériels et dispositifs médicaux (chariot de soins, matériel biomédical). - Déterminer les besoins en médicaments et dispositifs médicaux pour les patients sous sa responsabilité. 5. - Former et encadrer les nouveaux personnels et les stagiaires. 6. -Veiller au respect des règles d'hygiène (lavage des mains, tri des déchets -Assurer la prévention des infections nosocomiales | Profil recherché : Diplôme d'infirmier Expérience de 3 ans et plus en service d'endoscopie Capacité de diagnostiquer et de satisfaire les besoins du patient Connaissance des responsabilités d'un(e) infirmier (ère) Connaissance des procédures de bonnes pratiques et techniques concernant son champ d'activité Conduite d'une réanimation en partenariat avec le médecin responsable dans le cadre de l'urgence.",Extraversion | Sensibilité émotionnelle | Implication au travail | Humilité,https://www.rekrute.com/offre-emploi-infirmiers-polyvalents-specialises-en-endoscopie-recrutement-huir---lhopital-universitaire-international-de-rabat-rabat-181862.html,N/A,2026-04-19T00:36:32.859264
rekrute,Infirmiers  polyvalents spécialisés  ONCO/HEMATO/CHIMIO | Rabat (Maroc),L'Hôpital Universitaire International de Rabat (HUIR),Rabat et région - Maroc,CDI,Santé / Social (métiers de)                                                                 - Secteur Pharmacie / Santé,Intermédiaire (3 à 5 ans),Bac +3 Minimum - Autre,N/A,"Entreprise : L'Hôpital Universitaire International de Rabat (HUIR), affilié à l'Université Internationale de Rabat (UIR), est un nouveau centre hospitalo-universitaire qui ouvrira ses portes prochainement. Ce centre d'excellence proposera une quarantaine de spécialités médicales et chirurgicales, équipées d'un plateau biomédical de dernière génération. Avec une capacité d'accueil de 450 lits et places, cet hôpital futuriste représente un investissement d'environ 2 milliards de dirhams et emploiera à terme plus de 1 200 salariés. Nous vous offrons un environnement de travail bienveillant et attentif où les collaborateurs sont au cœur de l'action. Vous y trouverez des opportunités d'épanouissement professionnel et personnel, avec des possibilités de développement professionnel et de formation continue pour améliorer vos compétences et progresser dans votre carrière. Vous aurez la possibilité de participer à des projets innovants au sein d'un établissement de santé de renommée. Vous pourrez contribuer à des initiatives qui façonnent l'avenir de la médecine et des soins de santé au Maroc Vous travaillerez dans un environnement moderne, équipé des dernières technologies digitales, stimulant et collaboratif, où la bienveillance et le soutien mutuel sont au cœur de nos valeurs. Vous bénéficierez d'espaces de travail modernes, flexibles et complètement digitaux, ainsi que d'une culture d'entreprise dynamique, humaine et collaborative. De plus, vous aurez l'occasion de participer à des événements d'entreprise, des team buildings et des célébrations régulières pour célébrer vos réussites et contributions. Rejoignez-nous et contribuez à la mission de l' Hôpital Universitaire International de Rabat ! | Culture de l'entreprise : HUIR – L’Hôpital Universitaire International de Rabat évolue dans une culture majoritairement orientée coopération , où l’humain, la solidarité et la qualité des relations professionnelles occupent une place centrale. L’établissement privilégie un management de proximité fondé sur la confiance, la responsabilisation et l’accompagnement des équipes. Cette dynamique collaborative est complétée par une dimension innovation significative , encourageant l’initiative, l’expérimentation et l’amélioration continue des pratiques. Elle s’appuie également sur une organisation structurée garantissant rigueur, fiabilité et efficacité, tandis que la logique de compétition reste volontairement secondaire. | Poste : Nous recherchons un Infirmier polyvalent spécialisé ONCO/HEMATO/CHIMIO expérimenté(e) et rigoureux(se) pour rejoindre notre Direction des Soins et de l'Hygiène Hospitalière à l'HUIR. Il/ Elle sera chargé(e) d'assurer l'accueil et la prise en charge du patient, identifier les besoins de la personne, poser un diagnostic infirmier, formuler des objectifs de soins, mettre en œuvre les actions appropriées et les évaluer. Vos principales missions seront : 1. - Accueillir le patient et recueillir ses données administratives (identité, âge, sexe…) et cliniques. - Écouter et réconforter le patient ainsi que ses proches. - Informer et éduquer le patient, sa famille et son entourage. 2. - Donner les divers soins et traitements médicamenteux prescrits par le médecin jusqu'à la sortie du patient - Réaliser les soins de confort et de bien-être en collaboration avec l'aide-soignante. - Surveiller l'évolution de l'état de santé du patient. - Réaliser les soins à visée préventive (changement de positions, soins préventifs d'escarre..) - Préparer les patients pour les interventions chirurgicales, les exploration, les examens biologiques et radilogiques, - Réaliser les soins thérapeutiques (perfusion, injection, administration des traitements préscrits) 3. - Effectuer la mise à jour des feuilles de surveillance et de traitement. -Assurer les transmissions orales et écrites entre les différents membre de l'équipes - Respecter le dispatching des patients par le responsable. - Inscrire tout acte réalisé dans le dossier de soins infirmiers informatisé. - Participer à l'élaboration des fiches techniques et protocoles de soins. 4. - Préparer et entretenir le chariot de soins. - Contrôler, gérer et entretenir les matériels et dispositifs médicaux (chariot de soins, matériel biomédical). - Déterminer les besoins en médicaments et dispositifs médicaux pour les patients sous sa responsabilité. 5. - Former et encadrer les nouveaux personnels et les stagiaires. 6. -Veiller au respect des règles d'hygiène (lavage des mains, tri des déchets -Assurer la prévention des infections nosocomiales | Profil recherché : Diplôme d'infirmier polyvalent Expérience de 3 ans et plus en service d'oncologie 1 à 2 ans en soins généraux Expérience dans un service d'onco-hématologie, HDJC Protocoles de chimiothérapie Gestion des dispositifs veineux implantables Gestion des toxicités, extravasation.. Gestion de la douleur, nutrition, fatigue, soins palliatifs Gestion des produits sanguins labiles Capacité de diagnostiquer et de satisfaire les besoins du patient Connaissance des responsabilités d'un(e) infirmier (ère) Connaissance des procédures de bonnes pratiques et techniques concernant son champ d'activité Conduite d'une réanimation en partenariat avec le médecin responsable dans le cadre de l'urgence.",Extraversion | Sensibilité émotionnelle | Implication au travail | Humilité,https://www.rekrute.com/offre-emploi-infirmiers-polyvalents-specialises-oncohematochimio-recrutement-huir---lhopital-universitaire-international-de-rabat-rabat-181861.html,N/A,2026-04-19T00:36:35.924064
rekrute,Infirmiers polyvalents spécialisés Dialyse | Rabat (Maroc),L'Hôpital Universitaire International de Rabat (HUIR),Rabat et région - Maroc,CDI,Santé / Social (métiers de)                                                                 - Secteur Pharmacie / Santé,Intermédiaire (3 à 5 ans),Bac +3 Minimum - Autre,N/A,"Entreprise : L'Hôpital Universitaire International de Rabat (HUIR), affilié à l'Université Internationale de Rabat (UIR), est un nouveau centre hospitalo-universitaire qui ouvrira ses portes prochainement. Ce centre d'excellence proposera une quarantaine de spécialités médicales et chirurgicales, équipées d'un plateau biomédical de dernière génération. Avec une capacité d'accueil de 450 lits et places, cet hôpital futuriste représente un investissement d'environ 2 milliards de dirhams et emploiera à terme plus de 1 200 salariés. Nous vous offrons un environnement de travail bienveillant et attentif où les collaborateurs sont au cœur de l'action. Vous y trouverez des opportunités d'épanouissement professionnel et personnel, avec des possibilités de développement professionnel et de formation continue pour améliorer vos compétences et progresser dans votre carrière. Vous aurez la possibilité de participer à des projets innovants au sein d'un établissement de santé de renommée. Vous pourrez contribuer à des initiatives qui façonnent l'avenir de la médecine et des soins de santé au Maroc Vous travaillerez dans un environnement moderne, équipé des dernières technologies digitales, stimulant et collaboratif, où la bienveillance et le soutien mutuel sont au cœur de nos valeurs. Vous bénéficierez d'espaces de travail modernes, flexibles et complètement digitaux, ainsi que d'une culture d'entreprise dynamique, humaine et collaborative. De plus, vous aurez l'occasion de participer à des événements d'entreprise, des team buildings et des célébrations régulières pour célébrer vos réussites et contributions. Rejoignez-nous et contribuez à la mission de l' Hôpital Universitaire International de Rabat ! | Culture de l'entreprise : HUIR – L’Hôpital Universitaire International de Rabat évolue dans une culture majoritairement orientée coopération , où l’humain, la solidarité et la qualité des relations professionnelles occupent une place centrale. L’établissement privilégie un management de proximité fondé sur la confiance, la responsabilisation et l’accompagnement des équipes. Cette dynamique collaborative est complétée par une dimension innovation significative , encourageant l’initiative, l’expérimentation et l’amélioration continue des pratiques. Elle s’appuie également sur une organisation structurée garantissant rigueur, fiabilité et efficacité, tandis que la logique de compétition reste volontairement secondaire. | Poste : Nous recherchons un Infirmier polyvalent spécialisé Dialyse expérimenté(e) et rigoureux(se) pour rejoindre notre Direction des Soins et de l'Hygiène Hospitalière à l'HUIR. Il/ Elle sera chargé(e) d'assurer l'accueil et la prise en charge du patient, identifier les besoins de la personne, poser un diagnostic infirmier, formuler des objectifs de soins, mettre en œuvre les actions appropriées et les évaluer. Vos principales missions seront : 1. - Accueillir le patient et recueillir ses données administratives (identité, âge, sexe…) et cliniques. - Écouter et réconforter le patient ainsi que ses proches. - Informer et éduquer le patient, sa famille et son entourage. 2. - Donner les divers soins et traitements médicamenteux prescrits par le médecin jusqu'à la sortie du patient - Réaliser les soins de confort et de bien-être en collaboration avec l'aide-soignante. - Surveiller l'évolution de l'état de santé du patient. - Réaliser les soins à visée préventive (changement de positions, soins préventifs d'escarre..) - Préparer les patients pour les interventions chirurgicales, les exploration, les examens biologiques et radilogiques, - Réaliser les soins thérapeutiques (perfusion, injection, administration des traitements préscrits) 3. - Effectuer la mise à jour des feuilles de surveillance et de traitement. -Assurer les transmissions orales et écrites entre les différents membre de l'équipes - Respecter le dispatching des patients par le responsable. - Inscrire tout acte réalisé dans le dossier de soins infirmiers informatisé. - Participer à l'élaboration des fiches techniques et protocoles de soins. 4. - Préparer et entretenir le chariot de soins. - Contrôler, gérer et entretenir les matériels et dispositifs médicaux (chariot de soins, matériel biomédical). - Déterminer les besoins en médicaments et dispositifs médicaux pour les patients sous sa responsabilité. 5. - Former et encadrer les nouveaux personnels et les stagiaires. 6. -Veiller au respect des règles d'hygiène (lavage des mains, tri des déchets -Assurer la prévention des infections nosocomiales | Profil recherché : Diplôme d'infirmier Expérience de 3 ans et plus Compétence technique , relationnelle et organisationnelle en service de dialyse Capacité de diagnostiquer et de satisfaire les besoins du patient Connaissance des responsabilités d'un(e) infirmier (ère) Connaissance des procédures de bonnes pratiques et techniques concernant son champ d'activité Conduite d'une réanimation en partenariat avec le médecin responsable dans le cadre de l'urgence.",Extraversion | Sensibilité émotionnelle | Implication au travail | Humilité,https://www.rekrute.com/offre-emploi-infirmiers-polyvalents-specialises-dialyse-recrutement-huir---lhopital-universitaire-international-de-rabat-rabat-181860.html,N/A,2026-04-19T00:36:39.354297
rekrute,Infirmier polyvalent spécialisé en cathétérisme | Rabat (Maroc),L'Hôpital Universitaire International de Rabat (HUIR),Rabat et région - Maroc,CDI,Santé / Social (métiers de)                                                                 - Secteur Pharmacie / Santé,Intermédiaire (3 à 5 ans),Bac +3 Minimum - Autre,N/A,"Entreprise : L'Hôpital Universitaire International de Rabat (HUIR), affilié à l'Université Internationale de Rabat (UIR), est un nouveau centre hospitalo-universitaire qui ouvrira ses portes prochainement. Ce centre d'excellence proposera une quarantaine de spécialités médicales et chirurgicales, équipées d'un plateau biomédical de dernière génération. Avec une capacité d'accueil de 450 lits et places, cet hôpital futuriste représente un investissement d'environ 2 milliards de dirhams et emploiera à terme plus de 1 200 salariés. Nous vous offrons un environnement de travail bienveillant et attentif où les collaborateurs sont au cœur de l'action. Vous y trouverez des opportunités d'épanouissement professionnel et personnel, avec des possibilités de développement professionnel et de formation continue pour améliorer vos compétences et progresser dans votre carrière. Vous aurez la possibilité de participer à des projets innovants au sein d'un établissement de santé de renommée. Vous pourrez contribuer à des initiatives qui façonnent l'avenir de la médecine et des soins de santé au Maroc Vous travaillerez dans un environnement moderne, équipé des dernières technologies digitales, stimulant et collaboratif, où la bienveillance et le soutien mutuel sont au cœur de nos valeurs. Vous bénéficierez d'espaces de travail modernes, flexibles et complètement digitaux, ainsi que d'une culture d'entreprise dynamique, humaine et collaborative. De plus, vous aurez l'occasion de participer à des événements d'entreprise, des team buildings et des célébrations régulières pour célébrer vos réussites et contributions. Rejoignez-nous et contribuez à la mission de l' Hôpital Universitaire International de Rabat ! | Culture de l'entreprise : HUIR – L’Hôpital Universitaire International de Rabat évolue dans une culture majoritairement orientée coopération , où l’humain, la solidarité et la qualité des relations professionnelles occupent une place centrale. L’établissement privilégie un management de proximité fondé sur la confiance, la responsabilisation et l’accompagnement des équipes. Cette dynamique collaborative est complétée par une dimension innovation significative , encourageant l’initiative, l’expérimentation et l’amélioration continue des pratiques. Elle s’appuie également sur une organisation structurée garantissant rigueur, fiabilité et efficacité, tandis que la logique de compétition reste volontairement secondaire. | Poste : Nous recherchons un Infirmier polyvalent spécialisé en cathétérisme expérimenté(e) et rigoureux(se) pour rejoindre notre Direction des Soins et de l'Hygiène Hospitalière à l'HUIR. Il/ Elle sera chargé(e) d'assurer l'accueil et la prise en charge du patient, identifier les besoins de la personne, poser un diagnostic infirmier, formuler des objectifs de soins, mettre en œuvre les actions appropriées et les évaluer. Vos principales missions seront : 1. - Accueillir le patient et recueillir ses données administratives (identité, âge, sexe…) et cliniques. - Écouter et réconforter le patient ainsi que ses proches. - Informer et éduquer le patient, sa famille et son entourage. 2. - Donner les divers soins et traitements médicamenteux prescrits par le médecin jusqu'à la sortie du patient - Réaliser les soins de confort et de bien-être en collaboration avec l'aide-soignante. - Surveiller l'évolution de l'état de santé du patient. - Réaliser les soins à visée préventive (changement de positions, soins préventifs d'escarre..) - Préparer les patients pour les interventions chirurgicales, les exploration, les examens biologiques et radilogiques, - Réaliser les soins thérapeutiques (perfusion, injection, administration des traitements préscrits) 3. - Effectuer la mise à jour des feuilles de surveillance et de traitement. -Assurer les transmissions orales et écrites entre les différents membre de l'équipes - Respecter le dispatching des patients par le responsable. - Inscrire tout acte réalisé dans le dossier de soins infirmiers informatisé. - Participer à l'élaboration des fiches techniques et protocoles de soins. 4. - Préparer et entretenir le chariot de soins. - Contrôler, gérer et entretenir les matériels et dispositifs médicaux (chariot de soins, matériel biomédical). - Déterminer les besoins en médicaments et dispositifs médicaux pour les patients sous sa responsabilité. 5. - Former et encadrer les nouveaux personnels et les stagiaires. 6. -Veiller au respect des règles d'hygiène (lavage des mains, tri des déchets -Assurer la prévention des infections nosocomiales | Profil recherché : Diplôme d'infirmier Expérience de 3 ans et plus Capacité de diagnostiquer et de satisfaire les besoins du patient Connaissance des responsabilités d'un(e) infirmier (ère) Connaissance des procédures de bonnes pratiques et techniques concernant son champ d'activité Conduite d'une réanimation en partenariat avec le médecin responsable dans le cadre de l'urgence.",Extraversion | Sensibilité émotionnelle | Implication au travail | Humilité,https://www.rekrute.com/offre-emploi-infirmier-polyvalent-specialise-en-catheterisme-recrutement-huir---lhopital-universitaire-international-de-rabat-rabat-181859.html,N/A,2026-04-19T00:36:42.135797
rekrute,Chef de projet Data/FTTH (H/F) | Rabat (Maroc),BTECHNOLOGIE,Rabat et région - Maroc,CDI,Informatique / Electronique - Télécom / Réseaux - Secteur Informatique								- Telecom,Junior (1 à 3 ans) - Intermédiaire (3 à 5 ans),Bac +5 et plus Minimum - Ecole d'ingénieur - Master,N/A,"Entreprise : BTECHNOLOGIE est un centre d’excellence premium au service de Bouygues Telecom filiale du groupe Accenture, visant à augmenter sa capacité de delivery, à améliorer la qualité perçue par ses clients finaux et à accompagner la croissance technologique dans une perspective d’économie décarbonée. Aujourd'hui, le centre compte plus de 500 talents et ambitionne d’atteindre les 1000 talents d’ici 2026. Envie de nouvelles perspectives de carrière ? Nous vous invitons à rejoindre notre centre d'excellence à Rabat, où vous participerez à des projets d'envergure avec une vision à long terme. Chaque jour est une opportunité de relever de nouveaux défis et de contribuer à façonner l'avenir de la technologie. Ensemble, nous bâtissons un avenir innovant, propulsé par votre talent et notre passion pour l'excellence. En intégrant notre équipe, vous serez reconnu(e) comme un collaborateur interne de Bouygues Telecom, acteur majeur des télécommunications. Nos atouts chez BTechnologie : • Bénéficiez d’un accompagnement personnalisé dès votre 1er jour d’arrivée par notre équipe Onboarding et votre futur Manager (accueil au sein de nos locaux à Rabat, journée d’onboarding, petit-déjeuner convivial). • Développez vos compétences techniques, fonctionnelles ou de management, grâce au catalogues de formations Accenture et à l’aide de nos Practice Managers et de leurs communautés. • Faîtes évoluer votre carrière grâce à notre politique de mobilité. | Poste : Vos Missions : Élaboration et mise à jour des prévisions commerciales à court et moyen terme. Suivi et analyse des performances liées au déploiement XP Fibre. Pilotage des OLTs à travers le suivi des indicateurs clés (blocages, répartition, alertes). Réalisation d’analyses ponctuelles en fonction des besoins opérationnels. Participation aux comités de pilotage pour assurer la coordination et le suivi des activités. Contribution à des projets transverses en lien avec le périmètre DPP. | Profil recherché : COMPETENCES TECHNIQUES : Infrastructure FTTH: NRO, OLT, PM. Maîtriser de l’analyse de données avec Excel/PI. Savoir extraire les informations pertinentes dans une base de données. Aptitude à détecter, évaluer et gérer les risques associés aux données et aux analyses. SOFT SKILLS : Communication & écoute. Planification et organisation. Gestion de projet transverse. Autonomie. Rigueur. Curiosité et esprit d’initiative. Résolution de problèmes.",Volonté de persuasion | Flexibilité | Besoin de réflexion | Besoin d'autonomie | Implication au travail | Ambition,https://www.rekrute.com/offre-emploi-chef-de-projet-dataftth-hf-recrutement-btechnologie-rabat-181858.html,N/A,2026-04-19T00:36:45.382966
rekrute,Infirmier polyvalent spécialisé en hygiène | Rabat (Maroc),L'Hôpital Universitaire International de Rabat (HUIR),Rabat et région - Maroc,CDI,Santé / Social (métiers de)                                                                 - Secteur Pharmacie / Santé,Intermédiaire (3 à 5 ans),Bac +3 Minimum - Autre,N/A,"Entreprise : L'Hôpital Universitaire International de Rabat (HUIR), affilié à l'Université Internationale de Rabat (UIR), est un nouveau centre hospitalo-universitaire qui ouvrira ses portes prochainement. Ce centre d'excellence proposera une quarantaine de spécialités médicales et chirurgicales, équipées d'un plateau biomédical de dernière génération. Avec une capacité d'accueil de 450 lits et places, cet hôpital futuriste représente un investissement d'environ 2 milliards de dirhams et emploiera à terme plus de 1 200 salariés. Nous vous offrons un environnement de travail bienveillant et attentif où les collaborateurs sont au cœur de l'action. Vous y trouverez des opportunités d'épanouissement professionnel et personnel, avec des possibilités de développement professionnel et de formation continue pour améliorer vos compétences et progresser dans votre carrière. Vous aurez la possibilité de participer à des projets innovants au sein d'un établissement de santé de renommée. Vous pourrez contribuer à des initiatives qui façonnent l'avenir de la médecine et des soins de santé au Maroc Vous travaillerez dans un environnement moderne, équipé des dernières technologies digitales, stimulant et collaboratif, où la bienveillance et le soutien mutuel sont au cœur de nos valeurs. Vous bénéficierez d'espaces de travail modernes, flexibles et complètement digitaux, ainsi que d'une culture d'entreprise dynamique, humaine et collaborative. De plus, vous aurez l'occasion de participer à des événements d'entreprise, des team buildings et des célébrations régulières pour célébrer vos réussites et contributions. Rejoignez-nous et contribuez à la mission de l' Hôpital Universitaire International de Rabat ! | Culture de l'entreprise : HUIR – L’Hôpital Universitaire International de Rabat évolue dans une culture majoritairement orientée coopération , où l’humain, la solidarité et la qualité des relations professionnelles occupent une place centrale. L’établissement privilégie un management de proximité fondé sur la confiance, la responsabilisation et l’accompagnement des équipes. Cette dynamique collaborative est complétée par une dimension innovation significative , encourageant l’initiative, l’expérimentation et l’amélioration continue des pratiques. Elle s’appuie également sur une organisation structurée garantissant rigueur, fiabilité et efficacité, tandis que la logique de compétition reste volontairement secondaire. | Poste : Nous recherchons un Infirmier polyvalent spécialisé en hygiène expérimenté(e) et rigoureux(se) pour rejoindre notre Direction des Soins et de l'Hygiène Hospitalière à l'HUIR. Il/ Elle sera chargé(e) d'assurer l'accueil et la prise en charge du patient, identifier les besoins de la personne, poser un diagnostic infirmier, formuler des objectifs de soins, mettre en œuvre les actions appropriées et les évaluer. Vos principales missions seront : 1. - Accueillir le patient et recueillir ses données administratives (identité, âge, sexe…) et cliniques. - Écouter et réconforter le patient ainsi que ses proches. - Informer et éduquer le patient, sa famille et son entourage. 2. - Donner les divers soins et traitements médicamenteux prescrits par le médecin jusqu'à la sortie du patient - Réaliser les soins de confort et de bien-être en collaboration avec l'aide-soignante. - Surveiller l'évolution de l'état de santé du patient. - Réaliser les soins à visée préventive (changement de positions, soins préventifs d'escarre..) - Préparer les patients pour les interventions chirurgicales, les exploration, les examens biologiques et radilogiques, - Réaliser les soins thérapeutiques (perfusion, injection, administration des traitements préscrits) 3. - Effectuer la mise à jour des feuilles de surveillance et de traitement. -Assurer les transmissions orales et écrites entre les différents membre de l'équipes - Respecter le dispatching des patients par le responsable. - Inscrire tout acte réalisé dans le dossier de soins infirmiers informatisé. - Participer à l'élaboration des fiches techniques et protocoles de soins. 4. - Préparer et entretenir le chariot de soins. - Contrôler, gérer et entretenir les matériels et dispositifs médicaux (chariot de soins, matériel biomédical). - Déterminer les besoins en médicaments et dispositifs médicaux pour les patients sous sa responsabilité. 5. - Former et encadrer les nouveaux personnels et les stagiaires. 6. -Veiller au respect des règles d'hygiène (lavage des mains, tri des déchets -Assurer la prévention des infections nosocomiales | Profil recherché : Diplôme d'infirmier Expérience de 3 ans et plus Formation supplémentaire en hygiène Capacité de diagnostiquer et de satisfaire les besoins du patient Connaissance des responsabilités d'un(e) infirmier (ère) Connaissance des procédures de bonnes pratiques et techniques concernant son champ d'activité Conduite d'une réanimation en partenariat avec le médecin responsable dans le cadre de l'urgence.",Extraversion | Sensibilité émotionnelle | Implication au travail | Humilité,https://www.rekrute.com/offre-emploi-infirmier-polyvalent-specialise-en-hygiene-recrutement-huir---lhopital-universitaire-international-de-rabat-rabat-181857.html,N/A,2026-04-19T00:36:48.331649
rekrute,Ingénieur Test Automatisé | Casablanca (Maroc),Capgemini,Casablanca et région - Maroc,CDI,Informatique / Electronique                                                                 - Secteur Informatique,Intermédiaire (3 à 5 ans),Bac +5 et plus - Ecole d'ingénieur,N/A,"Entreprise : Capgemini est un leader mondial, responsable et multiculturel, regroupant 325 000 personnes dans plus de 50 pays. Partenaire stratégique des entreprises pour la transformation de leurs activités en tirant profit de toute la puissance de la technologie, le Groupe est guidé au quotidien par sa raison d’être : libérer les énergies humaines par la technologie pour un avenir inclusif et durable. Fort de 55 ans d’expérience et d’une grande expertise des différents secteurs d’activité, Capgemini est reconnu par ses clients pour répondre à l’ensemble de leurs besoins, de la stratégie et du design jusqu’au management des opérations, en tirant parti des innovations dans les domaines en perpétuelle évolution du cloud, de la data, de l’Intelligence Artificielle, de la connectivité, des logiciels, de l’ingénierie digitale et des plateformes. Le Groupe a réalisé un chiffre d'affaires de 18 milliards d'euros en 2021. | Culture de l'entreprise : Capgemini se distingue par une culture majoritairement orientée vers la coopération , plaçant l’humain, la confiance et le travail collectif au cœur de ses pratiques. Le management de proximité encourage l’accompagnement, la responsabilisation et le développement des compétences dans un environnement bienveillant. Cette culture est soutenue par une forte dimension d’ organisation , garantissant rigueur des processus, fiabilité et efficacité opérationnelle. Elle est complétée par une composante de compétition , orientée vers la performance et la satisfaction client, tandis que l’ innovation , plus mesurée, accompagne l’évolution continue des offres et des expertises. | Poste : Rejoignez une entreprise dynamique dans le secteur de l'informatique en tant qu'Ingénieur Test Fonctionnel. Vous intégrez notre équipe à Casablanca, et participez activement à l'amélioration continue de la qualité de nos solutions logicielles. Au sein de nos équipes projet, vous contribuerez au développement de solutions digitales innovantes pour des clients grands comptes dans les secteurs banque, assurance, énergie et industrie. Vous intégrerez une équipe pluridisciplinaire, organisée en mode Agile, et intervenant sur des projets à fort impact métier. Missions principales : Définir et piloter la stratégie de test fonctionnel et automatisé. Développer et maintenir des scripts de test automatisés avec Selenium, Playwright, et outils API ( Postman). Intégrer les tests dans les pipelines CI/CD (Jenkins, GitLab CI). Superviser la conception des scénarios de test et assurer leur exécution. Identifier, documenter et suivre les anomalies détectées. Produire des rapports clairs et communiquer efficacement avec les parties prenantes. Contribuer à l’amélioration continue des processus de test et à la montée en compétence des équipes. Compétences techniques : Automatisation : Selenium, Playwright, API testing (Postman). Notions en tests de performance et sécurité. SQL pour validation des données. Connaissance des outils de versioning (Git) et intégration continue. | Profil recherché : Votre profil : Vous êtes titulaire d'un diplôme d'ingénieur (Bac +5 et plus) Diplômé(e) d’un Bac+5 en informatique ou équivalent. Expérience confirmée en automatisation de tests avec Selenium et Robot Framework, Playwright Maîtrise d’un langage de programmation (Python, Java, etc.) utilisé dans les scripts de test. Connaissance des outils de versioning (Git) et d’intégration continue (Jenkins, GitLab CI...). Bonne compréhension des méthodologies de test logiciel et des environnements Agile. Esprit d’analyse, rigueur et capacité à travailler en équipe.",Travail en équipe,https://www.rekrute.com/offre-emploi-ingenieur-test-automatise-recrutement-capgemini-casablanca-181856.html,N/A,2026-04-19T00:36:50.429185
rekrute,Chargé(e) Marketing opérationnel | Casablanca (Maroc),Fort,Casablanca et région - Maroc,CDI,Marketing                                                                 - Secteur Automobile / Motos / Cycles,Junior (1 à 3 ans) - Intermédiaire (3 à 5 ans),Bac +5 et plus Minimum - Master,N/A,"Entreprise : Fort d’un réseau de distribution moderne de 7 succursales et 7 agents à travers le Maroc, M-AUTOMOTIV se donne les moyens d'offrir une large gamme de solutions accessibles & innovantes à ses clients, là où ils se trouvent, aux meilleurs standards de qualité. Site Web : M-automotiv | Culture de l'entreprise : M-automotiv s’appuie sur une culture dominée par la coopération , où la confiance, la solidarité et le bien-être des collaborateurs structurent le quotidien. L’entreprise valorise un management de proximité, fondé sur l’accompagnement, la responsabilisation et la qualité des relations humaines. Cette dynamique collective est renforcée par une orientation compétitive affirmée , orientée vers la performance et l’atteinte d’objectifs mesurables. Les dimensions innovation et organisation , plus modérées, soutiennent l’agilité des équipes tout en assurant un cadre de travail structuré et efficace. | Poste : 1. Activation & Street Marketing • Participer à l’organisation des campagnes de street marketing (roadshows, caravanes, activations urbaines). • Assurer la coordination logistique des opérations terrain (PLV, véhicules, autorisations, planning). • Suivre les prestataires et équipes d’animation. • Veiller au bon déroulement des activations sur le terrain. 2. Événementiel Automobile • Contribuer à l’organisation des lancements de modèles. • Assurer le suivi opérationnel des événements presse et test-drive. • Participer à la préparation des salons et journées portes ouvertes. • Coordonner les besoins matériels avec les sites. 3. Suivi & Reporting • Collecter les données terrain (leads, trafic, essais). • Préparer les reportings post-événement. • Assurer le suivi administratif des dossiers (devis, bons de commande, factures). 4. Coordination • Travailler en étroite collaboration avec l’équipe commerciale. • Être le relais opérationnel entre le marketing et le réseau sur les actions terrain. | Profil recherché : Profil recherché • Bac+5 en Marketing ou Communication. • 2 à 3 ans d’expérience en marketing opérationnel ou événementiel. • Bonne capacité d’organisation et sens du détail. • Réactivité et esprit d’équipe.",Recherche de nouveauté | Extraversion | Flexibilité | Ambition | Organisation,https://www.rekrute.com/offre-emploi-chargee-marketing-operationnel-recrutement-m-automotiv-casablanca-180170.html,N/A,2026-04-19T00:36:53.643372
rekrute,Ingénieur poste de travail -  Microsoft 365 (H/F) | Rabat (Maroc),BTECHNOLOGIE,Rabat et région - Maroc,CDI,Informatique / Electronique                                                                 - Secteur Informatique,Intermédiaire (3 à 5 ans) - Confirmé (5 à 10 ans),Bac +5 et plus Minimum - Ecole d'ingénieur,N/A,"Entreprise : BTECHNOLOGIE est un centre d’excellence premium au service de Bouygues Telecom filiale du groupe Accenture, visant à augmenter sa capacité de delivery, à améliorer la qualité perçue par ses clients finaux et à accompagner la croissance technologique dans une perspective d’économie décarbonée. Aujourd'hui, le centre compte plus de 500 talents et ambitionne d’atteindre les 1000 talents d’ici 2026. Envie de nouvelles perspectives de carrière ? Nous vous invitons à rejoindre notre centre d'excellence à Rabat, où vous participerez à des projets d'envergure avec une vision à long terme. Chaque jour est une opportunité de relever de nouveaux défis et de contribuer à façonner l'avenir de la technologie. Ensemble, nous bâtissons un avenir innovant, propulsé par votre talent et notre passion pour l'excellence. En intégrant notre équipe, vous serez reconnu(e) comme un collaborateur interne de Bouygues Telecom, acteur majeur des télécommunications. Nos atouts chez BTechnologie : • Bénéficiez d’un accompagnement personnalisé dès votre 1er jour d’arrivée par notre équipe Onboarding et votre futur Manager (accueil au sein de nos locaux à Rabat, journée d’onboarding, petit-déjeuner convivial). • Développez vos compétences techniques, fonctionnelles ou de management, grâce au catalogues de formations Accenture et à l’aide de nos Practice Managers et de leurs communautés. • Faîtes évoluer votre carrière grâce à notre politique de mobilité. | Poste : Au sein de l’équipe IT, l’administrateur Microsoft 365 de niveau 2 assure la gestion, le support avancé et l’optimisation de l’environnement Microsoft 365. Il intervient en escalade de niveau 1, prend en charge les incidents techniques, garantit la disponibilité des services et participe à l’amélioration continue de la plateforme. Dans un environnement en constante évolution, sa curiosité et son goût prononcé pour la technique sont des atouts indispensables pour s’adapter, évoluer, et analyser des problèmes dont les solutions ne sont pas toujours fournies dans les procédures Sa capacité d’analyse pourra contribuer à proposer des solutions en vue de diminuer les incidents récurrents. Missions: • Traiter les incidents et demandes complexes liés à Microsoft 365 : Exchange Online, Teams, SharePoint Online, OneDrive, Azure AD, Power Platform • Assurer l’escalade vers le niveau 3 ou les équipes spécialisées si nécessaire. • Analyser les causes racines, proposer des plans d’actions correctifs et mettre en œuvre des solutions durables. • Rédiger les procédures pour le SN1 • Suivre et mettre à jour les tickets dans l’outil Bynow • Suivi des indicateurs MCO • Respect strict des règles de sécurité • S’intéresser aux services M365 et suivre les annonces de Microsoft dans le Message Center • Scripting PowerShell | Profil recherché : Nous recherchons un(e) candidat(e) titulaire d’un Bac+5, avec une expérience de 3 à 5 ans en support niveau 2 sur des environnements Microsoft 365. Compétences techniques principales : Maîtrise d’Exchange Online : gestion des boîtes aux lettres, délégations, flux de messagerie, transport rules, analyse des en-têtes, protocoles DKIM / DMARC / SPF, suivi via tracking logs Bonne expertise sur Microsoft Teams : gestion des équipes, policies, réunions et téléphonie Expérience sur SharePoint Online : gestion des sites, droits d’accès et administration Bonne connaissance de OneDrive Maîtrise d’Azure Active Directory : gestion des comptes et groupes, PIM, Conditional Access, MFA Connaissances des environnements on-premise : Active Directory et Exchange Server Compétences en PowerShell (modules Exchange, Teams, Graph, AD) Bonnes bases en réseau Compétences techniques complémentaires : Connaissances de la Power Platform : Power BI, Power Automate, Power Apps Expérience sur Intune / Jamf Notions sur SCCM Connaissance des environnements virtualisés Gestion des environnements MacOS Compétences comportementales : Excellente capacité d’analyse et de diagnostic Rigueur, autonomie et sens du service Bon relationnel et capacité à interagir avec des utilisateurs non techniques Esprit d’équipe Capacité à documenter clairement les incidents et procédures",Recherche de nouveauté | Besoin de réflexion | Besoin d'autonomie | Implication au travail | Ambition,https://www.rekrute.com/offre-emploi-ingenieur-poste-de-travail---microsoft-365-hf-recrutement-btechnologie-rabat-181387.html,N/A,2026-04-19T00:36:56.557933
rekrute,Ingénieur poste de travail (H/F) | Rabat (Maroc),BTECHNOLOGIE,Rabat et région - Maroc,CDI,Informatique / Electronique                                                                 - Secteur Informatique,Intermédiaire (3 à 5 ans) - Confirmé (5 à 10 ans),Bac +5 et plus Minimum - Ecole d'ingénieur,N/A,"Entreprise : BTECHNOLOGIE est un centre d’excellence premium au service de Bouygues Telecom filiale du groupe Accenture, visant à augmenter sa capacité de delivery, à améliorer la qualité perçue par ses clients finaux et à accompagner la croissance technologique dans une perspective d’économie décarbonée. Aujourd'hui, le centre compte plus de 500 talents et ambitionne d’atteindre les 1000 talents d’ici 2026. Envie de nouvelles perspectives de carrière ? Nous vous invitons à rejoindre notre centre d'excellence à Rabat, où vous participerez à des projets d'envergure avec une vision à long terme. Chaque jour est une opportunité de relever de nouveaux défis et de contribuer à façonner l'avenir de la technologie. Ensemble, nous bâtissons un avenir innovant, propulsé par votre talent et notre passion pour l'excellence. En intégrant notre équipe, vous serez reconnu(e) comme un collaborateur interne de Bouygues Telecom, acteur majeur des télécommunications. Nos atouts chez BTechnologie : • Bénéficiez d’un accompagnement personnalisé dès votre 1er jour d’arrivée par notre équipe Onboarding et votre futur Manager (accueil au sein de nos locaux à Rabat, journée d’onboarding, petit-déjeuner convivial). • Développez vos compétences techniques, fonctionnelles ou de management, grâce au catalogues de formations Accenture et à l’aide de nos Practice Managers et de leurs communautés. • Faîtes évoluer votre carrière grâce à notre politique de mobilité. | Poste : Au sein du service IT en charge de la gestion du poste de travail et du cycle de vie applicatif, vous interviendrez en tant qu’expert sur les technologies Microsoft Windows et Mac OS, sur les solutions de gestion de parc (SCCM / Intune / JamfPro), les processus de packaging et les environnements virtuels sous Citrix. Vous jouerez un rôle clé dans la gestion de MCO des environnements bureautiques. Vous participer activement au traitement des incidents et au packaging des logiciels des équipes bureautique. Vous resterez en contact avec les équipes d’ingénierie sur l’escalade de ticket. Missions: Technicien support Système Windows - Prendre en charge et analyser les incidents N2 sur les différents environnements sous Windows et MAC et suivre le backlog de l’équipe - Comprendre et orienter les incidents suivant les périmètres identifiés Packaging Applicatif - Réaliser le packaging de logiciels dans différents formats : MSI, MSIX, Intunewin, - Assurer l’intégration et la mise en production des packages via SCCM et Intune. - Gérer le cycle de vie des applications (mise à jour, retrait, déploiement) et assurer le suivi Gestion et Automatisation via SCCM & Intune - Administrer SCCM (Mise en place des packages et distribution, maintien des DP, reporting). - Administrer Intune (Mise en place des packages, reporting). - Administrer les MAC avec Jamf pro (apps, mise en place de stratégies, profils de configuration, conformité) Automatisation & Scripting - Développer et maintenir des scripts PowerShell - Maîtrise de VBScript appréciée. Faisant parti d’une équipe commune avec le périmètre M365, vous participerais également aux tâches suivantes : - Traiter les incidents et demandes complexes liés à Microsoft 365 : Exchange Online, Teams, SharePoint Online, OneDrive, Azure AD, Power Platform - Traiter les incidents et demandes complexes liés à Microsoft 365 : Exchange Online, Teams, SharePoint Online, OneDrive, Azure AD, Power Platform - Assurer l’escalade vers le niveau 3 ou les équipes spécialisées si nécessaire. - Analyser les causes racines, proposer des plans d’actions correctifs et mettre en œuvre des solutions durables. - Rédiger les procédures pour le SN1 - Suivre et mettre à jour les tickets dans l’outil Bynow | Profil recherché : Nous recherchons un(e) candidat(e) titulaire d’un Bac+5, avec une expérience comprise entre 3 et 9 ans en support systèmes et environnements utilisateurs. Compétences techniques principales : -Maîtrise de Windows 11 (poste de travail et environnement serveur) dans un contexte d’entreprise (Active Directory / Azure) -Expérience sur SCCM (packaging et déploiement d’applications) -Bonne connaissance de Microsoft Intune -Maîtrise des environnements Citrix -Compétences en scripting PowerShell -Connaissance des environnements virtualisés (App-V, VMware, Nutanix) -Gestion des environnements MacOS Compétences complémentaires appréciées : -Maîtrise de Jamf Pro -Connaissances en VBScript -Expérience sur des solutions de virtualisation (VMware, Nutanix) Qualités attendues : -Bon esprit d’analyse et de résolution de problèmes -Sens du service et bon relationnel -Rigueur et autonomie -Capacité à évoluer dans des environnements techniques complexes Les certifications Microsoft constituent un réel atout.",Recherche de nouveauté | Besoin de réflexion | Besoin d'autonomie | Implication au travail | Ambition,https://www.rekrute.com/offre-emploi-ingenieur-poste-de-travail-hf-recrutement-btechnologie-rabat-181384.html,N/A,2026-04-19T00:36:59.905876
rekrute,Coordinateur Facturation client & documentation commerciale | Casablanca (Maroc),Ciments du Maroc,Casablanca et région - Maroc,CDI,Gestion / Comptabilité / Finance                                                                 - Secteur Banque / Finance								- Comptabilité / Audit,Junior (1 à 3 ans),Bac +3 Minimum - Licence,N/A,"Entreprise : Ciments du Maroc, plus de 70 ans d’histoire d’hommes et de femmes au service du développement du Royaume. Filiale du leader mondial Heidelberg Materials, nous sommes un acteur incontournable des matériaux de construction au Maroc, et groupe industriel de référence opérant dans les métiers du ciment, du béton prêt à l’emploi et des granulats. Notre force réside dans notre savoir-faire, notre engagement et notre capacité à accompagner les grands projets structurants du pays. Avec plus de 900 collaborateurs, nous disposons d’un ancrage territorial solide et d’un dispositif industriel complet : quatre cimenteries – Aït Baha (Agadir), Had Hrara (Safi), M’zoudia (Marrakech) et Témara –, des centres de broyage, des carrières et des centrales à béton répartis sur l’ensemble du territoire . Entreprise responsable et engagée, nous plaçons la sécurité, la réduction de notre empreinte environnementale et le soutien aux communautés locales au cœur de nos priorités. Rejoindre Ciments du Maroc, c’est intégrer une équipe passionnée, évoluer dans un environnement stimulant et contribuer à bâtir un avenir durable pour le Maroc. C’est aussi bénéficier de réelles opportunités de développement professionnel, aussi bien au niveau national qu’international, grâce à notre appartenance à un groupe mondial qui valorise la mobilité et la diversité des parcours. | Culture de l'entreprise : Ciments du Maroc se distingue par une culture majoritairement orientée vers la coopération , où l’humain, la confiance et la qualité des relations de travail occupent une place centrale. L’entreprise favorise un management de proximité, fondé sur l’accompagnement, la responsabilisation et l’engagement collectif. Cette dynamique collaborative est complétée par des dimensions innovation et organisation d’intensité comparable, qui soutiennent à la fois l’amélioration continue, l’adaptabilité et la rigueur des processus. La performance reste présente, mais dans une logique plus mesurée et secondaire. | Poste : Missions : Éditer les factures et relevés de bons de livraison à l'issue des cycles de facturation, en coordination avec les gestionnaires facturation clients. Assurer le contrôle journalier des volumes et l'archivage des bons de commande correspondants. Contrôler périodiquement les bons de livraison et leur numérisation sur SAP par les équipes logistiques. Indexer la documentation des ventes : factures, bons de commande, bons de livraison, accusés de dépôt et relevés de BL. Suivre le dispatch des factures et relevés de BL auprès des clients et piloter la relation avec la société de dispatch. Remonter les écarts documentaires et coordonner les actions correctives avec les équipes commerciales et Contrôle Crédit. Assurer le suivi de la séquentialité des bons de livraison, des rapports de modification et des rapports béton rejeté. Gérer et contrôler les demandes de remboursement clients. Fournir la documentation nécessaire aux besoins de recouvrement amiable ou judiciaire. Établir les reportings liés à la fonction et assister les missions d'audit interne et externe. Veiller au respect des normes de sécurité et des exigences de conformité Groupe. Compétences : Rigueur et précision dans le traitement documentaire Organisation et capacité à gérer plusieurs dossiers en simultané Esprit d'analyse et sens critique pour détecter les incohérences Excellente communication avec des interlocuteurs variés (commercial, finance, logistique, clients) Discrétion et confidentialité dans la manipulation de documents sensibles Esprit d'équipe et adaptabilité | Profil recherché : Profil recherché : Formation Bac+3 en Comptabilité ou Finance. Expérience minimale d'1 an dans un poste similaire en entreprise ou cabinet d'audit / fiduciaire. Maîtrise de SAP R/3 et Excel avancé. Bonne connaissance des outils de gestion documentaire et de signature électronique. Notions en droit commercial et conditions de vente. Langues : Arabe et Français courants, l'anglais est un atout.",Conventionnel | Respect des règles | Besoin d'objectivité | Rationalisme | Besoin de réflexion | Implication au travail | Organisation,https://www.rekrute.com/offre-emploi-coordinateur-facturation-client-documentation-commerciale-recrutement-ciments-du-maroc-casablanca-181854.html,N/A,2026-04-19T00:37:02.736508
rekrute,Téléconseiller Technique (Réception d'appels) | Casablanca (Maroc),Présent depuis 1997 au Maroc,Casablanca et région - Maroc,CDI,Centre d'appels (métiers de) - Informatique / Electronique - Secteur Centre d'appels								- Informatique,Débutant (-1 an),Bac +2 Minimum,N/A,"Entreprise : Présent depuis 1997 au Maroc, Manpower Group est un acteur international incontournable de l’emploi et de l’insertion sociale dans le monde. Au sein du Royaume Chérifien, nous couvrons l’ensemble du territoire, de Tanger à Laayoune. Nos équipes sont formées pour appuyer les entreprises dans la promotion de l’excellence en matière de gestion du capital humain : Intérim, CDD/CDI, Solutions & Ingénierie RH, Développement du capital humain… Pour nos salariés intérimaires , nous proposons une expérience unique, notamment avec la déclaration de 100% des heures travaillées, la mise en place d’une mutuelle pour tous et un accompagnement personnalisé pour les démarches administratives (bancarisation, CNSS…). Pour nos candidats , nous offrons, conformément aux standards mondiaux de Manpower Group, un processus de sélection, d’évaluation et d’accompagnement à la réussite dans leur nouvelle mission. | Poste : En tant que Téléconseiller Technique, vos principales missions seront de : Diagnostiquer et résoudre à distance des incidents matériels et logiciels ; Enregistrer les étapes dans notre outil de ticketing ; Gérer les escalades et enrichir notre base de connaissances. | Profil recherché : Vous êtes titulaire d'un diplôme Bac +2/3 en informatique, avec des compétences avérées en Windows, Office 365, réseaux et ITIL. Vous avez une première expérience dans un poste similaire serait un atout apprécié. Rejoignez notre équipe dès maintenant en vous offrons un environnement propice à votre développement, où vous pourrez mettre en pratique vos compétences et acquérir de nouvelles expertises. Ne manquez pas cette occasion de lancer votre carrière en plein essor ! Postulez dès maintenant en message privé ou envoyez votre candidature",Recherche de nouveauté | Ambition | Besoin de réflexion | Besoin d'autonomie | Implication au travail,https://www.rekrute.com/offre-emploi-teleconseiller-technique-reception-dappels-recrutement-manpower-agences-casablanca-181067.html,N/A,2026-04-19T00:37:04.984832
rekrute,Assistant achats/Assistante achats | Casablanca (Maroc),Atacadao,Casablanca et région - Maroc,Stage,Achats / Supply Chain                                                                 - Secteur Distribution								- Transport / Messagerie / Logistique,Débutant (-1 an),Bac +2 Minimum,N/A,"Entreprise : Atacadao, filiale du Groupe LabelVie, acteur majeur de la grande distribution au Maroc, poursuit son expansion nationale et recrute ses futurs talents pour accompagner l’ouverture de ses nouveaux magasins. | Poste : Dans le cadre de notre croissance, nous recrutons un(e) Assistant(e) Achats motivé(e) pour renforcer notre équipe. Si vous aimez les défis, que vous avez le sens du détail et une vraie appétence pour les relations fournisseurs, cette opportunité est faite pour vous ! Vos missions au quotidien : Gérer les commandes de A à Z : de leur saisie jusqu’au suivi des livraisons. Réaliser des études comparatives et des analyses de marché pour identifier les meilleures opportunités. Gérer les documents administratifs liés aux achats (contrats, bons de commande, factures…). Participer à la sélection et l’évaluation des fournisseurs : vous serez un acteur clé dans nos choix stratégiques. | Profil recherché : Diplômé(e) d’un Bac+2/3 en Commerce, Achats, Logistique ou équivalent. Une première expérience, stage ou alternance compris, dans un service achats ou supply chain. Maîtrise des outils bureautiques, notamment Excel et PowerPoint. Vous êtes rigoureux(se), autonome, curieux(se), et vous aimez travailler en équipe.",Recherche de nouveauté | Respect des règles | Distance émotionnelle | Rationalisme | Besoin d'action,https://www.rekrute.com/offre-emploi-assistant-achatsassistante-achats-recrutement-groupe-labelvie---carrefour-casablanca-181853.html,N/A,2026-04-19T00:37:07.383277
rekrute,Saleforces cloud | Casablanca (Maroc),IPANEMA,Casablanca et région - Maroc,CDI,Informatique / Electronique                                                                 - Secteur Informatique,Intermédiaire (3 à 5 ans),Bac +5 et plus - Master,N/A,"Entreprise : IPANEMA est un cabinet d’accompagnement à la transformation numérique qui fédère des talents autour du développement web, de la Data, ainsi que du Cloud. Au sein d’ IPANEMA , la révolution numérique est une opportunité à saisir pour chaque entreprise. Nous plaçons la technologie et l’humain au cœur de la transition numérique Avec plus de 30 ans d’expérience dans le domaine informatique, le projet d’ Ipanema est d’accompagner les entreprises à 360° dans la transformation digitale. Nos équipes s’engagent à proposer les solutions les plus pertinentes. Ceci afin d’améliorer l’image, la visibilité et la productivité des entreprises. Cette nouvelle entité, basée à Casablanca, nous permet de consolider notre présence et de nous agrandir, tout en continuant à fournir des services de haute qualité à nos clients. Avec une équipe dédiée et une vision axée sur l'avenir, nous sommes prêts à relever de nouveaux défis et à écrire le prochain chapitre passionnant de notre croissance. | Poste : MISSIONS PRINCIPALES Développement Commerce Cloud Développement de cartridges SFCC (JavaScript, ISML, Pipeline/Controllers) Implémentation et customisation sur SFRA (Storefront Reference Architecture) — framework standard B2C actuel Connexion avec des OMS (Manhattan Associates, OneStock) via API REST/SOAP Intégration des flux paiement (Adyen, Stripe), PIM (Contentserv, Akeneo), stock temps réel et programmes de fidélité Optimisation des performances et conformité SEO technique sur SFCC Intégration & Architecture SI Conception et consommation d'API REST pour interfacer Commerce Cloud avec l'écosystème client (ERP, CRM, WMS) Participation aux chantiers d'intégration entre Commerce Cloud et les autres briques Salesforce (Service Cloud, Marketing Cloud) Contribution aux flux de données temps réel entre boutiques physiques et e-commerce (stock, commandes, retours) Qualité & Gouvernance Rédaction et exécution de tests unitaires et fonctionnels Contribution aux pipelines CI/CD (Git, Jenkins, GitHub Actions) dans les environnements SFCC sandbox/staging/prod Participation aux code reviews et respect des standards de qualité définis avec le Tech LeadMISSIONS PRINCIPALES Développement Commerce Cloud Développement de cartridges SFCC (JavaScript, ISML, Pipeline/Controllers) Implémentation et customisation sur SFRA (Storefront Reference Architecture) — framework standard B2C actuel Connexion avec des OMS (Manhattan Associates, OneStock) via API REST/SOAP Intégration des flux paiement (Adyen, Stripe), PIM (Contentserv, Akeneo), stock temps réel et programmes de fidélité Optimisation des performances et conformité SEO technique sur SFCC Intégration & Architecture SI Conception et consommation d'API REST pour interfacer Commerce Cloud avec l'écosystème client (ERP, CRM, WMS) Participation aux chantiers d'intégration entre Commerce Cloud et les autres briques Salesforce (Service Cloud, Marketing Cloud) Contribution aux flux de données temps réel entre boutiques physiques et e-commerce (stock, commandes, retours) Qualité & Gouvernance Rédaction et exécution de tests unitaires et fonctionnels Contribution aux pipelines CI/CD (Git, Jenkins, GitHub Actions) dans les environnements SFCC sandbox/staging/prod Participation aux code reviews et respect des standards de qualité définis avec le Tech Lead | Profil recherché : PROFIL RECHERCHÉ Formation : Bac+5 en informatique ou école d'ingénieurs Expérience : 3 à 6 ans sur l'écosystème Salesforce, dont minimum 2 ans sur des projets B2C Commerce Cloud en production Secteur : expérience en contexte retail, mode, luxe ou distribution multi-canal fortement appréciée Langue : français courant obligatoire, anglais technique Compétences techniques obligatoires SFRA (Storefront Reference Architecture) — pas SiteGenesis uniquement Cartridges JavaScript (Node.js), ISML templates, Controllers, Pipelines Business Manager : configuration produits, catalogues, promotions, sites multi-pays OCAPI / SCAPI : Open Commerce API et Salesforce Commerce API JavaScript / Node.js, REST / SOAP / JSON, Git, CI/CD, HTML / CSS Connaissances appréciées Salesforce Service Cloud, MuleSoft, Manhattan Associates OMS / OneStock, PWA Kit / React Storefront Certifications B2C Commerce Developer  Obligatoire B2C Commerce Architect (Senior+) JavaScript Developer I, Platform Developer I",Flexibilité | Travail en équipe,https://www.rekrute.com/offre-emploi-saleforces-cloud-recrutement-ipanema-consulting-casablanca-181852.html,N/A,2026-04-19T00:37:10.480506
rekrute,Ingénieur d’Études et Développement JAVA/J2EE | Casablanca (Maroc),Acteur incontournable du courtage en Assurances,Casablanca et région - Maroc,CDI,Informatique / Electronique                                                                 - Secteur Assurance / Courtage								- Informatique,Intermédiaire (3 à 5 ans),Bac +5 et plus Minimum - Ecole d'ingénieur,N/A,"Entreprise : Acteur incontournable du courtage en Assurances, HEOMI construit depuis plus de 25 ans, des programmes d’Assurances à destination des particuliers, des travailleurs non-salariés et des entreprises. Leader Français dans la distribution de produits d’assurance en ligne et précurseur en la matière, HEOMI est résolument tournée vers le digital. Notre force c’est d’appartenir au Groupe FINARE qui s’est construit sur des expertises fortes permettant aux structures du Groupe d’intervenir sur l’ensemble de la chaîne de valeur notamment dans les domaines de l’assurance et de l’épargne. Le Groupe FINARE en quelques mots c’est : plus de 1350 collaborateurs répartis dans 3 pays (France, Luxembourg, Maroc), 3 pôles d’activités (assurance, gestion de patrimoine, services). Régulièrement classé parmi le top 10 des meilleurs courtiers grossiste en Assurances, HEOMI est en constante croissance depuis sa création et nous ne comptons pas nous arrêter là ! Notre ambition : devenir le numéro 1 du courtage en Assurances ! Nos valeurs : Engagement, Performance, Innovation, Capital Humain. Si vous êtes sensible à nos valeurs, alors nous sommes sûrement faits pour nous entendre ! | Culture de l'entreprise : HEOMI se caractérise par une culture fortement orientée vers la performance et la compétition , où l’ambition, le goût du challenge et l’orientation client constituent des leviers majeurs de réussite. Cette dynamique est complétée par une dimension de coopération , favorisant la confiance, la responsabilisation et un management de proximité attentif aux équipes. L’entreprise intègre également une composante d’ innovation , plus mesurée, encourageant l’initiative et l’adaptabilité. Enfin, la culture d’ organisation , moins dominante, apporte un cadre structurant au service de l’efficacité. | Poste : Rattaché(e) à la Direction IT, vous interviendrez sur l’ensemble du cycle de vie des applications : Analyse des besoins fonctionnels et techniques Conception, développement et maintenance d’applications Java/J2EE Participation aux phases de tests, de mise en production et de support Rédaction de la documentation technique Contribution à l’amélioration continue des solutions existantes | Profil recherché : 1 à 2 ans d’expérience ; De préférence, une expérience dans le domaine de l’assurance ; Bonne maîtrise des technologies Angular, Hibernate et JSF ; Bonne connaissance de l’environnement Linux ; Maîtrise de Git (gestion de versions) ; Expérience dans les échanges API (REST).",Recherche de nouveauté | Travail en équipe | Flexibilité | Implication au travail,https://www.rekrute.com/offre-emploi-ingenieur-detudes-et-developpement-javaj2ee-recrutement-heomi-casablanca-180874.html,N/A,2026-04-19T00:37:13.684165
rekrute,Chargé(e)s RH | Rabat (Maroc),N/A (confidentiel),Rabat et région - Maroc,CDI,RH / Personnel / Formation                                                                 - Secteur Matériel Médical								- Pharmacie / Santé,Junior (1 à 3 ans) - Intermédiaire (3 à 5 ans),Bac +3 Minimum - Licence - Master,N/A,"Entreprise : Depuis plus de 30 ans, LOCAMED est le leader de la distribution de matériel médical au Maroc. Nous proposons une large gamme de produits couvrant l’orthopédie, l’aide à la mobilité, le maintien à domicile, l’équipement hospitalier, la kinésithérapie, le sport et les secours, ainsi que le consommable médical. Importateur et distributeur exclusif de marques de renommée mondiale, nous garantissons des produits de qualité validés par les professionnels de santé. Notre expertise nous permet d’accompagner efficacement nos clients dans leurs choix d’équipement et de prescriptions médicales. Avec 30 magasins dans les grandes villes du Maroc, notre équipe est à votre service pour vous conseiller et vous fournir le matériel adapté à vos besoins. Résolument tournés vers l’avenir, nous nous engageons à améliorer les soins de santé et à contribuer au bien-être de la population. | Culture de l'entreprise : Locamed adopte une culture largement orientée vers la coopération , où l’humain, la confiance et l’esprit d’équipe occupent une place centrale. L’entreprise privilégie un management de proximité, axé sur l’accompagnement, la responsabilisation et la qualité des relations professionnelles. Cette base collaborative est complétée par une présence marquée de l’innovation , favorisant l’initiative, la créativité et l’adaptabilité. Les dimensions de compétition et d’organisation , plus discrètes, contribuent à structurer l’activité et à soutenir l’atteinte des objectifs. | Poste : Rattaché(es) à la Direction des Ressources Humaines, vous aurez pour missions : Gestion administrative du personnel : Assurer le suivi et la gestion des dossiers administratifs des employés, tels que les contrats de travail, les fiches de paie, les congés, les absences, les fiches de postes Recrutement et intégration : Participer au processus de recrutement en diffusant les offres d'emploi, triant les candidatures, organisant les entretiens et en vérifiant les références. Assurer également l'accueil et l'intégration des nouveaux employés au sein de l’entreprise, Mener des entretiens téléphoniques et physiques. Formation et développement : Coordonner les actions de formation en identifiant les besoins, en organisant les sessions de formation, en assurant le suivi des formations réalisées, et en évaluant leur impact sur les performances des employés. Gestion des relations sociales : Participer à la communication interne en relayant les informations auprès des employés et en gérant les relations avec les représentants du personnel ou les syndicats le cas échéant. Gestion des ressources humaines : Assister dans la gestion des carrières et des évolutions professionnelles des employés, en collaborant notamment avec les responsables hiérarchiques. Contribuer à l'évaluation des performances et à la gestion des compétences. Gestion d’équipe : Coordonner avec les différents membres de l’équipe INAYA et Traitement des réclamations. Participer à la gestion des relations sociales en contribuant à la résolution des conflits éventuels. Organiser des événements internes tels que des séminaires, des formations ou des journées de team building. Contribuer à la mise en place et à l'amélioration des processus internes liés à la gestion des ressources humaines. Collaborer avec les autres départements de l'entreprise pour assurer une communication fluide et une coordination efficace. | Profil recherché : Pour ce poste, nous recherchons des profils présentant les atouts suivants : Bac+3 à Bac+5 en Ressources Humaines ou équivalent Expérience de 2 à 5 ans dans un poste similaire Bonne maîtrise des outils RH et bureautiques Connaissance du droit du travail marocain Excellentes capacités relationnelles et organisationnelles Esprit d’analyse et sens de la confidentialité",Recherche de nouveauté | Extraversion | Besoin d'objectivité | Besoin d'autonomie | Implication au travail,https://www.rekrute.com/offre-emploi-chargees-rh-recrutement-locamed-rabat-181851.html,N/A,2026-04-19T00:37:15.999365
rekrute,Stagiaire Assistant(e) en programmation musicale (H/F) | Rabat (Maroc),N/A (confidentiel),Rabat et région - Maroc,Stage,Internet / Multimédia                                                                 - Secteur Autres services,Junior (1 à 3 ans),Bac +2 Minimum - Université,N/A,"Entreprise : Le Groupe Hit Radio, riche de ses 60 collaborateurs, est un groupe média privé marocain qui a démarré son activité avec le lancement en 2006 d’une radio nationale à destination de la jeunesse. Véritable phénomène de société, Hit Radio est devenue la station musicale n°1 au Maroc. Depuis, la marque est présente dans plusieurs pays subsahariens. Le Groupe opère également une station régionale Radio Azawan qui diffuse sur le Sud du Maroc et compte parmi ses activités une régie publicitaire Néorégie. Vous voulez nous rejoindre ? Postulez ci-dessous : | Culture de l'entreprise : Hit Radio s’inscrit dans une culture à dominante innovation , où la créativité, l’audace et l’expérimentation constituent des moteurs essentiels de performance. L’entreprise valorise l’initiative, l’agilité et l’ouverture d’esprit, offrant un environnement stimulant à des profils en quête d’autonomie et de renouveau. Cette dynamique créative est soutenue par une forte dimension collaborative , favorisant la proximité managériale, l’entraide et la qualité des relations humaines. La culture de la performance et des processus structurés reste présente, mais dans une logique d’accompagnement, au service des projets et de l’efficacité collective. | Poste : Nous sommes à la recherche d’un(e) stagiaire assistant(e) en programmation musicale, motivé(é) pour rejoindre l'équipe Hit Radio . Parmi vos missions, vous aurez à: Rechercher de nouveaux titres, Participer à la programmation quotidienne azawan et webradios Constituer, qualifier et organiser les bases musicales, Contribuer à la réalisation de contenus, Créer des playlists thématiques adaptées à nos différentes audiences. | Profil recherché : Excellente culture musicale, Bonne connaissance des médias, Compréhension des aspects techniques (production, réalisation, diffusion...), Maîtrise des logiciels de diffusion et/ou programmation (un atout), Sens artistique, rigueur et autonomie.",Recherche de nouveauté | Créativité | Intuition / Spontanéité | Flexibilité | Implication au travail,https://www.rekrute.com/offre-emploi-stagiaire-assistante-en-programmation-musicale-hf-recrutement-hit-radio-rabat-181850.html,N/A,2026-04-19T00:37:18.924340
rekrute,Stagiaire Digital : Community Manager | Rabat (Maroc),N/A (confidentiel),Rabat et région - Maroc,Stage,Communication / Publicité / RP - Marketing - Secteur Audiovisuel								- Internet / Multimédia,Débutant (-1 an),Bac +2 Minimum - BTS / DUT,N/A,"Entreprise : Le Groupe Hit Radio, riche de ses 60 collaborateurs, est un groupe média privé marocain qui a démarré son activité avec le lancement en 2006 d’une radio nationale à destination de la jeunesse. Véritable phénomène de société, Hit Radio est devenue la station musicale n°1 au Maroc. Depuis, la marque est présente dans plusieurs pays subsahariens. Le Groupe opère également une station régionale Radio Azawan qui diffuse sur le Sud du Maroc et compte parmi ses activités une régie publicitaire Néorégie. Vous voulez nous rejoindre ? Postulez ci-dessous : | Culture de l'entreprise : Hit Radio s’inscrit dans une culture à dominante innovation , où la créativité, l’audace et l’expérimentation constituent des moteurs essentiels de performance. L’entreprise valorise l’initiative, l’agilité et l’ouverture d’esprit, offrant un environnement stimulant à des profils en quête d’autonomie et de renouveau. Cette dynamique créative est soutenue par une forte dimension collaborative , favorisant la proximité managériale, l’entraide et la qualité des relations humaines. La culture de la performance et des processus structurés reste présente, mais dans une logique d’accompagnement, au service des projets et de l’efficacité collective. | Poste : Mission : Le Groupe Hit Radio recherche un(e) Stagiaire Community Manager. Vos principales missions consisteront à : • Assurer le community management des réseaux sociaux du groupe • Proposer des plannings conversationnels pertinents • Créer et publier les contenus sur les réseaux sociaux • Coordonner avec les équipes de créateurs de contenu • Assurer les reportings hebdomadaires des performances | Profil recherché : Niveau d’études min. requis : • BAC+2 / +3 en Marketing/communication Digitale Niveau d’expérience min. requis : Débutant(e) Une 1ère expérience dans le domaine est un plus Profil requis : • Très bon rédactionnel • Très bonne culture musicale et artistique • Excellente maîtrise de la gestion des réseaux sociaux • Maîtrise des logiciels de PAO (Photoshop, Indesign, Illustrator, After Effects, Canva) • Organisation et autonomie • Réactivité et rapidité d’exécution • Travail en équipe",Extraversion | Besoin d'action | Travail en équipe | Ambition | Flexibilité | Implication au travail | Organisation,https://www.rekrute.com/offre-emploi-stagiaire-digital-community-manager-recrutement-hit-radio-rabat-181849.html,N/A,2026-04-19T00:37:21.842451
rekrute,Chef de projet infrastructure (F/H) | Casablanca (Maroc),N/A (confidentiel),Rabat et région - Maroc,CDI,Informatique / Electronique                                                                 - Secteur Telecom,Confirmé (5 à 10 ans),Bac +5 et plus Minimum - Ecole d'ingénieur - Master,N/A,"Entreprise : Vous êtes en quête de nouveaux défis et souhaitez donner un nouvel élan à votre carrière ? Rejoignez Sofrecom , une entreprise où l’agilité, l’audace et l’esprit d’équipe sont au cœur de notre culture, et où chacun peut s’épanouir pleinement. Filiale du groupe Orange, Sofrecom est une société de conseil et d’ingénierie spécialisée dans les télécommunications. Nous accompagnons nos clients dans leur transformation numérique, en les aidant à anticiper les évolutions technologiques, adapter leurs activités, moderniser leurs organisations et développer des solutions durables et performantes. Avec plus de 3 000 consultant(e)s et expert(e)s issus de 34 nationalités et répartis sur 9 implantations dans le monde, Sofrecom s’appuie sur la richesse des parcours et des talents pour stimuler l’innovation et viser l’excellence. Notre culture d’entreprise valorise un environnement inclusif, diversifié et équitable, où chaque personne est encouragée à s’épanouir pleinement. Nous favorisons l’intégration des jeunes talents, soutenons l’évolution des collaboratrices et collaborateurs expérimentés, et promouvons l’égalité professionnelle pour toutes et tous. Nous nous engageons également à créer des conditions propices à la pleine participation des personnes en situation de handicap. Ainsi, chacun·e peut développer ses compétences, contribuer activement et progresser dans sa carrière, dans un cadre bienveillant, stimulant et respectueux de la diversité. Rejoindre Sofrecom , c’est participer à des projets passionnants, explorer des parcours variés et évoluer dans un environnement qui valorise vos idées, vos compétences et vos ambitions. Postulez dès maintenant et intégrez un lieu où chacun peut s’exprimer librement et trouver sa place. Toutes les données à caractère personnel partagées avec Sofrecom Services Maroc sont traitées conformément à la loi n° 09 08 relative à la protection des données à caractère personnel. Pour exercer vos droits d’accès, de rectification ou d’opposition, merci de contacter la DRH au 05 37 27 99 00. Ensemble, nous contribuons au développement du numérique dans le monde ! | Culture de l'entreprise : Sofrecom Maroc se caractérise par une culture fortement orientée vers la coopération , plaçant l’humain, la confiance et le bien-être des collaborateurs au cœur de son fonctionnement. Le management de proximité encourage l’accompagnement, la responsabilisation et des relations de travail durables au sein d’équipes solidaires. Cette dynamique collaborative est enrichie par une dimension innovation , favorisant l’initiative, l’agilité et l’ouverture aux nouvelles idées. Des processus structurés viennent compléter l’ensemble pour garantir fiabilité et efficacité, tandis que la performance reste présente de manière plus mesurée. | Poste : Au sein de la Direction Plateforme Cloud, vous accompagnez les clients internes d’Orange France sur le périmètre du réseau fixe des salariés, boutiques et sites techniques. Le Chef de Projet a pour mission de piloter le déploiement d’équipements et d’infrastructures nécessaires à la mise à disposition du réseau. • Piloter les projets : Définition des processus pour la réalisation des tâches relatives à la mise à disposition du réseau lors de projets spécifiques Création et gestion de l’équipe projet interne constituée de différentes entités métiers Demande d’affectation de ressources auprès des différents responsables d’entités Suivi d’imputation des ressources affectées au projet Planification, coordination et suivi des travaux de déploiement du réseau afin que ceux-ci soient réalisés en parfaite adéquation avec les différents chantiers adhérents le cas échéant Participer aux COPIL et réunions de chantiers Suivi des commandes et approvisionnement des équipements (OLT, AP WiFi, Switch, etc…) et des services (liens opérateurs Rsx, accès réseau, etc…), Gérer les coûts du projet Validation des phases travaux et mise à disposition des infrastructures Identifier les besoins réseaux annexes (métiers, digitaux.) Etre garant des recommandations de sécurité Traiter et escalader si nécessaire les problèmes non pris en charge par les contributeurs Valider les différents jalons projets par des passages en comité projet et comités de validation • Communiquer avec les parties prenantes des projets : Recueil et analyse des besoins clients Pilotage transverse et coordination des différentes entités métiers permettant de répondre aux besoins clients (infrastructure de câblage fibre optique POL, liens opérateur, réseau, wifi, téléphonie, le digital, contrôle d’accès, couverture mobile indoor, etc…), Communiquer un reporting hebdomadaire concernant l’activité du projet Participer et rendre compte des actions du client lors des réunions d’avancement organisées par les clients • Piloter l’activité de production des liens de gestion : Superviser le traitement des demandes de création et modification des liens de gestion Assurer le respect des engagements et la bonne réalisation (KPI) des activités de l’équipe de production Assurer la relation client en cas de problème Traiter les escalades Assurer le reporting des activités pour alimenter un comité de pilotage mensuel Gérer l’amélioration continue et l’évolution des processus de production • Mettre en place l’activité de production Votre premier projet sera de mettre en place la reprise de l‘activité de production des liens de gestion par une nouvelle équipe (durée estimée de 3 à 6 mois). Vous aurez en charge d’assurer ou de superviser le transfert de compétence depuis le prestataire cédant, vers le nouveau prestataire (formation, montée en compétence de l’équipe, gouvernance etc.) • Vos redevabilités: Assurer le point d’entrée privilégié du client pour le projet Assurer un reporting de l’activité du périmètre (KPIs) Identifier et accompagner le client face à ses difficultés Présentation des étapes LPM au comité Suivi hebdomadaire des projets (faits marquants…) Suivi mensuel de l’activité de production des liens de gestion | Profil recherché : Vous avez une expérience en management de projets, depuis l’expression de besoin jusqu’à la mise en exploitation & supervision incluant le déploiement tout en assurant l’organisation de comités de pilotage avec les acteurs concernés Vous avez des connaissances en réseau d'entreprise, wan, lan Vous disposez d’une capacité éprouvée à délivrer dans les échéances demandées Vous faites preuve de rigueur et de méthode Vous possédez un bon relationnel ce qui vous permet de favoriser la coopération au sein de vos équipes projets et savez gérer les éventuels conflits Vous savez rédiger de manière synthétique et adaptée aux interlocuteurs une présentation ou un reporting, Vous communiquez avec impact auprès de tous types d’interlocuteurs de tous niveaux hiérarchiques Vous avez le sens de l’écoute et de la satisfaction client Compétences indispensables : Gestion de projets, Management transverse et Gestion des priorités Rédaction de comptes-rendus, rapports, articles techniques Connaissances en réseaux et telecom Connaissance réseau IP (switchs, routeurs…) Connaissance sur les principes de sécurité et l’architecture réseau Capacité à faire une communication/restitution vers le client Autonomie dans les actions Compétences souhaitables : Certifications management de projets (CAPM, Prince 2, …)",Recherche de nouveauté | Besoin de réflexion | Besoin d'autonomie | Implication au travail | Ambition,https://www.rekrute.com/offre-emploi-chef-de-projet-infrastructure-fh-recrutement-sofrecom-maroc-casablanca-181016.html,N/A,2026-04-19T00:37:24.070325
rekrute,Office manager | Casablanca (Maroc),HP SEARCH (HIGH POTENTIAL SEARCH)  accompagne ses clients dans le recrutement,Casablanca et région - Maroc,CDI,Assistanat de Direction / Services Généraux                                                                 - Secteur Conseil / Etudes								- Autres services,Junior (1 à 3 ans),Bac +3 Minimum - DEUG - Licence,N/A,"Entreprise : HP SEARCH (HIGH POTENTIAL SEARCH)  accompagne ses clients dans le recrutement, l’évaluation et la sélection de leurs Futurs Talents. Notre expertise dans divers secteurs d’activité nous permet de vous apporter les solutions optimales en recrutement. HP SEARCH est une filiale du groupe TEAMWORK spécialisée en Conseil RH, Formation, Coaching et Teambuilding. | Poste : Pour le compte du cabinet Teamwork consulting , nous recrutons un(e ) office manager  avec comme responsabilités : Collaboration avec l'expert-comptable pour la vérification des documents comptables. Envoi des documents comptables à l'expert-comptable pour la déclaration de la TVA (mensuelle ou trimestrielle). Suivi des paiements et des relances liées à la comptabilité (fournisseurs, clients). Accueil des visiteurs (clients, partenaires, prestataires) avec professionnalisme et courtoisie. Préparation et organisation des salles de réunion pour les visiteurs (disponibilité des équipements, préparation des documents nécessaires). Gestion de l’archivage des documents administratifs et comptables (papier et numérique). Commande et gestion des fournitures de bureau, en assurant le bon approvisionnement. Suivi des stocks et des demandes internes des collaborateurs. Gestion de la correspondance interne et externe. Préparation de documents administratifs (rapports, lettres, contrats) et autres tâches administratives. | Profil recherché : Formation Bac +3 minimum en gestion, comptabilité, administration ou équivalent. Expérience de 1 à 3 ans dans un poste similaire, de préférence dans une entreprise de taille moyenne. Connaissance de base des principes comptables et de la gestion de la TVA. Maîtrise des outils bureautiques et de gestion documentaire (Office, Excel, outils de numérisation et d'archivage).",Conventionnel | Extraversion | Flexibilité | Organisation,https://www.rekrute.com/offre-emploi-office-manager-recrutement-hp-search-casablanca-181848.html,N/A,2026-04-19T00:37:26.518377
rekrute,HR & Admin Officer | Casablanca (Maroc),Basé à Casablanca,Casablanca et région - Maroc,CDI,Gestion / Comptabilité / Finance - RH / Personnel / Formation - Secteur Autres Industries								- Autres services,Junior (1 à 3 ans) - Intermédiaire (3 à 5 ans),Bac +5 et plus - Ecole de commerce,N/A,"Entreprise : Basé à Casablanca, une multinationale du secteur mode et lifestyle dans la coordination des achats et le pilotage de la chaîne d’approvisionnement. | Poste : L'objectif principal de ce poste est d'apporter un soutien essentiel aux équipes RH et administratives, en assurant la fluidité des processus et en contribuant à un environnement de travail optimal. Vous participerez à la gestion quotidienne des aspects administratifs et humains, en garantissant l'efficacité et la conformité des procédures. Vos missions principales seront: • Finance et support administratif : o Gestion de la facturation o Préparation des déclarations fiscales en coordination avec les partenaires externes (administrations, fiduciaire, etc…) o Gestion des achats, de la maintenance et du remplacement du matériel du bureau. • Coordination administrative régionale : o Rédaction et envoi de diverses demandes et courriers aux partenaires externes (banques, administrations locales, etc.). o Mise à jour mensuelle des organigrammes et des guides d'accueil. o Rédaction des certificats, contrats et notes d'information internes. o Collecte, archivage et mise à jour des informations fournisseurs. • Recrutement et intégration des nouveaux collaborateurs : o Assistance au responsable RH et Administration dans le processus de recrutement, notamment la publication des offres d'emploi, la sélection et le tri des candidatures, l'organisation des entretiens dans les trois pays et la communication des retours aux candidats. o Préparation des notes de service pour les nouveaux arrivants et préparer leurs onboarding. • Gestion de la logistique et des déplacements : o Préparation des lettres d'invitation pour les visiteurs et les équipes. o Coordonner l'administration des déplacements, y compris les transferts hôteliers et les réservations de restaurants. o Gérer la logistique des véhicules de fonction, y compris les réparations et les contrôles techniques. o Apporter un soutien à l'organisation d'ateliers, de teambuilding, d'événements, etc. | Profil recherché : Votre parcours académique comprend un diplôme de niveau Bac +5 et plus . Une spécialisation en Gestion, Comptabilité, Finance ou en Ressources Humaines, Personnel, Formation serait un atout majeur. Une expérience professionnelle de 3 à 5 ans est requise. Cette période vous a permis de développer une compréhension approfondie des enjeux administratifs et des pratiques RH. Pour exceller dans ce rôle, vous possédez d'excellentes compétences organisationnelles et une grande rigueur. Votre capacité à gérer plusieurs tâches simultanément et à respecter les échéances est primordiale. Une bonne maîtrise des outils bureautiques (Pack Office) est indispensable. Une grande capacité d'adaptation et d'excellentes compétences en communication en anglais et français sont donc indispensables. Enfin, un bon relationnel et un sens du service client interne sont essentiels pour interagir efficacement avec les collaborateurs. Sens de l'organisation, de fiabilité et rigueur. Capacité à gérer les priorités. Excellentes aptitudes d'analyse et de résolution de problèmes Maîtrise du Pack Office. Excellent relationnel et esprit d'équipe. Si vous vous reconnaissez dans cette description et que vous souhaitez donner un nouvel élan à votre carrière, postulez dès maintenant !",Recherche de nouveauté | Respect des règles | Distance émotionnelle | Intuition / Spontanéité | Flexibilité | Besoin d'autonomie | Organisation,https://www.rekrute.com/offre-emploi-hr-admin-officer-recrutement-confidentiel-casablanca-180460.html,N/A,2026-04-19T00:37:29.766057
rekrute,Conseillers Commerciaux en Assurance – Émission d’Appels - Marrakech | Marrakech (Maroc),Acteur incontournable du courtage en Assurances,Marrakech et région - Maroc,CDI,Centre d'appels (métiers de)                                                                 - Secteur Centre d'appels,Junior (1 à 3 ans),Bac +2 Minimum,Un salaire de base avec commissions deplafonées sur CA,"Entreprise : Acteur incontournable du courtage en Assurances, HEOMI construit depuis plus de 25 ans, des programmes d’Assurances à destination des particuliers, des travailleurs non-salariés et des entreprises. Leader Français dans la distribution de produits d’assurance en ligne et précurseur en la matière, HEOMI est résolument tournée vers le digital. Notre force c’est d’appartenir au Groupe FINARE qui s’est construit sur des expertises fortes permettant aux structures du Groupe d’intervenir sur l’ensemble de la chaîne de valeur notamment dans les domaines de l’assurance et de l’épargne. Le Groupe FINARE en quelques mots c’est : plus de 1350 collaborateurs répartis dans 3 pays (France, Luxembourg, Maroc), 3 pôles d’activités (assurance, gestion de patrimoine, services). Régulièrement classé parmi le top 10 des meilleurs courtiers grossiste en Assurances, HEOMI est en constante croissance depuis sa création et nous ne comptons pas nous arrêter là ! Notre ambition : devenir le numéro 1 du courtage en Assurances ! Nos valeurs : Engagement, Performance, Innovation, Capital Humain. Si vous êtes sensible à nos valeurs, alors nous sommes sûrement faits pour nous entendre ! | Culture de l'entreprise : HEOMI se caractérise par une culture fortement orientée vers la performance et la compétition , où l’ambition, le goût du challenge et l’orientation client constituent des leviers majeurs de réussite. Cette dynamique est complétée par une dimension de coopération , favorisant la confiance, la responsabilisation et un management de proximité attentif aux équipes. L’entreprise intègre également une composante d’ innovation , plus mesurée, encourageant l’initiative et l’adaptabilité. Enfin, la culture d’ organisation , moins dominante, apporte un cadre structurant au service de l’efficacité. | Poste : Dans le cadre de la poursuite de notre développement, nous recrutons des Conseillers Commerciaux : Rejoindre ECA Assurances, c'est dire oui à une expérience qui a du sens, celle où les rencontres et les missions vous poussent à grandir chaque jour au sein d’une équipe engagée et dynamique. Rattaché(e) au chef de ventes, vos principales missions seront les suivantes : Commercialiser des produits d’assurance auprès des particuliers ; Suivre la procédure interne et la charte d'appel préalablement établie ; Répondre précisément aux besoins, demandes et objections des prospects et/ou clients. | Profil recherché : Vous êtes reconnu pour les qualités/compétences suivantes: Vous avez une bonne maitrise des techniques de vente , avec une première expérience réussie en centre d’appel ; Vous avez un bon sens d’analyse, de négociation avec un réel esprit commercial ; Vous êtes réactif et dynamique ; Vous maitrisez bien le français et vous êtes capable d’entretenir une conversation ; Nous recrutons des collaborateurs avec un bel esprit d’équipe, autonomes, curieux, dynamiques. Des personnes avec des valeurs humaines solides, nécessaires à l’apprentissage d’un métier qui peut être nouveau, mais tellement passionnant et enrichissant. Une formation est assurée lors de votre intégration. Avantages sociaux et autres : Un programme de formation pour vous aider à bien intégrer votre rôle. Formation 100% rémunérée dès le 1er jour. Un cadre de travail motivant, convivial, et très agréablement entretenu Contrat CDI Un salaire de base avec commissions deplafonées sur CA Le process de recrutement : Un premier échange téléphonique avec notre Chargée de recrutement. Si cette première étape est validée, vous vous aurez un entretien RH qui sera suivi d’un entretien opérationnel avec les managers. La diversité des profils et expériences des talents qui composent nos équipes est le reflet de notre politique RSE et de nos engagements Vous voulez en savoir plus sur l’entreprise ? Rendez-vous sur notre site internet : https://eca-assurances.com/",Ténacité | Besoin d'action | Travail en équipe | Implication au travail | Organisation,https://www.rekrute.com/offre-emploi-conseillers-commerciaux-en-assurance-emission-dappels---marrakech-recrutement-heomi-marrakech-181567.html,N/A,2026-04-19T00:37:32.930153
rekrute,Chargé de RDV | Marrakech (Maroc),Fondée en 1973,Marrakech et région - Maroc,CDI,Administration des ventes / SAV - Assistanat de Direction / Services Généraux - Secteur Automobile / Motos / Cycles,Junior (1 à 3 ans),Bac +2 Minimum - DEUG,N/A,"Entreprise : Fondée en 1973, la Société Bouderka SARL, concessionnaire exclusif à Marrakech des marques Porsche, Volkswagen, Audi et Škoda, s’appuie sur plus de 50 ans d’excellence dans le secteur automobile. La performance durable de l’entreprise repose sur le développement de ses talents. Sa politique RH est axée sur la montée en compétences, la formation continue et l’appropriation des technologies de pointe, garantissant expertise, engagement et qualité de service. Entreprise responsable, la Société Bouderka SARL favorise un environnement de travail exigeant et collaboratif, fondé sur des valeurs de respect, responsabilité sociale et durabilité, avec l’ambition affirmée d’être un employeur de référence. | Poste : Accueil et gestion des demandes clients (téléphone, mail, sur place); Planification des rendez-vous atelier selon charge, historique véhicule et recommandations constructeur; Coordination avec le service pièces pour la réservation des pièces; Préparation et transmission des dossiers de rendez-vous aux Conseillers Service; Confirmation des rendez-vous, suivi satisfaction et campagnes clients; Gestion des réclamations clients selon les consignes du Responsable SAV; Mise à jour des dossiers clients et suivi des indicateurs de performance. | Profil recherché : Bonne maîtrise des langues; Une expérience préalable en service après-vente et la maîtrise des outils bureautiques et CRM; Ecoute active et excellent service client; Expérience en planification, organisation des rendez-vous et gestion des priorités.",Conventionnel | Extraversion | Volonté de persuasion | Rationalisme | Flexibilité | Implication au travail,https://www.rekrute.com/offre-emploi-charge-de-rdv-recrutement-bouderka-marrakech-181847.html,N/A,2026-04-19T00:37:35.544718
rekrute,Sales Associate Hispanophone | Casablanca (Maroc),C’est,Casablanca et région - Maroc,CDI,Centre d'appels (métiers de)                                                                 - Secteur Centre d'appels,Junior (1 à 3 ans),Bac +2 Minimum - BTS / DUT,N/A,"Entreprise : C’est en 1902 que le Dr Willis H. Carrier invente et fabrique le tout premier climatiseur moderne au monde. Depuis cette date, Carrier Corporation est le numéro un mondial de la climatisation , avec plus de 4 millions d’unités vendues par an, assemblées dans plus de 40 usines de production, installées et entretenues sur cinq continents. Créée en 2014, MCS est le fruit d’une joint-venture signée entre VENTEC Maroc et Carrier, numéro 1 mondial dans le domaine du froid . MCS assure le support technique, commercial et administratif à distance pour le compte de Carrier France , Carrier Espagne , Otis France , Chubb France , CIAT , Carrier Transicold , Carrier Réfrigération et d’autres sociétés du groupe. MCS permet d’assurer avec efficience et efficacité le traitement des demandes particulières et des consultations, la saisie des commandes, la gestion des réclamations ainsi que la planification des interventions et le support technique à distance. Vous souhaitez révéler votre potentiel dans un environnement challengeant et collaboratif ? Vous souhaitez évoluer dans une structure soucieuse de l’épanouissement et de la satisfaction de ses moyens humains ? A vous de saisir l’opportunité et de concrétiser vos idées au cœur de nos projets ambitieux, en nous envoyant votre candidature. | Culture de l'entreprise : Maroc Climate and Security (MCS) – Carrier s’inscrit dans une culture à dominante coopérative , où l’humain, la confiance et la solidarité structurent les relations de travail. L’organisation s’appuie sur un management de proximité, favorisant l’accompagnement, la responsabilisation et l’engagement collectif au service de projets porteurs de sens. Cette dynamique collaborative coexiste avec une forte orientation vers la performance , traduite par des objectifs clairs et une recherche de résultats mesurables. Elle est complétée par des pratiques innovantes encourageant l’initiative ainsi que par une organisation structurée , garantissant rigueur, efficacité et fiabilité. | Poste : Assurer le support aux ingénieurs commerciaux (estimation et administration des ventes). Examiner et enregistrer les contrats clients dans les systèmes internes. Estimer les besoins en matériaux, coûts et marges selon les spécifications des projets. Coordonner avec les équipes internes pour préparer les offres techniques et commerciales. Suivre les activités contractuelles, préparer les soumissions et participer aux réunions clients si nécessaire. | Profil recherché : Bac+3 en commerce ou équivalent. Certification en vente (CSA) souhaitée. Minimum 5 ans d’expérience en opérations commerciales dans le secteur construction/ingénierie.",Respect des règles | Volonté de persuasion | Distance émotionnelle | Ténacité | Besoin d'action | Travail en équipe | Implication au travail | Organisation,https://www.rekrute.com/offre-emploi-sales-associate-hispanophone-recrutement-maroc-climate-and-security-mcs---carrier-casablanca-180023.html,N/A,2026-04-19T00:37:38.925614
rekrute,Chargé de Portefeuille TPE - Recrutement | Casablanca et Rabat (Maroc),Avec plus de 30 ans d’expertise,Tout le Maroc - Maroc,CDI,Banque (métiers de la) - Gestion / Comptabilité / Finance - Secteur Banque / Finance,Intermédiaire (3 à 5 ans),Bac +3 Minimum - Licence - Master,Une politique de rémunération équitable,"Entreprise : Avec plus de 30 ans d’expertise, la Fondation Arrawaj est un acteur économique et social majeur dans le secteur de la micro-finance. Basée au Maroc et avec plus de 2 000 collaborateurs répartis sur plus de 260 agences et 15 régions , la Fondation Arrawaj est fière de contribuer à l’inclusion financière des porteurs de projets et des micro-entrepreneurs exclus des circuits de financements classiques en leur offrant des produits et des services diversifiés, de proximité, adaptés et innovants. Le succès de notre institution repose sur un socle de valeurs fondamentales qui inspirent l’action de l’ensemble de nos collaborateurs et guident nos relations avec les parties prenantes : Engagement : Nous sommes déterminés ensemble à aller jusqu'au bout. Respect : Pour mieux d'apprécier mutuellement Ethique : Le socle de notre conduite Responsabilité : Le sens du devoir au centre de notre mission Rejoignez- nous vite, donnez un élan à votre carrière ! Ce que nous vous offrons : Une politique de développement de carrière équitable et orientée sur les compétences avec un accompagnement personnalisé. Des formations sur mesure pour développer vos compétences à la fois au sein de notre centre ""Talent Academy"", Plateforme E-learning ou à travers des partenaires d'excellence reconnue. Une politique de rémunération équitable et compétitive, centrée sur la performance Individuelle et Collective. Une couverture sociale multi-dimension couvrant les aléas de la vie et assurant votre future et celui de vos enfants. Un environnement de travail convivial et stimulant, axé sur la reconnaissance des initiatives. | Culture de l'entreprise : Fondation Arrawaj présente une culture majoritairement orientée vers l’ innovation , mettant en avant la créativité, l’agilité et l’expérimentation au service de l’impact et de la transformation. Cette orientation est renforcée par une dimension de compétition , traduisant une forte exigence de performance et d’atteinte des résultats. Les registres de coopération et d’ organisation complètent cet équilibre en favorisant le travail collectif, la responsabilisation et la structuration des pratiques. L’environnement s’adresse ainsi à des profils autonomes, engagés et attirés par des contextes dynamiques et évolutifs. | Poste : Dans le cadre de son développement, la Fondation ARRAWAJ recrute des Chargés de Portefeuille TPE H/F au niveau de nos agences à Rabat . En tant que « Chargé de Portefeuille TPE », vous aurez pour principales missions : - Développer et gérer un portefeuille clients TPE : Prospecter de nouveaux clients TPE, fidéliser les clients TPE existants et assurer un accompagnement de proximité. - Commercialiser les produits et services destinés au segment TPE : Identifier les besoins des TPE, conseiller les clients TPE et proposer des solutions financières et non financières adaptées. - Analyser les dossiers de crédit et évaluer les risques : Étudier la situation financière des TPE, vérifier les informations, évaluer les garanties et préparer les dossiers conformément aux procédures. - Assurer le suivi, le recouvrement et la qualité du portefeuille : Suivre les remboursements, prévenir les risques d’impayés et veiller aux indicateurs de performance - Respecter les procédures et assurer le reporting des activités : Appliquer les règles internes, produire les reporting (CRM, visites, prospection, résultats) et contribuer à l’amélioration des pratiques. - Assurer le relais entre le terrain, les clients et l’agence : Remonter les besoins des TPE, partager les informations terrain et représenter l’image de l’institution auprès du segment TPE. | Profil recherché : Titulaire d’un Bac+3 minimum en Comptabilité, Finance, Commerce ou en Gestion Jeune diplômé ou justifiant d’une première expérience réussie comme commercial Dynamique, doté d’une aisance relationnelle avec un goût prononcé pour les challenges Bonne résistance à la pression et au stress Avoir l’esprit d'initiative Bonne capacité d’adaptation Habileté à créer du lien avec les clients",Conventionnel | Respect des règles | Rationalisme | Flexibilité | Implication au travail | Organisation,https://www.rekrute.com/offre-emploi-charge-de-portefeuille-tpe---recrutement-recrutement-fondation-arrawaj-casablanca-et-rabat-181846.html,N/A,2026-04-19T00:37:41.804561
rekrute,Responsable SMQ | Dakhla (Maroc),Azura,Ouad Ed Dahab et région - Maroc,CDI,Production / Qualité / Sécurité / Maintenance                                                                 - Secteur Agriculture / Environnement 								- Agroalimentaire,Intermédiaire (3 à 5 ans),Bac +5 et plus Minimum - Ecole d'ingénieur - Master,N/A,"Entreprise : Azura est un groupe international familial privé, spécialisé dans les filières des fruits & légumes et de l’aquaculture, et figure parmi les leaders mondiaux de la production de tomates cerises. Forts de l’engagement de nos 21 000 collaborateurs et d’un savoir-faire unique, nous cultivons le bon pour la planète, pour nos consommateurs, pour nos équipes et pour les générations futures. Notre stratégie RSE s’étend à l’ensemble de notre chaîne de valeur du champ à l'assiette tout en impliquant activement tous les collaborateurs du groupe. Nos engagements de cultiver le bon pour tous est le ciment de notre culture et de notre gouvernance RH envers les femmes et les hommes qui nous accompagnent notamment en-terme d’environnement de travail, de développements, d’évolutions et de reconnaissance. ""Cultiver le Bon pour la planète, pour les consommateurs, pour la société et pour les collaborateurs est la raison d’être qui a construit le groupe depuis plus de 30 ans et qui forge son ambition pour les générations futures"". Rejoignez-nous et soyez acteur d’un Groupe en forte croissance et résolument tourné vers le futur. | Culture de l'entreprise : Groupe AZURA s’appuie sur une culture majoritairement coopérative , plaçant l’humain, la confiance et l’esprit d’équipe au cœur de son fonctionnement. Le management de proximité favorise l’accompagnement, la responsabilisation et la qualité des relations, permettant aux collaborateurs de s’impliquer durablement dans les projets du groupe. Cette culture est complétée par une forte dimension innovation , encourageant l’initiative, l’agilité et l’ouverture au changement. Les dimensions organisationnelle et compétitive , plus modérées, apportent un cadre structuré et une orientation résultats, tout en préservant une dynamique collective. | Poste : - Maintenir et faire évoluer le Système de Management Qualité (SMQ) de l’entreprise - Assurer la rédaction, mise à jour et maîtrise de la documentation qualité (procédures, modes opératoires, instructions, enregistrements) - Suivre les indicateurs qualité et analyser les non-conformités - Participer au traitement et suivi des actions correctives et préventives - Sensibiliser et accompagner le personnel aux bonnes pratiques qualité - Contribuer à la préparation des audits internes et de certification (IFS, Global GAP, ASC…) | Profil recherché : - Bac +5 en Qualité Agroalimentaire, Halieutique, Management, Ingénierie ou domaine similaire - Expérience de minimum 4 ans dans un poste similaire, idéalement dans le secteur agroalimentaire - Bonnes compétences en communication, leadership et formation des équipes - Rigueur, esprit d’analyse et sens de l’organisation",Respect des règles | Besoin d'objectivité | Rationalisme | Ténacité | Organisation,https://www.rekrute.com/offre-emploi-responsable-smq-recrutement-azura-group-dakhla-181845.html,N/A,2026-04-19T00:37:44.771076
rekrute,Ingénieur Test automatisé | Casablanca (Maroc),Akkodis,Casablanca et région - Maroc,CDI,Informatique / Electronique - Internet / Multimédia - Secteur Informatique								- Offshoring / Nearshoring,Intermédiaire (3 à 5 ans) - Confirmé (5 à 10 ans),Bac +3 Minimum - Licence,N/A,"Entreprise : Akkodis est un leader mondial sur le marché de l'ingénierie et de la R&D qui s'appuie sur la puissance des données connectées pour accélérer l'innovation et la transformation numérique. Avec une passion commune pour la technologie et le talent, 50 000 ingénieurs et experts numériques offrent une expertise intersectorielle approfondie dans 30 pays d'Amérique du Nord, d'EMEA et d'APAC. Akkodis offre une vaste expérience de l'industrie, et un solide savoir-faire dans des secteurs technologiques clés tels que la mobilité, les logiciels et services technologiques, la robotique, les tests, les simulations, la sécurité des données, l'IA et l'analyse des données. L'expertise combinée en informatique et en ingénierie apporte une offre unique de solutions de bout en bout, avec quatre lignes de services - Conseil, Solutions, Talents et Académie - pour aider les clients à repenser leurs processus de développement de produits et leurs processus commerciaux, à améliorer la productivité, à minimiser les délais de commercialisation et à façonner un avenir plus intelligent et plus durable. | Culture de l'entreprise : Akkodis s’appuie sur une culture résolument tournée vers l’innovation , où la créativité, l’expérimentation et l’audace stimulent l’ingénierie et la R&D au quotidien. Cette dynamique s’équilibre avec une forte dimension collaborative , favorisant l’entraide, la proximité managériale et la montée en compétences dans des équipes soudées. Une organisation structurée et rigoureuse soutient l’excellence opérationnelle, essentielle pour répondre aux standards du secteur technologique. Enfin, la performance et le goût du challenge complètent cet ensemble, nourrissant l’ambition collective d’un leader mondial. | Poste : Rejoignez notre dynamique équipe dans le secteur de l' Informatique à Casablanca ! Nous recherchons un talent passionné pour le poste de Test automatisé . En intégrant notre entreprise, vous aurez l'opportunité de contribuer activement à des projets innovants et de développer vos compétences au sein d'un environnement stimulant. L'objectif principal de ce rôle est d'assurer la qualité et la fiabilité de nos logiciels grâce à une stratégie de test automatisé robuste et performante. Vous serez un acteur clé dans l'amélioration continue de nos processus de développement et de livraison, garantissant une expérience utilisateur optimale. Vos missions consisteront à : Concevoir, développer et maintenir des scripts de test automatisés. Exécuter les plans de tests et analyser les résultats. Identifier, documenter et suivre les anomalies. Collaborer étroitement avec les équipes de développement et de production pour assurer la résolution des bugs. Participer à l'amélioration continue des outils et des méthodologies de test. Veiller à l'intégration des tests automatisés dans le cycle de vie du développement logiciel (CI/CD). | Profil recherché : Pour exceller dans ce rôle, un niveau d'études Bac +3 est requis. Une formation dans les domaines de l' Informatique , de l' Électronique , de l' Internet ou du Multimédia serait un atout majeur. Nous recherchons une personne justifiant d'une expérience significative, comprise entre 3 et 10 ans , dans le domaine des tests logiciels, avec une forte composante en automatisation . Les compétences suivantes sont essentielles pour réussir : Maîtrise des langages de script (ex: Python, Java, JavaScript). Expérience avec des outils d'automatisation de tests (ex: Karate, Selenium, Cypress, Playwright). Connaissance des méthodologies de test (fonctionnel, non-fonctionnel). Compréhension des cycles de développement Agile. Capacité à travailler en équipe et bonnes compétences en communication. Autonomie, rigueur et sens de l'organisation. Si vous êtes prêt à relever ce défi et que votre profil correspond, n'attendez plus et postulez rapidement en cliquant sur « Envoyer mon CV au recruteur » ci-dessous.",Créativité | Besoin d'autonomie | Organisation,https://www.rekrute.com/offre-emploi-ingenieur-test-automatise-recrutement-akkodis-maroc-casablanca-181844.html,N/A,2026-04-19T00:37:46.819560
rekrute,Chef Comptable (H/F) - Grand Cérame | Berrechid (Maroc),Grand Cérame –,Casablanca et région - Maroc,CDI,Gestion / Comptabilité / Finance - Travaux / Chantiers / BTP - Secteur Agroalimentaire								- Métallurgie / Sidérurgie,Confirmé (5 à 10 ans) - Expert (10 à 20 ans),Bac +5 et plus Minimum,N/A,"Entreprise : Grand Cérame – Filiale du Groupe El Eulj Filiale du Groupe El Eulj, acteur industriel marocain de référence depuis 1958, Grand Cérame est spécialisée dans la fabrication et la commercialisation de carrelage céramique pour le bâtiment et la décoration intérieure. Créée en 2017, l’entreprise s’appuie sur un site industriel moderne de 6 hectares, doté de lignes de production de dernière génération, lui permettant d’atteindre une capacité annuelle de plus de 5 millions de m² de carreaux. Avec une équipe de plus de 350 collaborateurs, Grand Cérame s’impose aujourd’hui comme un acteur majeur du secteur du carrelage au Maroc, en combinant innovation technologique, qualité de fabrication et créativité dans le design. En intégrant le savoir-faire pluri-sectoriel du Groupe El Eulj, présent dans l’agroalimentaire, la logistique, l’immobilier, l’éducation et les matériaux de construction, Grand Cérame bénéficie d’un ancrage solide et d’une expertise reconnue, renforçant son positionnement comme un partenaire de confiance pour accompagner les grands projets de construction et d’aménagement au Maroc. | Poste : Rattaché(e) au Responsable Administratif et Financier, vous êtes garant de la fiabilité des comptes et du respect des obligations légales, fiscales et sociales. Missions principales : Préparer les arrêtés comptables périodiques et les états de gestion. Superviser et contrôler les travaux réalisés par le service comptable. Contrôler les déclarations fiscales et sociales, et respecter les échéances. Gérer la trésorerie et assurer le suivi des rapprochements bancaires. Vérifier et valider les écritures comptables et analyser les comptes. Établir la liasse fiscale et les états de synthèse annuels. Suivre le portefeuille des effets et des chèques. Contrôler la paie et les dossiers de règlements fournisseurs. Faire appliquer les procédures internes de la Direction Financière et en contrôler le respect. | Profil recherché : Bac+5 en Comptabilité, Finance, Audit ou équivalent. Minimum 8 ans d’expérience en tant que Chef Comptable, idéalement en milieu industriel. Maîtrise de Sage et d’Excel avancé. Solides compétences techniques et capacité à manager une équipe. Rigueur, fiabilité et sens de l’organisation.",Respect des règles | Rationalisme | Conventionnel | Besoin d'objectivité | Flexibilité | Besoin de réflexion | Organisation,https://www.rekrute.com/offre-emploi-chef-comptable-hf---grand-cerame-recrutement-grand-cerame-berrechid-181842.html,N/A,2026-04-19T00:37:49.017954
rekrute,Conseiller Service | Marrakech (Maroc),Fondée en 1973,Marrakech et région - Maroc,CDI,Administration des ventes / SAV                                                                 - Secteur Automobile / Motos / Cycles,Junior (1 à 3 ans),Bac +2 Minimum - Formation professionnelle,N/A,"Entreprise : Fondée en 1973, la Société Bouderka SARL, concessionnaire exclusif à Marrakech des marques Porsche, Volkswagen, Audi et Škoda, s’appuie sur plus de 50 ans d’excellence dans le secteur automobile. La performance durable de l’entreprise repose sur le développement de ses talents. Sa politique RH est axée sur la montée en compétences, la formation continue et l’appropriation des technologies de pointe, garantissant expertise, engagement et qualité de service. Entreprise responsable, la Société Bouderka SARL favorise un environnement de travail exigeant et collaboratif, fondé sur des valeurs de respect, responsabilité sociale et durabilité, avec l’ambition affirmée d’être un employeur de référence. | Poste : Responsabilités Identification des besoins de la clientèle et satisfaction de ces besoins par le biais de produits et/ou d'offres de services; Développement et suivi de relations durables avec la clientèle et les prospects par anticipation et satisfaction de leurs besoins en termes de services et de produits; Fourniture d'une prestation après-vente de qualité constante à chaque client dont ce dernier se souviendra avec satisfaction; Réalisation des objectifs individuels en termes de CA, de volume des ventes et de satisfaction clientèle; Traitement du feedback et des réclamations des clients en respectant les standards en place; Application des outils mis à disposition tels que les systèmes IT SAV (EBP, Elsa Pro, DISS, ETKA, Plan Numérique, Lecteur de clés, PPSO, Service CAM, Service Online.......); Remise des rapports d'activité définis au Responsable SAV; Suivi des dossiers de réparation ouverts et facturation après la fin des travaux. Opération quotidiennes Préparation du rendez-vous service du client (disponibilité de la pièce de rechange, ressource ateller, informations techniques, historique service......); Réception du client selon les standards en application; Confirmation des travaux à entreprendre avec le client et établissement de l'ordre de réparation; Mise à jour de la base de données du client (Adresse, e-mail, N° de téléphone.....); Suivi des réparations en cours avec les collaborateurs atelier; Coordination avec le client sur l'avancement des travaux de maintenance et/ou de réparation; Préparation de la livraison du véhicule au client; Explication au client des travaux exécutés (main-d'oeuvre et pièce de rechange); Facturation du dossier de réparation; Livraison du véhicule au client. | Profil recherché : Diplôme de Technicien Spécialisé en Automobile (BAC+2). Connaissances mécanique, diagnostic automobile Au minimum 1 ans d'expérience dans le secteur automobile.",Volonté de persuasion | Rationalisme | Implication au travail | Improvisation,https://www.rekrute.com/offre-emploi-conseiller-service-recrutement-bouderka-marrakech-181841.html,N/A,2026-04-19T00:37:52.585072
rekrute,Développeur(se) Salesforce (H/F) | Rabat (Maroc),BTECHNOLOGIE,Rabat et région - Maroc,CDI,Informatique / Electronique - Télécom / Réseaux - Secteur Informatique								- Internet / Multimédia,Intermédiaire (3 à 5 ans),Bac +5 et plus Minimum - Ecole d'ingénieur - Master,N/A,"Entreprise : BTECHNOLOGIE est un centre d’excellence premium au service de Bouygues Telecom filiale du groupe Accenture, visant à augmenter sa capacité de delivery, à améliorer la qualité perçue par ses clients finaux et à accompagner la croissance technologique dans une perspective d’économie décarbonée. Aujourd'hui, le centre compte plus de 500 talents et ambitionne d’atteindre les 1000 talents d’ici 2026. Envie de nouvelles perspectives de carrière ? Nous vous invitons à rejoindre notre centre d'excellence à Rabat, où vous participerez à des projets d'envergure avec une vision à long terme. Chaque jour est une opportunité de relever de nouveaux défis et de contribuer à façonner l'avenir de la technologie. Ensemble, nous bâtissons un avenir innovant, propulsé par votre talent et notre passion pour l'excellence. En intégrant notre équipe, vous serez reconnu(e) comme un collaborateur interne de Bouygues Telecom, acteur majeur des télécommunications. Nos atouts chez BTechnologie : • Bénéficiez d’un accompagnement personnalisé dès votre 1er jour d’arrivée par notre équipe Onboarding et votre futur Manager (accueil au sein de nos locaux à Rabat, journée d’onboarding, petit-déjeuner convivial). • Développez vos compétences techniques, fonctionnelles ou de management, grâce au catalogues de formations Accenture et à l’aide de nos Practice Managers et de leurs communautés. • Faîtes évoluer votre carrière grâce à notre politique de mobilité. | Poste : Missions Concevoir et développer des solutions Salesforce Core en réponse aux besoins métiers Paramétrer et faire évoluer les fonctionnalités standard de la plateforme Salesforce Développer des composants techniques en Apex et LWC (Lightning Web Components) Mettre en place des intégrations avec des systèmes tiers via des APIs REST/SOAP Participer aux phases d’analyse technique et de conception des solutions Garantir la qualité, la performance et la maintenabilité du code Collaborer avec les équipes projet en méthodologie Agile (Jira, Scrum) Contribuer aux déploiements et aux bonnes pratiques de développement Assurer la maintenance évolutive et corrective des applications Salesforce Participer à la résolution des incidents et au support technique de niveau avancé | Profil recherché : Stack technique : Apex Lightning Web Components (LWC) Visualforce SOQL / SOSL Triggers & Classes Apex",Recherche de nouveauté | Ambition | Besoin de réflexion | Besoin d'autonomie | Implication au travail,https://www.rekrute.com/offre-emploi-developpeurse-salesforce-hf-recrutement-btechnologie-rabat-179732.html,N/A,2026-04-19T00:37:55.069549
rekrute,Responsable Maintenance (H/F) - Grand Cérame | Berrechid (Maroc),Grand Cérame –,Casablanca et région - Maroc,CDI,Production / Qualité / Sécurité / Maintenance - Travaux / Chantiers / BTP - Secteur Distribution								- Autres Industries,Confirmé (5 à 10 ans) - Expert (10 à 20 ans),Bac +5 et plus Minimum,N/A,"Entreprise : Grand Cérame – Filiale du Groupe El Eulj Filiale du Groupe El Eulj, acteur industriel marocain de référence depuis 1958, Grand Cérame est spécialisée dans la fabrication et la commercialisation de carrelage céramique pour le bâtiment et la décoration intérieure. Créée en 2017, l’entreprise s’appuie sur un site industriel moderne de 6 hectares, doté de lignes de production de dernière génération, lui permettant d’atteindre une capacité annuelle de plus de 5 millions de m² de carreaux. Avec une équipe de plus de 350 collaborateurs, Grand Cérame s’impose aujourd’hui comme un acteur majeur du secteur du carrelage au Maroc, en combinant innovation technologique, qualité de fabrication et créativité dans le design. En intégrant le savoir-faire pluri-sectoriel du Groupe El Eulj, présent dans l’agroalimentaire, la logistique, l’immobilier, l’éducation et les matériaux de construction, Grand Cérame bénéficie d’un ancrage solide et d’une expertise reconnue, renforçant son positionnement comme un partenaire de confiance pour accompagner les grands projets de construction et d’aménagement au Maroc. | Poste : En tant que Responsable Maintenance , vous êtes garant du bon fonctionnement des équipements, matériels et infrastructures de l’usine, dans le respect des exigences de production, de qualité et de sécurité. Vos missions couvrent notamment : Planification et pilotage Élaborer et paramétrer les plannings de maintenance préventive et corrective sur GMAO, en tenant compte des priorités, contraintes de production et coûts. Actualiser les priorités en fonction des bilans de production et suivre le plan d’action associé. Réagir rapidement en cas de panne et assurer la résolution efficace des problèmes. Suivi et amélioration continue Contrôler les interventions réalisées et proposer des actions d’amélioration. Évaluer la performance de la maintenance (disponibilité, taux de réalisation, efficacité des actions) et mettre en place des plans correctifs. Participer à la gestion et à l’optimisation du budget maintenance. Gestion des achats et des fournisseurs Saisir les demandes d’achats techniques sur X3 et assurer le suivi avec le service Achats (local et import). Gérer la relation avec les fournisseurs et constructeurs pour garantir la disponibilité et la conformité des pièces. Suivre les travaux réalisés par les sous-traitants (besoins, réalisation, conformité). Encadrement et formation Organiser et encadrer l’équipe maintenance (recrutement, gestion administrative, affectation, formation). Sensibiliser et former le personnel de production à la maintenance de premier niveau. Développer la polyvalence et les compétences de l’équipe. Gestion des pièces de rechange (PDR) Optimiser la gestion du magasin de pièces de rechange, suivre les indicateurs associés et veiller à la disponibilité permanente des PDR. Préparer et suivre les inventaires du magasin PDR. Reporting et indicateurs Assurer le suivi et l’analyse des indicateurs de performance maintenance via des tableaux de bord. Établir un reporting régulier auprès de la direction et proposer des axes d’amélioration. | Profil recherché : Ingénieur d’État en génie mécanique, industriel, électromécanique ou équivalent. Minimum 8 ans d’expérience dans un poste similaire, en grande industrie. Maîtrise des outils de GMAO et des techniques de maintenance industrielle. Expérience confirmée en management d’équipe et en gestion de projets de maintenance. Connaissance des normes QHSE en milieu industriel.",Respect des règles | Rationalisme | Ténacité | Besoin d'objectivité | Besoin de réflexion | Implication au travail | Organisation,https://www.rekrute.com/offre-emploi-responsable-maintenance-hf---grand-cerame-recrutement-grand-cerame-berrechid-181840.html,N/A,2026-04-19T00:37:56.995149
rekrute,Responsable Administratif & Financier -RAF- (H/F) | Berrechid (Maroc),Grand Cérame –,Casablanca et région - Maroc,CDI,Gestion / Comptabilité / Finance - Travaux / Chantiers / BTP - Secteur BTP / Génie Civil								- Autres Industries,Confirmé (5 à 10 ans) - Expert (10 à 20 ans),Bac +5 et plus Minimum,N/A,"Entreprise : Grand Cérame – Filiale du Groupe El Eulj Filiale du Groupe El Eulj, acteur industriel marocain de référence depuis 1958, Grand Cérame est spécialisée dans la fabrication et la commercialisation de carrelage céramique pour le bâtiment et la décoration intérieure. Créée en 2017, l’entreprise s’appuie sur un site industriel moderne de 6 hectares, doté de lignes de production de dernière génération, lui permettant d’atteindre une capacité annuelle de plus de 5 millions de m² de carreaux. Avec une équipe de plus de 350 collaborateurs, Grand Cérame s’impose aujourd’hui comme un acteur majeur du secteur du carrelage au Maroc, en combinant innovation technologique, qualité de fabrication et créativité dans le design. En intégrant le savoir-faire pluri-sectoriel du Groupe El Eulj, présent dans l’agroalimentaire, la logistique, l’immobilier, l’éducation et les matériaux de construction, Grand Cérame bénéficie d’un ancrage solide et d’une expertise reconnue, renforçant son positionnement comme un partenaire de confiance pour accompagner les grands projets de construction et d’aménagement au Maroc. | Poste : Rattaché(e) à la Direction Générale, vous êtes responsable de la supervision et du pilotage de l’ensemble des activités administratives et financières de l’entreprise. Missions principales (standard RAF en industrie) : Superviser la comptabilité générale, analytique et la trésorerie. Garantir la fiabilité des états financiers et leur conformité réglementaire. Préparer et valider les arrêtés comptables périodiques et annuels. Piloter le contrôle de gestion et veiller à l’optimisation des coûts. Établir les budgets, suivre leur exécution et analyser les écarts. Gérer la fiscalité et veiller au respect des obligations légales et sociales. Superviser les audits internes et externes. Encadrer et animer les équipes comptables et financières. Assurer la relation avec les banques, administrations et partenaires financiers. Contribuer aux décisions stratégiques en tant que partenaire de la Direction Générale. | Profil recherché : Bac+5 en Finance, Comptabilité, Audit ou équivalent. Minimum 8 ans d’expérience dans un poste similaire en environnement industriel. Si expérience hors industrie : 10 ans minimum requis. Maîtrise des normes comptables et fiscales marocaines, et des outils de gestion. Solides compétences en management d’équipe et pilotage budgétaire. Leadership, rigueur et sens stratégique.",Respect des règles | Rationalisme | Conventionnel | Besoin d'objectivité | Besoin de réflexion | Implication au travail | Organisation,https://www.rekrute.com/offre-emploi-responsable-administratif-financier--raf--hf-recrutement-grand-cerame-berrechid-181839.html,N/A,2026-04-19T00:37:59.310560
rekrute,Conseillers Commerciaux en Assurance – Émission d’Appels | Casablanca (Maroc),Acteur incontournable du courtage en Assurances,Casablanca et région - Maroc,CDI,Centre d'appels (métiers de)                                                                 - Secteur Centre d'appels,Junior (1 à 3 ans),Bac +2 Minimum - BTS / DUT,Un salaire de base avec commissions sur CA + primes statuts et contrats,"Entreprise : Acteur incontournable du courtage en Assurances, HEOMI construit depuis plus de 25 ans, des programmes d’Assurances à destination des particuliers, des travailleurs non-salariés et des entreprises. Leader Français dans la distribution de produits d’assurance en ligne et précurseur en la matière, HEOMI est résolument tournée vers le digital. Notre force c’est d’appartenir au Groupe FINARE qui s’est construit sur des expertises fortes permettant aux structures du Groupe d’intervenir sur l’ensemble de la chaîne de valeur notamment dans les domaines de l’assurance et de l’épargne. Le Groupe FINARE en quelques mots c’est : plus de 1350 collaborateurs répartis dans 3 pays (France, Luxembourg, Maroc), 3 pôles d’activités (assurance, gestion de patrimoine, services). Régulièrement classé parmi le top 10 des meilleurs courtiers grossiste en Assurances, HEOMI est en constante croissance depuis sa création et nous ne comptons pas nous arrêter là ! Notre ambition : devenir le numéro 1 du courtage en Assurances ! Nos valeurs : Engagement, Performance, Innovation, Capital Humain. Si vous êtes sensible à nos valeurs, alors nous sommes sûrement faits pour nous entendre ! | Culture de l'entreprise : HEOMI se caractérise par une culture fortement orientée vers la performance et la compétition , où l’ambition, le goût du challenge et l’orientation client constituent des leviers majeurs de réussite. Cette dynamique est complétée par une dimension de coopération , favorisant la confiance, la responsabilisation et un management de proximité attentif aux équipes. L’entreprise intègre également une composante d’ innovation , plus mesurée, encourageant l’initiative et l’adaptabilité. Enfin, la culture d’ organisation , moins dominante, apporte un cadre structurant au service de l’efficacité. | Poste : Dans le cadre de la poursuite de notre développement, nous recrutons des Conseillers Commerciaux : Rejoindre HEOMI, c'est dire oui à une expérience qui a du sens, celle où les rencontres et les missions vous poussent à grandir chaque jour au sein d’une équipe engagée et dynamique. Rattaché(e) au chef de ventes, vos principales missions seront les suivantes : Commercialiser des produits d’assurance auprès des particuliers ; Suivre la procédure interne et la charte d'appel préalablement établie ; Répondre précisément aux besoins, demandes et objections des prospects et/ou clients. | Profil recherché : Vous êtes reconnu pour les qualités/compétences suivantes: Vous avez une bonne maitrise des techniques de vente , avec une première expérience réussie en centre d’appel ; Vous avez un bon sens d’analyse, de négociation avec un réel esprit commercial ; Vous êtes réactif et dynamique ; Vous maitrisez bien le français et vous êtes capable d’entretenir une conversation ; Nous recrutons des collaborateurs avec un bel esprit d’équipe, autonomes, curieux, dynamiques. Des personnes avec des valeurs humaines solides, nécessaires à l’apprentissage d’un métier qui peut être nouveau, mais tellement passionnant et enrichissant. Une formation est assurée lors de votre intégration. Avantages sociaux et autres : Un programme de formation pour vous aider à bien intégrer votre rôle. Formation 100% rémunérée dès le 1er jour. Un cadre de travail motivant, convivial, et très agréablement entretenu Contrat CDI + CNSS + AMO + Mutuelle privée SANLAM + transport assuré Un salaire de base avec commissions sur CA + primes statuts et contrats Le process de recrutement : Un premier échange téléphonique avec notre Chargée de recrutement. Si cette première étape est validée, vous vous aurez un entretien RH qui sera suivi d’un entretien opérationnel avec les managers. La diversité des profils et expériences des talents qui composent nos équipes est le reflet de notre politique RSE et de nos engagements Vous voulez en savoir plus sur l’entreprise ? Rendez-vous sur notre site internet : https://heomi.fr/",Ténacité | Besoin d'action | Travail en équipe | Implication au travail | Organisation,https://www.rekrute.com/offre-emploi-conseillers-commerciaux-en-assurance-emission-dappels-recrutement-heomi-casablanca-181838.html,N/A,2026-04-19T00:38:02.656303
rekrute,Data Analyst | Skhirat (Maroc),N/A (confidentiel),Rabat et région - Maroc,CDI,Informatique / Electronique                                                                 - Secteur Autres services,Débutant (-1 an),Bac +5 et plus - Master,N/A,"Entreprise : Créé en 1986 et côté à la Bourse de Casablanca depuis 2008, le Groupe marocain LabelVie est un acteur économique de référence et leader de la grande distribution au Maroc. En 2009, à travers la signature du contrat de franchise avec le Groupe Carrefour, il accède à sa centrale d’achat pour optimiser et diversifier son sourcing. Il devient ainsi le premier acteur multi-formats de la grande distribution au Maroc par l’exploitation des hypermarchés Carrefour, des supermarchés Carrefour Market et du format hyper cash Atacadao. Le Groupe LabelVie présente chaque année un plan de développement soutenu renforçant ainsi renforce sa présence territoriale avec ses 121 magasins répartis dans 27 villes du royaume et ses 3 plateformes logistiques. En 2020, il a accueilli 50 millions de visiteurs et a réalisé un chiffre d’affaire de 11 milliards de dirhams. Convaincu que son succès passe à travers le succès de tous les collaborateurs, le Groupe LabelVie est l’un des premiers employeurs privés au Maroc, et place l’humain au centre de toutes ses préoccupations. Ce sont ainsi plus de 8 500 collaborateurs, dont 30% de femmes, qui œuvrent chaque jour à faire du Groupe LabelVie, le leader de la grande distribution au Maroc. Rejoignez un groupe ambitieux qui croit au défi, à la création de valeur ajoutée et à l’engagement sociétal ! | Poste : Dans le cadre du développement de notre département Formation, nous recrutons un(e) Data Analyst. Missions : - Collecter, analyser et interpréter les données liées aux actions de formation - Concevoir des tableaux de bord et indicateurs de performance (KPI) - Suivre l’efficacité des programmes de formation et proposer des axes d’amélioration - Collaborer avec les équipes RH et Formation pour optimiser les dispositifs - Automatiser les reportings et fiabiliser les données | Profil recherché : Profil recherché : Bac+5 en Data, Statistiques, RH ou équivalent Expérience en analyse de données (idéalement en RH ou formation) Maîtrise d’Excel, Power BI ou outils similaires Esprit analytique, rigueur et sens de la confidentialité",Rationalisme,https://www.rekrute.com/offre-emploi-data-analyst-recrutement-groupe-labelvie---carrefour-skhirat-181837.html,N/A,2026-04-19T00:38:05.355227
rekrute,Responsable de Dépôt (H/F) | Bouznika (Maroc),N/A (confidentiel),Rabat et région - Maroc,CDI,Achats / Supply Chain - Distribution (métiers de la) - Secteur Agroalimentaire								- Distribution,Intermédiaire (3 à 5 ans) - Confirmé (5 à 10 ans),Bac +3 Minimum - Formation professionnelle - Master,N/A,"Entreprise : Une entreprise de renom, opérant dans le secteur médical et paramédical, recherche dans le cadre de son développement un Responsable Financier senior. Cette société, reconnue pour son expertise et son engagement envers la qualité et l’innovation, souhaite renforcer sa direction financière avec un profil expérimenté capable d’accompagner sa croissance et de consolider sa stratégie. | Poste : Missions principales Gestion des opérations du dépôt : Superviser l’ensemble des activités du dépôt (réception, stockage, préparation et expédition des marchandises) afin d’assurer un flux logistique fluide et efficace. Organisation et optimisation du stockage : Mettre en place une organisation optimale de l’espace de stockage pour garantir une bonne rotation des produits, faciliter l’accès aux marchandises et réduire les délais de préparation. Gestion et suivi des stocks : Assurer le contrôle des entrées et sorties de marchandises, maintenir l’exactitude des stocks et veiller à la bonne tenue du système de gestion des stocks. Réalisation des inventaires : Planifier et superviser les inventaires périodiques, analyser les écarts et mettre en place les actions correctives nécessaires. Encadrement de l’équipe du dépôt : Organiser le travail de l’équipe, répartir les tâches, assurer le suivi de la performance et veiller au respect des procédures et des délais. Respect des normes de sécurité et des procédures : Veiller à l’application stricte des règles de sécurité, d’hygiène et de manutention afin de garantir un environnement de travail sûr. Coordination avec les autres services : Collaborer avec les services achats, logistique, transport et commercial pour assurer une bonne planification des livraisons et des approvisionnements. Amélioration continue : Proposer et mettre en place des actions visant à améliorer l’organisation du dépôt, la productivité et la qualité du service logistique. | Profil recherché : Le candidat idéal est une personne organisée, rigoureuse et orientée résultats, capable de gérer efficacement les opérations d’un dépôt tout en encadrant une équipe. Compétences et qualités attendues Formation : Bac+2 à Bac+3 en logistique, gestion des stocks, transport ou domaine équivalent. Expérience : Minimum 3 ans d’expérience dans la gestion d’un dépôt, d’un entrepôt ou dans la logistique. Compétences techniques : Bonne maîtrise des techniques de gestion de stock et d’inventaire. Connaissance des procédures de réception, stockage et expédition des marchandises. Maîtrise des outils informatiques et logiciels de gestion de stock. Qualités personnelles Leadership et capacité à gérer et motiver une équipe. Sens de l’organisation et gestion des priorités. Rigueur et fiabilité dans le suivi des stocks. Réactivité et capacité à résoudre les problèmes rapidement. Bon sens de la communication et esprit d’équipe. Atouts supplémentaires Connaissance des normes de sécurité et de manutention en entrepôt. Capacité à travailler sous pression et à respecter les délais. Expérience dans un environnement logistique ou de distribution.",Recherche de nouveauté | Respect des règles | Distance émotionnelle | Rationalisme | Besoin d'action | Implication au travail | Organisation,https://www.rekrute.com/offre-emploi-responsable-de-depot-hf-recrutement-confidentiel-bouznika-180516.html,N/A,2026-04-19T00:38:08.032549
rekrute,Chargé d'affaires - Commercial grands comptes F/H | Casablanca (Maroc),Acteur incontournable du courtage en Assurances,Casablanca et région - Maroc,CDI,Assurance (métiers de l') - Commercial / Vente / Export - Secteur Assurance / Courtage,Intermédiaire (3 à 5 ans),Bac +3 Minimum - Licence,N/A,"Entreprise : Acteur incontournable du courtage en Assurances, HEOMI construit depuis plus de 25 ans, des programmes d’Assurances à destination des particuliers, des travailleurs non-salariés et des entreprises. Leader Français dans la distribution de produits d’assurance en ligne et précurseur en la matière, HEOMI est résolument tournée vers le digital. Notre force c’est d’appartenir au Groupe FINARE qui s’est construit sur des expertises fortes permettant aux structures du Groupe d’intervenir sur l’ensemble de la chaîne de valeur notamment dans les domaines de l’assurance et de l’épargne. Le Groupe FINARE en quelques mots c’est : plus de 1350 collaborateurs répartis dans 3 pays (France, Luxembourg, Maroc), 3 pôles d’activités (assurance, gestion de patrimoine, services). Régulièrement classé parmi le top 10 des meilleurs courtiers grossiste en Assurances, HEOMI est en constante croissance depuis sa création et nous ne comptons pas nous arrêter là ! Notre ambition : devenir le numéro 1 du courtage en Assurances ! Nos valeurs : Engagement, Performance, Innovation, Capital Humain. Si vous êtes sensible à nos valeurs, alors nous sommes sûrement faits pour nous entendre ! | Culture de l'entreprise : HEOMI se caractérise par une culture fortement orientée vers la performance et la compétition , où l’ambition, le goût du challenge et l’orientation client constituent des leviers majeurs de réussite. Cette dynamique est complétée par une dimension de coopération , favorisant la confiance, la responsabilisation et un management de proximité attentif aux équipes. L’entreprise intègre également une composante d’ innovation , plus mesurée, encourageant l’initiative et l’adaptabilité. Enfin, la culture d’ organisation , moins dominante, apporte un cadre structurant au service de l’efficacité. | Poste : Au sein de la Direction du Développement, vous aurez la responsabilité de développer et fidéliser notre réseau de courtiers partenaires et prospects. Vous contribuerez au développement commercial de l’entreprise en animant un portefeuille de courtiers sur une zone dédiée, depuis un des sites. À ce titre, vos principales responsabilités seront : Développer et fidéliser un portefeuille de courtiers. Recruter de nouveaux partenaires et accompagner le réseau existant. Déployer la stratégie commerciale et promouvoir les produits de l’entreprise. Assurer le suivi commercial, le reporting et la veille concurrentielle. Mettre en place des actions commerciales et participer à des événements. | Profil recherché : PROFIL RECHERCHE : Formation de niveau BAC+3 à Bac+5 orientation commerciale et/ou spécialisation en assurance Expérience professionnelle de 2 ans minimum dans  une fonction commerciale (animateur commercial, technico-commercial…) LES SAVOIR FAIRE : volonté d'apprendre Maîtrise des techniques de vente à distance Animation d’événements commerciaux / de promotion LES SAVOIR ÊTRE : Rigueur, organisation et autonomie Dynamisme, réactivité et flexibilité Très bon sens relationnel et service au client",Recherche de nouveauté | Extraversion | Volonté de persuasion | Besoin d'autonomie | Ambition | Organisation,https://www.rekrute.com/offre-emploi-charge-daffaires---commercial-grands-comptes-fh-recrutement-heomi-casablanca-180859.html,N/A,2026-04-19T00:38:11.020075
rekrute,Chargés de clientèle Bilingue (Francais/Anglais) | Casablanca (Maroc),Atlas On Line,Casablanca et région - Maroc,CDI,Centre d'appels (métiers de) - Commercial / Vente / Export - Secteur Centre d'appels								- Tourisme / Voyage / Loisirs,Débutant (-1 an),Bac +2 Minimum - BTS / DUT,N/A,"Entreprise : Atlas On Line, filiale de la Royal Air Maroc, est un Centre de Gestion de la Relation Client (télémarketing, support client, vente à distance, service après-vente) spécialisé dans le secteur du transport aérien. Le capital humain de Atlas On Line est considéré comme la composante majeure de son développement et de sa réussite. De ce fait, la politique RH revêt une dimension stratégique qui s’articule autour de 3 principes fondateurs : Offrir un environnement épanouissant Valoriser son personnel en développant ses performances Promouvoir les talents et les carrières en encourageant l’initiative personnelle et collective Atlas On Line, une entreprise où il fait bon grandir. Nous investissons beaucoup dans le bien-être de nos employés tant pour leur confort que pour leur carrière. Ils sont soutenus par une équipe de managers expérimentée et engagée, ce qui nous permet de satisfaire les besoins et les exigences de nos clients et de leurs clients. | Poste : Dans le cadre du développement de notre activité, nous recherchons des chargés de clientèle Anglophones en réception d'appels. Vous aurez pour mission de : Assurer l'accueil, l'identification et le traitement de la demande du client Analyser le besoin du client afin d'apporter le conseil et L'assistance nécessaire. Assurer la réalisation des objectifs de vente ainsi que de traitement des réclamations | Profil recherché : Vous remplissez les conditions suivantes : Bac + 2 minimum (DEUG, licence ou équivalent), de préférence en langues étrangères; Maitrise parfaite du Francais Maitrise d’une seconde langue Anglais Vous avez un excellent relationnel, une bonne capacité d’écoute active et de communication et une capacité à travailler en équipe.",Extraversion | Volonté de persuasion | Distance émotionnelle | Ambition | Intuition / Spontanéité | Flexibilité,https://www.rekrute.com/offre-emploi-charges-de-clientele-bilingue-francaisanglais-recrutement-atlas-online-casablanca-181107.html,N/A,2026-04-19T00:38:13.886545
rekrute,Conseiller clientèle bilingue (Francais/Anglais) | Casablanca (Maroc),Atlas On Line,Casablanca et région - Maroc,CDI,Centre d'appels (métiers de) - Commercial / Vente / Export - Secteur Centre d'appels								- Tourisme / Voyage / Loisirs,Débutant (-1 an),Bac +2 Minimum - BTS / DUT,N/A,"Entreprise : Atlas On Line, filiale de la Royal Air Maroc, est un Centre de Gestion de la Relation Client (télémarketing, support client, vente à distance, service après-vente) spécialisé dans le secteur du transport aérien. Le capital humain de Atlas On Line est considéré comme la composante majeure de son développement et de sa réussite. De ce fait, la politique RH revêt une dimension stratégique qui s’articule autour de 3 principes fondateurs : Offrir un environnement épanouissant Valoriser son personnel en développant ses performances Promouvoir les talents et les carrières en encourageant l’initiative personnelle et collective Atlas On Line, une entreprise où il fait bon grandir. Nous investissons beaucoup dans le bien-être de nos employés tant pour leur confort que pour leur carrière. Ils sont soutenus par une équipe de managers expérimentée et engagée, ce qui nous permet de satisfaire les besoins et les exigences de nos clients et de leurs clients. | Poste : Dans le cadre du développement de notre activité, nous recherchons des chargés de clientèle Anglophones en réception d'appels. Vous aurez pour mission de : Assurer l'accueil, l'identification et le traitement de la demande du client Analyser le besoin du client afin d'apporter le conseil et L'assistance nécessaire. Assurer la réalisation des objectifs de vente ainsi que de traitement des réclamations | Profil recherché : Vous remplissez les conditions suivantes : Bac + 2 minimum (DEUG, licence ou équivalent), de préférence en langues étrangères; Maitrise parfaite du Francais Maitrise d’une seconde langue Anglais Vous avez un excellent relationnel, une bonne capacité d’écoute active et de communication et une capacité à travailler en équipe.",Extraversion | Volonté de persuasion | Distance émotionnelle | Ambition | Intuition / Spontanéité | Flexibilité,https://www.rekrute.com/offre-emploi-conseiller-clientele-bilingue-francaisanglais-recrutement-atlas-online-casablanca-181636.html,N/A,2026-04-19T00:38:16.277195
rekrute,Charge clientèle | Nador (Maroc),Présent depuis 1997 au Maroc,Oujda et région - Maroc,Autre,Commercial / Vente / Export                                                                 - Secteur Autres services,Débutant (-1 an),Bac +2 Minimum - DEUG,Profil recherché : Bon niveau de communication à l’oral et à l’écrit Sens du service et de la relation client Esprit d’équipe et dynamisme Une première expérience en relation client est un plus Rémunération : Salaire fixe de 3000 DH + primes attractives,"Entreprise : Présent depuis 1997 au Maroc, Manpower Group est un acteur international incontournable de l’emploi et de l’insertion sociale dans le monde. Au sein du Royaume Chérifien, nous couvrons l’ensemble du territoire, de Tanger à Laayoune. Nos équipes sont formées pour appuyer les entreprises dans la promotion de l’excellence en matière de gestion du capital humain : Intérim, CDD/CDI, Solutions & Ingénierie RH, Développement du capital humain… Pour nos salariés intérimaires , nous proposons une expérience unique, notamment avec la déclaration de 100% des heures travaillées, la mise en place d’une mutuelle pour tous et un accompagnement personnalisé pour les démarches administratives (bancarisation, CNSS…). Pour nos candidats , nous offrons, conformément aux standards mondiaux de Manpower Group, un processus de sélection, d’évaluation et d’accompagnement à la réussite dans leur nouvelle mission. | Poste : Poste : Chargé(e) de clientèle Missions : Gérer les appels entrants et sortants Assurer le suivi et la fidélisation des clients Identifier les besoins des clients et proposer des solutions adaptées Traiter les réclamations avec professionnalisme Atteindre les objectifs qualitatifs et quantitatifs fixés | Profil recherché : Profil recherché : Bon niveau de communication à l’oral et à l’écrit Sens du service et de la relation client Esprit d’équipe et dynamisme Une première expérience en relation client est un plus Rémunération : Salaire fixe de 3000 DH + primes attractives",Recherche de nouveauté | Extraversion | Volonté de persuasion | Intuition / Spontanéité | Ambition,https://www.rekrute.com/offre-emploi-charge-clientele-recrutement-manpower-agences-nador-181836.html,N/A,2026-04-19T00:38:23.921479
rekrute,Junior infra | Casablanca (Maroc),N/A (confidentiel),Casablanca et région - Maroc,CDI,Informatique / Electronique                                                                 - Secteur Informatique,Débutant (-1 an),Bac +5 et plus - Master,N/A,"Entreprise : Rejoignez notre dynamique équipe dans le secteur des Autres services ! Nous recherchons un profil Junior Infra passionné pour intégrer notre structure à Casablanca. Si vous aspirez à évoluer dans un environnement stimulant et à contribuer activement au succès de projets innovants, cette opportunité est faite pour vous. Votre rôle sera essentiel dans le maintien et l'amélioration continue de notre infrastructure informatique. Vous participerez à la mise en place de solutions robustes et performantes, garantissant la disponibilité et la sécurité de nos systèmes d'information, tout en développant vos compétences techniques. Vos responsabilités incluront, sans s'y limiter | Poste : L'installation, la configuration et la maintenance des serveurs et des postes de travail. Le support technique aux utilisateurs et la résolution des incidents. La surveillance des performances du réseau et la gestion des problèmes de connectivité. La participation à des projets d'évolution de l'infrastructure. La documentation des configurations et des procédures. La veille technologique pour proposer des améliorations. | Profil recherché : Une formation de Bac +5 et plus est requise, avec une spécialisation dans les domaines de l' Informatique . Ce bagage académique solide vous permettra de comprendre les enjeux techniques et de proposer des solutions adaptées. Une première expérience professionnelle d' 1 an est recherchée. Elle vous aura permis de développer une première approche concrète des environnements infrastructures et de vous familiariser avec les problématiques opérationnelles. Pour exceller dans ce rôle, vous devrez posséder : Une bonne compréhension des systèmes d'exploitation (Windows, Linux). Des notions en réseaux informatiques (TCP/IP, DNS, DHCP). Des compétences en administration système de base. Une aptitude à la résolution de problèmes et une bonne capacité d'analyse. Un sens de l'organisation et de la rigueur. Un excellent relationnel et un esprit d'équipe développé. Si cette aventure vous tente et que vous vous reconnaissez dans ce profil, n'attendez plus et postulez rapidement en utilisant le bouton « Send my resume to the recruiter » ci-dessous.",Travail en équipe,https://www.rekrute.com/offre-emploi-junior-infra-recrutement-confidentiel-casablanca-181835.html,N/A,2026-04-19T00:38:25.819791
rekrute,Chargé Clientèle | Tétouan (Maroc),Présent depuis 1997 au Maroc,Tanger et région - Maroc,Autre,Commercial / Vente / Export                                                                 - Secteur Telecom,Débutant (-1 an),Bac +2 Minimum - DEUG,Profil recherché : Bon niveau de communication à l’oral et à l’écrit Sens du service et de la relation client Esprit d’équipe et dynamisme Une première expérience en relation client est un plus Rémunération : Salaire fixe de 3000 DH + primes attractives,"Entreprise : Présent depuis 1997 au Maroc, Manpower Group est un acteur international incontournable de l’emploi et de l’insertion sociale dans le monde. Au sein du Royaume Chérifien, nous couvrons l’ensemble du territoire, de Tanger à Laayoune. Nos équipes sont formées pour appuyer les entreprises dans la promotion de l’excellence en matière de gestion du capital humain : Intérim, CDD/CDI, Solutions & Ingénierie RH, Développement du capital humain… Pour nos salariés intérimaires , nous proposons une expérience unique, notamment avec la déclaration de 100% des heures travaillées, la mise en place d’une mutuelle pour tous et un accompagnement personnalisé pour les démarches administratives (bancarisation, CNSS…). Pour nos candidats , nous offrons, conformément aux standards mondiaux de Manpower Group, un processus de sélection, d’évaluation et d’accompagnement à la réussite dans leur nouvelle mission. | Poste : Poste : Chargé(e) de clientèle Missions : Gérer les appels entrants et sortants Assurer le suivi et la fidélisation des clients Identifier les besoins des clients et proposer des solutions adaptées Traiter les réclamations avec professionnalisme Atteindre les objectifs qualitatifs et quantitatifs fixés | Profil recherché : Profil recherché : Bon niveau de communication à l’oral et à l’écrit Sens du service et de la relation client Esprit d’équipe et dynamisme Une première expérience en relation client est un plus Rémunération : Salaire fixe de 3000 DH + primes attractives",Recherche de nouveauté | Extraversion | Volonté de persuasion | Intuition / Spontanéité | Ambition,https://www.rekrute.com/offre-emploi-charge-clientele-recrutement-manpower-agences-tetouan-181834.html,N/A,2026-04-19T00:38:27.765851
rekrute,Chargé Clientèle | Laâyoune (Maroc),Présent depuis 1997 au Maroc,Laâyoune et région - Maroc,Autre,Commercial / Vente / Export                                                                 - Secteur Autres services,Débutant (-1 an),Bac +2 Minimum - DEUG,Rémunération : Salaire fixe de 3000 DH + primes attractives,"Entreprise : Présent depuis 1997 au Maroc, Manpower Group est un acteur international incontournable de l’emploi et de l’insertion sociale dans le monde. Au sein du Royaume Chérifien, nous couvrons l’ensemble du territoire, de Tanger à Laayoune. Nos équipes sont formées pour appuyer les entreprises dans la promotion de l’excellence en matière de gestion du capital humain : Intérim, CDD/CDI, Solutions & Ingénierie RH, Développement du capital humain… Pour nos salariés intérimaires , nous proposons une expérience unique, notamment avec la déclaration de 100% des heures travaillées, la mise en place d’une mutuelle pour tous et un accompagnement personnalisé pour les démarches administratives (bancarisation, CNSS…). Pour nos candidats , nous offrons, conformément aux standards mondiaux de Manpower Group, un processus de sélection, d’évaluation et d’accompagnement à la réussite dans leur nouvelle mission. | Poste : Poste : Chargé(e) de clientèle Missions : Gérer les appels entrants et sortants Assurer le suivi et la fidélisation des clients Identifier les besoins des clients et proposer des solutions adaptées Traiter les réclamations avec professionnalisme Atteindre les objectifs qualitatifs et quantitatifs fixés | Profil recherché : Profil recherché : Bon niveau de communication à l’oral et à l’écrit Sens du service et de la relation client Esprit d’équipe et dynamisme Une première expérience en relation client est un plus Rémunération : Salaire fixe de 3000 DH + primes attractives",Recherche de nouveauté | Extraversion | Volonté de persuasion | Intuition / Spontanéité | Ambition,https://www.rekrute.com/offre-emploi-charge-clientele-recrutement-manpower-agences-laayoune-181833.html,N/A,2026-04-19T00:38:30.708450
rekrute,Conseiller Clientèle (H/F) | Yousoufia (Maroc),Avec son modèle de banque universelle,Marrakech et région - Maroc,CDI,Banque (métiers de la)                                                                 - Secteur Banque / Finance,Débutant (-1 an),Bac +5 et plus Minimum - Master,"• Intégrer une banque leader sur le marché financier tourné vers l’humain et l’innovation et certifiée Top Employeur pour 4 années consécutives . • Bénéficiez d’un environnement de travail stimulant avec nombreuses opportunités de développement professionnel. • Profitez d’avantages compétitifs (rémunération attractive, formations continues, etc).","Entreprise : Avec son modèle de banque universelle, sa dimension panafricaine, la complémentarité de ses métiers et ses expertises solides, le Groupe Attijariwafa bank est un acteur de référence du secteur financier au Maroc et en Afrique. Attijariwafa bank a su, depuis plus d’un siècle, se réinventer en diversifiant ses métiers, en renouvelant ses offres et en adaptant ses organisations, pour répondre à son ambition de devenir la banque relationnelle de référence. Le Groupe Attijariwafa bank accompagne aujourd’hui près de 10,2 millions de clients particuliers, professionnels, entreprises et institutionnels et mobilise 20 602 collaborateurs dans 25 pays en Afrique, en Europe et au Moyen-Orient. NOUVEAUTÉ : Découvrez notre 2ème colloque «Talents africains groupe attijariwafa bank» en cliquant ici Premier financeur de l’économie nationale, premier collecteur de l’épargne et premier acteur des paiements électroniques au Maroc, les différentes performances du Groupe Attijariwafa bank le confortent dans ses choix stratégiques et le positionnent comme leader incontesté du secteur bancaire et financier national. Le Groupe est un acteur bancaire et financier de premier plan à l'échelle de la région et dispose du réseau d'agences le plus large en Afrique avec plus 5265 Agences bancaires. | Culture de l'entreprise : Attijariwafa bank développe une culture majoritairement orientée coopération , plaçant l’humain, la confiance et l’esprit d’équipe au cœur de son fonctionnement. L’entreprise favorise un management de proximité, fondé sur l’accompagnement, la responsabilisation et la qualité des relations professionnelles. Cette approche collaborative est complétée par une forte exigence de performance, valorisant l’ambition, le dépassement de soi et l’orientation client. Elle intègre également une dynamique d’innovation, encadrée par des processus structurés garantissant fiabilité, efficacité et maîtrise des activités. | Poste : Dans le cadre de développement de notre activité, nous recherchons des Conseillers(ères) Clientèles dynamiques et motivé(es). Vous serez l’interlocuteur privilégié de nos clients en les accompagnant dans leurs projets financiers et en leur proposant des solutions adaptées à leurs besoins. Si vous répondez à ces critères et que vous souhaitez évoluer dans un environnement stimulant, alors cette opportunité est pour vous. En tant que Conseiller(ère) Clientèle , vous serez directement rattaché au Responsable d’agence. Vos responsabilités incluront : • Gérer et développer un portefeuille clients (particuliers et professionnels). • Identifier les besoins des clients et leur proposer des produits et services bancaires adaptés (épargne, crédits, assurances…). • Fidéliser et conseiller les clients. • Développer l’activité commerciale à travers la prospection. • Veiller au respect des procédures internes et des normes en vigueur. | Profil recherché : Profil recherché : • De Formation Bac+5 Ecoles de Commerce ou équivalent, vous débutez ou justifiez d’une première expérience dans le domaine commercial idéalement en milieu financier. • Vous avez une capacité d’écoute, une aisance relationnelle et le sens du conseil. • Vous êtes dynamique, autonome et avez l’esprit d’équipe. Pourquoi nous rejoindre ? • Intégrer une banque leader sur le marché financier tourné vers l’humain et l’innovation et certifiée Top Employeur pour 4 années consécutives . • Bénéficiez d’un environnement de travail stimulant avec nombreuses opportunités de développement professionnel. • Profitez d’avantages compétitifs (rémunération attractive, formations continues, etc). Envoyez-nous votre CV, nous sommes impatients de découvrir votre profil !",Volonté de persuasion | Conventionnel | Flexibilité | Implication au travail,https://www.rekrute.com/offre-emploi-conseiller-clientele-hf-recrutement-attijariwafa-bank-yousoufia-181154.html,N/A,2026-04-19T00:38:33.307764
rekrute,Chargé Formation | Skhirat (Maroc),N/A (confidentiel),Rabat et région - Maroc,CDI,RH / Personnel / Formation                                                                 - Secteur Autres services,Junior (1 à 3 ans),Bac +5 et plus - Master,N/A,"Entreprise : Créé en 1986 et côté à la Bourse de Casablanca depuis 2008, le Groupe marocain LabelVie est un acteur économique de référence et leader de la grande distribution au Maroc. En 2009, à travers la signature du contrat de franchise avec le Groupe Carrefour, il accède à sa centrale d’achat pour optimiser et diversifier son sourcing. Il devient ainsi le premier acteur multi-formats de la grande distribution au Maroc par l’exploitation des hypermarchés Carrefour, des supermarchés Carrefour Market et du format hyper cash Atacadao. Le Groupe LabelVie présente chaque année un plan de développement soutenu renforçant ainsi renforce sa présence territoriale avec ses 121 magasins répartis dans 27 villes du royaume et ses 3 plateformes logistiques. En 2020, il a accueilli 50 millions de visiteurs et a réalisé un chiffre d’affaire de 11 milliards de dirhams. Convaincu que son succès passe à travers le succès de tous les collaborateurs, le Groupe LabelVie est l’un des premiers employeurs privés au Maroc, et place l’humain au centre de toutes ses préoccupations. Ce sont ainsi plus de 8 500 collaborateurs, dont 30% de femmes, qui œuvrent chaque jour à faire du Groupe LabelVie, le leader de la grande distribution au Maroc. Rejoignez un groupe ambitieux qui croit au défi, à la création de valeur ajoutée et à l’engagement sociétal ! | Poste : Dans le cadre du développement de notre activité, nous recrutons un(e) Chargé(e) de Formation afin d’accompagner le déploiement et l’optimisation de nos dispositifs de formation. Missions : - Participer à la planification et au déploiement des actions de formation - Contribuer à la conception des supports et outils pédagogiques - Assurer le suivi administratif des formations, notamment la gestion des dossiers des formateurs - Suivre et analyser les évaluations des formations (à chaud et à froid) - Évaluer la performance des participants à travers les synthèses des formations théoriques et pratiques - Corriger les quiz et tests, communiquer et archiver les résultats - Élaborer les reportings et bilans d’activité formation | Profil recherché : Profil recherché - Bac+5 en Ressources Humaines, Gestion ou équivalent - Expérience de 1 à 2 ans dans un poste similaire - Bonne maîtrise des outils bureautiques et d’analyse (Excel, outils de reporting…) - Connaissance de l’ingénierie de formation et des dispositifs pédagogiques - Esprit analytique, rigueur et sens de l’organisation",Rationalisme,https://www.rekrute.com/offre-emploi-charge-formation-recrutement-groupe-labelvie---carrefour-skhirat-181832.html,N/A,2026-04-19T00:38:36.353355
rekrute,Infirmiers polyvalents Spécialisés Panseur | Rabat (Maroc),L'Hôpital Universitaire International de Rabat (HUIR),Rabat et région - Maroc,CDI,Médical / Paramédical                                                                 - Secteur Pharmacie / Santé,Intermédiaire (3 à 5 ans),Bac +3 Minimum - BTS / DUT - Formation spécialisée,N/A,"Entreprise : L'Hôpital Universitaire International de Rabat (HUIR), affilié à l'Université Internationale de Rabat (UIR), est un nouveau centre hospitalo-universitaire qui ouvrira ses portes prochainement. Ce centre d'excellence proposera une quarantaine de spécialités médicales et chirurgicales, équipées d'un plateau biomédical de dernière génération. Avec une capacité d'accueil de 530 lits et places, cet hôpital futuriste représente un investissement d'environ 2 milliards de dirhams et emploiera à terme plus de 1 200 salariés. Nous vous offrons un environnement de travail bienveillant et attentif où les collaborateurs sont au cœur de l'action. Vous y trouverez des opportunités d'épanouissement professionnel et personnel, avec des possibilités de développement professionnel et de formation continue pour améliorer vos compétences et progresser dans votre carrière. Vous aurez la possibilité de participer à des projets innovants au sein d'un établissement de santé de renommée. Vous pourrez contribuer à des initiatives qui façonnent l'avenir de la médecine et des soins de santé au Maroc Vous travaillerez dans un environnement moderne, équipé des dernières technologies digitales, stimulant et collaboratif, où la bienveillance et le soutien mutuel sont au cœur de nos valeurs. Vous bénéficierez d'espaces de travail modernes, flexibles et complètement digitaux, ainsi que d'une culture d'entreprise dynamique, humaine et collaborative. De plus, vous aurez l'occasion de participer à des événements d'entreprise, des team buildings et des célébrations régulières pour célébrer vos réussites et contributions. Rejoignez-nous et contribuez à la mission de l' Hôpital Universitaire International de Rabat ! | Culture de l'entreprise : HUIR – L’Hôpital Universitaire International de Rabat évolue dans une culture majoritairement orientée coopération , où l’humain, la solidarité et la qualité des relations professionnelles occupent une place centrale. L’établissement privilégie un management de proximité fondé sur la confiance, la responsabilisation et l’accompagnement des équipes. Cette dynamique collaborative est complétée par une dimension innovation significative , encourageant l’initiative, l’expérimentation et l’amélioration continue des pratiques. Elle s’appuie également sur une organisation structurée garantissant rigueur, fiabilité et efficacité, tandis que la logique de compétition reste volontairement secondaire. | Poste : Nous recherchons un(e) Infirmier(e) Polyvalent(e) Spécialité Panseur expérimenté(e) et rigoureux(se) pour rejoindre notre Direction des Soins et de l'Hygiène Hospitalière à l'HUIR. Il/ Elle sera chargé(e) d'assurer l'accueil et la prise en charge du patient, identifier les besoins de la personne, poser un diagnostic infirmier, formuler des objectifs de soins, mettre en œuvre les actions appropriées et les évaluer. Vos principales missions seront : 1. Accueillir le patient et recueillir ses données administratives (identité, âge, sexe…) et cliniques. Écouter et réconforter le patient ainsi que ses proches. Informer et éduquer le patient, sa famille et son entourage. 2. Donner les divers soins et traitements médicamenteux prescrits par le médecin jusqu'à la sortie du patient Réaliser les soins de confort et de bien-être en collaboration avec l'aide-soignante. Surveiller l'évolution de l'état de santé du patient. Réaliser les soins à visée préventive (changement de positions, soins préventifs d'escarre..) Préparer les patients pour les interventions chirurgicales, les exploration, les examens biologiques et radilogiques, Réaliser les soins thérapeutiques (perfusion, injection, administration des traitements préscrits) 3. Effectuer la mise à jour des feuilles de surveillance et de traitement. Assurer les transmissions orales et écrites entre les différents membre de l'équipes Respecter le dispatching des patients par le responsable. Inscrire tout acte réalisé dans le dossier de soins infirmiers informatisé. Participer à l'élaboration des fiches techniques et protocoles de soins. 4. Préparer et entretenir le chariot de soins. Contrôler, gérer et entretenir les matériels et dispositifs médicaux (chariot de soins, matériel biomédical). Déterminer les besoins en médicaments et dispositifs médicaux pour les patients sous sa responsabilité. 5. Former et encadrer les nouveaux personnels et les stagiaires. 6. Veiller au respect des règles d'hygiène (lavage des mains, tri des déchets Assurer la prévention des infections nosocomiales | Profil recherché : Bac +3 Diplôme d'Infirmier Une expérience minimum de 3 ans en même poste Polyvalent au bloc Une bonne gestion du matériel stérile Respect strict des protocoles d'hygiène Capacité de diagnostiquer et de satisfaire les besoins du patient Connaissance des responsabilités d'un(e) infirmier (ère) Connaissance des procédures de bonnes pratiques et techniques concernant son champ d'activité Conduite d'une réanimation en partenariat avec le médecin responsable dans le cadre de l'urgence.",Recherche de nouveauté | Besoin d'objectivité | Distance émotionnelle | Rationalisme | Besoin de réflexion,https://www.rekrute.com/offre-emploi-infirmiers-polyvalents-specialises-panseur-recrutement-huir---lhopital-universitaire-international-de-rabat-rabat-181831.html,N/A,2026-04-19T00:38:38.871375
rekrute,Infirmiers Polyvalents Spécialisés IBODE | Rabat (Maroc),L'Hôpital Universitaire International de Rabat (HUIR),Rabat et région - Maroc,CDI,Médical / Paramédical                                                                 - Secteur Pharmacie / Santé,Intermédiaire (3 à 5 ans),Bac +3 Minimum - DEUG - Formation spécialisée,N/A,"Entreprise : L'Hôpital Universitaire International de Rabat (HUIR), affilié à l'Université Internationale de Rabat (UIR), est un nouveau centre hospitalo-universitaire qui ouvrira ses portes prochainement. Ce centre d'excellence proposera une quarantaine de spécialités médicales et chirurgicales, équipées d'un plateau biomédical de dernière génération. Avec une capacité d'accueil de 530 lits et places, cet hôpital futuriste représente un investissement d'environ 2 milliards de dirhams et emploiera à terme plus de 1 200 salariés. Nous vous offrons un environnement de travail bienveillant et attentif où les collaborateurs sont au cœur de l'action. Vous y trouverez des opportunités d'épanouissement professionnel et personnel, avec des possibilités de développement professionnel et de formation continue pour améliorer vos compétences et progresser dans votre carrière. Vous aurez la possibilité de participer à des projets innovants au sein d'un établissement de santé de renommée. Vous pourrez contribuer à des initiatives qui façonnent l'avenir de la médecine et des soins de santé au Maroc Vous travaillerez dans un environnement moderne, équipé des dernières technologies digitales, stimulant et collaboratif, où la bienveillance et le soutien mutuel sont au cœur de nos valeurs. Vous bénéficierez d'espaces de travail modernes, flexibles et complètement digitaux, ainsi que d'une culture d'entreprise dynamique, humaine et collaborative. De plus, vous aurez l'occasion de participer à des événements d'entreprise, des team buildings et des célébrations régulières pour célébrer vos réussites et contributions. Rejoignez-nous et contribuez à la mission de l' Hôpital Universitaire International de Rabat ! | Culture de l'entreprise : HUIR – L’Hôpital Universitaire International de Rabat évolue dans une culture majoritairement orientée coopération , où l’humain, la solidarité et la qualité des relations professionnelles occupent une place centrale. L’établissement privilégie un management de proximité fondé sur la confiance, la responsabilisation et l’accompagnement des équipes. Cette dynamique collaborative est complétée par une dimension innovation significative , encourageant l’initiative, l’expérimentation et l’amélioration continue des pratiques. Elle s’appuie également sur une organisation structurée garantissant rigueur, fiabilité et efficacité, tandis que la logique de compétition reste volontairement secondaire. | Poste : Nous recherchons un(e) Infirmier(e) Polyvalent(e) Spécialité IBODE expérimenté(e) et rigoureux(se) pour rejoindre notre Direction des Soins et de l'Hygiène Hospitalière à l'HUIR. Il/ Elle sera chargé(e) d'assurer l'accueil et la prise en charge du patient, identifier les besoins de la personne, poser un diagnostic infirmier, formuler des objectifs de soins, mettre en œuvre les actions appropriées et les évaluer. Vos principales missions seront : 1. Accueillir le patient et recueillir ses données administratives (identité, âge, sexe…) et cliniques. Écouter et réconforter le patient ainsi que ses proches. Informer et éduquer le patient, sa famille et son entourage. 2. Donner les divers soins et traitements médicamenteux prescrits par le médecin jusqu'à la sortie du patient Réaliser les soins de confort et de bien-être en collaboration avec l'aide-soignante. Surveiller l'évolution de l'état de santé du patient. Réaliser les soins à visée préventive (changement de positions, soins préventifs d'escarre..) Préparer les patients pour les interventions chirurgicales, les exploration, les examens biologiques et radilogiques, Réaliser les soins thérapeutiques (perfusion, injection, administration des traitements préscrits) 3. Effectuer la mise à jour des feuilles de surveillance et de traitement. Assurer les transmissions orales et écrites entre les différents membre de l'équipes Respecter le dispatching des patients par le responsable. Inscrire tout acte réalisé dans le dossier de soins infirmiers informatisé. Participer à l'élaboration des fiches techniques et protocoles de soins. 4. Préparer et entretenir le chariot de soins. Contrôler, gérer et entretenir les matériels et dispositifs médicaux (chariot de soins, matériel biomédical). Déterminer les besoins en médicaments et dispositifs médicaux pour les patients sous sa responsabilité. 5. Former et encadrer les nouveaux personnels et les stagiaires. 6. Veiller au respect des règles d'hygiène (lavage des mains, tri des déchets Assurer la prévention des infections nosocomiales | Profil recherché : Bac +3 Diplôme d'Infirmier Une expérience minimum de 3 ans en même poste Polyvalent Une bonne maitrise la coelio ,neuro, traumato, gestion du champ stérile Capacité de diagnostiquer et de satisfaire les besoins du patient Connaissance des responsabilités d'un(e) infirmier (ère) Connaissance des procédures de bonnes pratiques et techniques concernant son champ d'activité Conduite d'une réanimation en partenariat avec le médecin responsable dans le cadre de l'urgence.",Recherche de nouveauté | Besoin d'objectivité | Distance émotionnelle | Rationalisme | Besoin de réflexion,https://www.rekrute.com/offre-emploi-infirmiers-polyvalents-specialises-ibode-recrutement-huir---lhopital-universitaire-international-de-rabat-rabat-181830.html,N/A,2026-04-19T00:38:41.141860
rekrute,Chef d'Équipes Techniques — Exploitation & Contrôle | Casablanca (Maroc),ORH Assessment,Casablanca et région - Maroc,CDI,Production / Qualité / Sécurité / Maintenance - Responsable de Département - Secteur BTP / Génie Civil								- Service public / Administration,Confirmé (5 à 10 ans),Bac +5 et plus Minimum - Master,N/A,"Entreprise : ORH Assessment accompagne un acteur de référence opérant dans un secteur structuré et en forte dynamique de transformation dans le recrutement d’un Chef d'Équipes Techniques — Exploitation & Contrôle. | Poste : Au sein d’une organisation reconnue pour la qualité de ses pratiques et offrant un environnement de travail structuré, vous contribuez au pilotage de la détection des fraudes, la performance du parc de compteurs et la récupération des pertes commerciales sur votre périmètre. Vos missions : Lutte contre la fraude Déployer les plans d'action de détection et correction des fraudes et anomalies Coordonner les opérations terrain et task forces anti-fraude Superviser le traitement des dossiers contentieux en lien avec la division juridique Gestion du parc de comptage Superviser les campagnes de remplacement, vérification et étalonnage des compteurs Assurer le maintien en condition opérationnelle des équipements de mesure Gérer les stocks et planifier les moyens matériels nécessaires aux interventions Performance & reporting Atteindre les objectifs de récupération de chiffre d'affaires et d'encaissement Élaborer les tableaux de bord et suivre les indicateurs de performance Préparer et optimiser le budget de la division Management Encadrer, fixer les objectifs et développer les compétences de votre équipe Garantir l'application des normes sécurité, éthique et contrôle interne | Profil recherché : Profil recherché : Ingénieur ou Master (Bac+5 accrédité par l'état) - toutes spécialités techniques ou managériales 5 ans d'expérience en gestion opérationnelle et management terrain dans un secteur technique : exploitation de réseaux, contrôle technique, audit opérationnel, industrie, télécoms ou services publics"" Compétences clés Connaissance des typologies de fraudes et anomalies de comptage Maîtrise des processus de gestion clientèle et des réseaux de distribution Expérience en management d'équipes terrain Capacité d'analyse, rigueur et force de proposition Sens des responsabilités et éthique professionnelle irréprochable",Respect des règles | Extraversion | Besoin d'objectivité | Rationalisme | Implication au travail | Organisation,https://www.rekrute.com/offre-emploi-chef-dequipes-techniques-exploitation-controle-recrutement-orh-assessment-casablanca-181829.html,N/A,2026-04-19T00:38:44.080993
rekrute,Infirmiers Polyvalents Spécialité Urgence | Rabat (Maroc),L'Hôpital Universitaire International de Rabat (HUIR),Rabat et région - Maroc,CDI,Santé / Social (métiers de)                                                                 - Secteur Pharmacie / Santé,Intermédiaire (3 à 5 ans),Bac +3 Minimum - BTS / DUT,N/A,"Entreprise : L'Hôpital Universitaire International de Rabat (HUIR), affilié à l'Université Internationale de Rabat (UIR), est un nouveau centre hospitalo-universitaire qui ouvrira ses portes prochainement. Ce centre d'excellence proposera une quarantaine de spécialités médicales et chirurgicales, équipées d'un plateau biomédical de dernière génération. Avec une capacité d'accueil de 530 lits et places, cet hôpital futuriste représente un investissement d'environ 2 milliards de dirhams et emploiera à terme plus de 1 200 salariés. Nous vous offrons un environnement de travail bienveillant et attentif où les collaborateurs sont au cœur de l'action. Vous y trouverez des opportunités d'épanouissement professionnel et personnel, avec des possibilités de développement professionnel et de formation continue pour améliorer vos compétences et progresser dans votre carrière. Vous aurez la possibilité de participer à des projets innovants au sein d'un établissement de santé de renommée. Vous pourrez contribuer à des initiatives qui façonnent l'avenir de la médecine et des soins de santé au Maroc Vous travaillerez dans un environnement moderne, équipé des dernières technologies digitales, stimulant et collaboratif, où la bienveillance et le soutien mutuel sont au cœur de nos valeurs. Vous bénéficierez d'espaces de travail modernes, flexibles et complètement digitaux, ainsi que d'une culture d'entreprise dynamique, humaine et collaborative. De plus, vous aurez l'occasion de participer à des événements d'entreprise, des team buildings et des célébrations régulières pour célébrer vos réussites et contributions. Rejoignez-nous et contribuez à la mission de l' Hôpital Universitaire International de Rabat ! | Culture de l'entreprise : HUIR – L’Hôpital Universitaire International de Rabat évolue dans une culture majoritairement orientée coopération , où l’humain, la solidarité et la qualité des relations professionnelles occupent une place centrale. L’établissement privilégie un management de proximité fondé sur la confiance, la responsabilisation et l’accompagnement des équipes. Cette dynamique collaborative est complétée par une dimension innovation significative , encourageant l’initiative, l’expérimentation et l’amélioration continue des pratiques. Elle s’appuie également sur une organisation structurée garantissant rigueur, fiabilité et efficacité, tandis que la logique de compétition reste volontairement secondaire. | Poste : Nous recherchons un(e) Infirmier(e) Polyvalent(e) Spécialité Urgence expérimenté(e) et rigoureux(se) pour rejoindre notre Direction des Soins et de l'Hygiène Hospitalière à l'HUIR. Il/ Elle sera chargé(e) d'assurer l'accueil et la prise en charge du patient, identifier les besoins de la personne, poser un diagnostic infirmier, formuler des objectifs de soins, mettre en œuvre les actions appropriées et les évaluer. Vos principales missions seront : 1. Accueillir le patient et recueillir ses données administratives (identité, âge, sexe…) et cliniques. Écouter et réconforter le patient ainsi que ses proches. Informer et éduquer le patient, sa famille et son entourage. 2. Donner les divers soins et traitements médicamenteux prescrits par le médecin jusqu'à la sortie du patient Réaliser les soins de confort et de bien-être en collaboration avec l'aide-soignante. Surveiller l'évolution de l'état de santé du patient. Réaliser les soins à visée préventive (changement de positions, soins préventifs d'escarre..) Préparer les patients pour les interventions chirurgicales, les exploration, les examens biologiques et radilogiques, Réaliser les soins thérapeutiques (perfusion, injection, administration des traitements préscrits) 3. Effectuer la mise à jour des feuilles de surveillance et de traitement. Assurer les transmissions orales et écrites entre les différents membre de l'équipes Respecter le dispatching des patients par le responsable. Inscrire tout acte réalisé dans le dossier de soins infirmiers informatisé. Participer à l'élaboration des fiches techniques et protocoles de soins. 4. Préparer et entretenir le chariot de soins. Contrôler, gérer et entretenir les matériels et dispositifs médicaux (chariot de soins, matériel biomédical). Déterminer les besoins en médicaments et dispositifs médicaux pour les patients sous sa responsabilité. 5. Former et encadrer les nouveaux personnels et les stagiaires. 6. Veiller au respect des règles d'hygiène (lavage des mains, tri des déchets Assurer la prévention des infections nosocomiales | Profil recherché : Bac +3 Diplôme d'Infirmier Une expérience minimum de 3 ans en même poste Capacité de diagnostiquer et de satisfaire les besoins du patient Connaissance des responsabilités d'un(e) infirmier (ère) Connaissance des procédures de bonnes pratiques et techniques concernant son champ d'activité Conduite d'une réanimation en partenariat avec le médecin responsable dans le cadre de l'urgence.",Extraversion | Sensibilité émotionnelle | Implication au travail | Humilité,https://www.rekrute.com/offre-emploi-infirmiers-polyvalents-specialite-urgence-recrutement-huir---lhopital-universitaire-international-de-rabat-rabat-181828.html,N/A,2026-04-19T00:38:46.368102
rekrute,Conseiller Clientèle (H/F) | Taznakht (Maroc),Avec son modèle de banque universelle,Marrakech et région - Maroc,CDI,Banque (métiers de la)                                                                 - Secteur Banque / Finance,Débutant (-1 an),Bac +5 et plus Minimum - Master,"• Intégrer une banque leader sur le marché financier tourné vers l’humain et l’innovation et certifiée Top Employeur pour 4 années consécutives . • Bénéficiez d’un environnement de travail stimulant avec nombreuses opportunités de développement professionnel. • Profitez d’avantages compétitifs (rémunération attractive, formations continues, etc).","Entreprise : Avec son modèle de banque universelle, sa dimension panafricaine, la complémentarité de ses métiers et ses expertises solides, le Groupe Attijariwafa bank est un acteur de référence du secteur financier au Maroc et en Afrique. Attijariwafa bank a su, depuis plus d’un siècle, se réinventer en diversifiant ses métiers, en renouvelant ses offres et en adaptant ses organisations, pour répondre à son ambition de devenir la banque relationnelle de référence. Le Groupe Attijariwafa bank accompagne aujourd’hui près de 10,2 millions de clients particuliers, professionnels, entreprises et institutionnels et mobilise 20 602 collaborateurs dans 25 pays en Afrique, en Europe et au Moyen-Orient. NOUVEAUTÉ : Découvrez notre 2ème colloque «Talents africains groupe attijariwafa bank» en cliquant ici Premier financeur de l’économie nationale, premier collecteur de l’épargne et premier acteur des paiements électroniques au Maroc, les différentes performances du Groupe Attijariwafa bank le confortent dans ses choix stratégiques et le positionnent comme leader incontesté du secteur bancaire et financier national. Le Groupe est un acteur bancaire et financier de premier plan à l'échelle de la région et dispose du réseau d'agences le plus large en Afrique avec plus 5265 Agences bancaires. | Culture de l'entreprise : Attijariwafa bank développe une culture majoritairement orientée coopération , plaçant l’humain, la confiance et l’esprit d’équipe au cœur de son fonctionnement. L’entreprise favorise un management de proximité, fondé sur l’accompagnement, la responsabilisation et la qualité des relations professionnelles. Cette approche collaborative est complétée par une forte exigence de performance, valorisant l’ambition, le dépassement de soi et l’orientation client. Elle intègre également une dynamique d’innovation, encadrée par des processus structurés garantissant fiabilité, efficacité et maîtrise des activités. | Poste : Dans le cadre de développement de notre activité, nous recherchons des Conseillers(ères) Clientèles dynamiques et motivé(es). Vous serez l’interlocuteur privilégié de nos clients en les accompagnant dans leurs projets financiers et en leur proposant des solutions adaptées à leurs besoins. Si vous répondez à ces critères et que vous souhaitez évoluer dans un environnement stimulant, alors cette opportunité est pour vous. En tant que Conseiller(ère) Clientèle , vous serez directement rattaché au Responsable d’agence. Vos responsabilités incluront : • Gérer et développer un portefeuille clients (particuliers et professionnels). • Identifier les besoins des clients et leur proposer des produits et services bancaires adaptés (épargne, crédits, assurances…). • Fidéliser et conseiller les clients. • Développer l’activité commerciale à travers la prospection. • Veiller au respect des procédures internes et des normes en vigueur. | Profil recherché : Profil recherché : • De Formation Bac+5 Ecoles de Commerce ou équivalent, vous débutez ou justifiez d’une première expérience dans le domaine commercial idéalement en milieu financier. • Vous avez une capacité d’écoute, une aisance relationnelle et le sens du conseil. • Vous êtes dynamique, autonome et avez l’esprit d’équipe. Pourquoi nous rejoindre ? • Intégrer une banque leader sur le marché financier tourné vers l’humain et l’innovation et certifiée Top Employeur pour 4 années consécutives . • Bénéficiez d’un environnement de travail stimulant avec nombreuses opportunités de développement professionnel. • Profitez d’avantages compétitifs (rémunération attractive, formations continues, etc). Envoyez-nous votre CV, nous sommes impatients de découvrir votre profil !",Volonté de persuasion | Conventionnel | Flexibilité | Implication au travail,https://www.rekrute.com/offre-emploi-conseiller-clientele-hf-recrutement-attijariwafa-bank-taznakht-181155.html,N/A,2026-04-19T00:38:48.512378
rekrute,Infirmie(re) Anesthésiste | Rabat (Maroc),L'Hôpital Universitaire International de Rabat (HUIR),Rabat et région - Maroc,CDI,Santé / Social (métiers de)                                                                 - Secteur Pharmacie / Santé,Intermédiaire (3 à 5 ans),Bac +3 Minimum - BTS / DUT,N/A,"Entreprise : L'Hôpital Universitaire International de Rabat (HUIR), affilié à l'Université Internationale de Rabat (UIR), est un nouveau centre hospitalo-universitaire qui ouvrira ses portes prochainement. Ce centre d'excellence proposera une quarantaine de spécialités médicales et chirurgicales, équipées d'un plateau biomédical de dernière génération. Avec une capacité d'accueil de 530 lits et places, cet hôpital futuriste représente un investissement d'environ 2 milliards de dirhams et emploiera à terme plus de 1 200 salariés. Nous vous offrons un environnement de travail bienveillant et attentif où les collaborateurs sont au cœur de l'action. Vous y trouverez des opportunités d'épanouissement professionnel et personnel, avec des possibilités de développement professionnel et de formation continue pour améliorer vos compétences et progresser dans votre carrière. Vous aurez la possibilité de participer à des projets innovants au sein d'un établissement de santé de renommée. Vous pourrez contribuer à des initiatives qui façonnent l'avenir de la médecine et des soins de santé au Maroc Vous travaillerez dans un environnement moderne, équipé des dernières technologies digitales, stimulant et collaboratif, où la bienveillance et le soutien mutuel sont au cœur de nos valeurs. Vous bénéficierez d'espaces de travail modernes, flexibles et complètement digitaux, ainsi que d'une culture d'entreprise dynamique, humaine et collaborative. De plus, vous aurez l'occasion de participer à des événements d'entreprise, des team buildings et des célébrations régulières pour célébrer vos réussites et contributions. Rejoignez-nous et contribuez à la mission de l' Hôpital Universitaire International de Rabat ! | Culture de l'entreprise : HUIR – L’Hôpital Universitaire International de Rabat évolue dans une culture majoritairement orientée coopération , où l’humain, la solidarité et la qualité des relations professionnelles occupent une place centrale. L’établissement privilégie un management de proximité fondé sur la confiance, la responsabilisation et l’accompagnement des équipes. Cette dynamique collaborative est complétée par une dimension innovation significative , encourageant l’initiative, l’expérimentation et l’amélioration continue des pratiques. Elle s’appuie également sur une organisation structurée garantissant rigueur, fiabilité et efficacité, tandis que la logique de compétition reste volontairement secondaire. | Poste : Nous recherchons des Infirmiers (es) Anesthésistes expérimentés (es) et rigoureux (ses) pour rejoindre notre Direction des Soins et de l'Hygiène Hospitalière à l'HUIR. Il/ Elle sera chargé(e), en collaboration avec le médecin anesthésiste et sous sa responsabilité, de participer à la prise en charge anesthésique des patients au bloc au cours des interventions chirurgicales. Vos principales missions seront : Pharmacologie : - Maîtrise des médicaments utilisés en anesthésie-réanimation (anesthésiques, myorelaxants, vasoconstricteurs, etc.), calcul des doses, surveillance des effets secondaires. Gestion de la douleur : Mise en place et suivi des traitements antalgiques, adaptation des protocoles en fonction de la réponse du patient. Procédures d'urgence : Maitrise des gestes de réanimation avancée, Gestion des situations d'urgence liées à l'anesthésie (hypotension, bradycardie, etc.). Communication non verbale : Détection des signes de détresse ou d'anxiété chez le patient. Gestion du stress Maîtrise de soi en situation de crise, capacité à rassurer le patient et son entourage. Travail en équipe pluridisciplinaire Collaboration étroite avec les médecins anesthésistes, les chirurgiens, les infirmières de bloc opératoire, etc. Gestion des soins: Planification et organisation des activités de soins dans la salle Suivi des protocoles et des procédures Gestion administrative : Tenue des dossiers médicaux et traçabilité des actes réalisés Gestion des stocks médicament et DMS nécessaire à l'acte d'anesthésie Reporting d'activité Gestion du temps : Optimisation de l'organisation du travail pour assurer la fluidité des interventions. Qualité et sécurité : Mise en œuvre des procédures de qualité et de sécurité (check-list de sécurité patient, checklist ouverture et fermeture de salle, prévention des infections nosocomiales). Gestion des risques : Identification et évaluation des risques liés à l'anesthésie, mise en place de mesures de prévention. Anesthésie générale : Maitrise des différentes techniques d'anesthésie générale (inhalation, injection, intubation …). Anesthésie loco-régionale : Réalisation de blocs nerveux, d'anesthésies loco-régionales. Réanimation : Prise en charge des patients en état critique, ventilation mécanique. | Profil recherché : Bac +3 diplôme d'Infirmier Anesthésiste Une expérience minimum de 3 ans en même poste Maitrise de tous les protocoles de l'anesthésie Prise en charge d'un poste d'anesthésie : sécurisation par check-list avant et après chaque patient. Utilisation de l'outil informatique Optimiser l'utilisation des éléments de l'anesthésie. Conduite d'une réanimation en partenariat avec le médecin responsable dans le cadre de l'urgence. Participation à la matériovigilance, pharmacovigilance, anesthésiovigilance, hémovigilance : en ce qui concerne la mise en application des protocoles, la détection et transmissions des problèmes.",Extraversion | Sensibilité émotionnelle | Implication au travail | Humilité,https://www.rekrute.com/offre-emploi-infirmiere-anesthesiste-recrutement-huir---lhopital-universitaire-international-de-rabat-rabat-181827.html,N/A,2026-04-19T00:38:50.833676
rekrute,Nurse (Infirmiers Auxiliaires/Aide Soignante) | Rabat (Maroc),L'Hôpital Universitaire International de Rabat (HUIR),Rabat et région - Maroc,CDI,Santé / Social (métiers de)                                                                 - Secteur Pharmacie / Santé,Intermédiaire (3 à 5 ans),Bac Minimum - Baccalauréat,N/A,"Entreprise : L'Hôpital Universitaire International de Rabat (HUIR), affilié à l'Université Internationale de Rabat (UIR), est un nouveau centre hospitalo-universitaire qui ouvrira ses portes prochainement. Ce centre d'excellence proposera une quarantaine de spécialités médicales et chirurgicales, équipées d'un plateau biomédical de dernière génération. Avec une capacité d'accueil de 530 lits et places, cet hôpital futuriste représente un investissement d'environ 2 milliards de dirhams et emploiera à terme plus de 1 200 salariés. Nous vous offrons un environnement de travail bienveillant et attentif où les collaborateurs sont au cœur de l'action. Vous y trouverez des opportunités d'épanouissement professionnel et personnel, avec des possibilités de développement professionnel et de formation continue pour améliorer vos compétences et progresser dans votre carrière. Vous aurez la possibilité de participer à des projets innovants au sein d'un établissement de santé de renommée. Vous pourrez contribuer à des initiatives qui façonnent l'avenir de la médecine et des soins de santé au Maroc Vous travaillerez dans un environnement moderne, équipé des dernières technologies digitales, stimulant et collaboratif, où la bienveillance et le soutien mutuel sont au cœur de nos valeurs. Vous bénéficierez d'espaces de travail modernes, flexibles et complètement digitaux, ainsi que d'une culture d'entreprise dynamique, humaine et collaborative. De plus, vous aurez l'occasion de participer à des événements d'entreprise, des team buildings et des célébrations régulières pour célébrer vos réussites et contributions. Rejoignez-nous et contribuez à la mission de l' Hôpital Universitaire International de Rabat ! | Culture de l'entreprise : HUIR – L’Hôpital Universitaire International de Rabat évolue dans une culture majoritairement orientée coopération , où l’humain, la solidarité et la qualité des relations professionnelles occupent une place centrale. L’établissement privilégie un management de proximité fondé sur la confiance, la responsabilisation et l’accompagnement des équipes. Cette dynamique collaborative est complétée par une dimension innovation significative , encourageant l’initiative, l’expérimentation et l’amélioration continue des pratiques. Elle s’appuie également sur une organisation structurée garantissant rigueur, fiabilité et efficacité, tandis que la logique de compétition reste volontairement secondaire. | Poste : Nous recherchons une Nurse (Infirmier Auxiliaire/ Aide Soignante) expérimentée et rigoureuse pour rejoindre notre Direction des Soins et de l'Hygiène Hospitalière à l'HUIR. Elle sera chargée de prendre soin des nouveau-nés et de surveiller leur état de santé dès la naissance. Elle veille aussi à assurer leur bien-être et à accompagner les parents dans les premiers soins du bébé. Vos principales missions seront : 1.Soins des nouveau-nés Assurer la toilette du bébé (bain, change…) S'occuper du cordon ombilical Habiller et installer le bébé confortablement Veiller à son bien-être général 2. Surveillance médicale Contrôler la température, le poids, la respiration Observer le comportement du bébé (pleurs, sommeil, alimentation) Détecter rapidement les signes de problème ou de maladie Alerter le médecin en cas d'anomalie 3. Alimentation Donner les biberons si nécessaire Surveiller que le bébé mange correctement Conseiller les mamans sur l'alimentation du nourrisson 4. Accompagnement des parents Expliquer les soins du bébé (bain, change, sécurité…) Rassurer les parents, surtout après une première naissance Donner des conseils pratiques pour le retour à la maison 5. Hygiène et sécurité Maintenir un environnement propre et stérile Prévenir les infections chez les nouveau-nés Respecter les protocoles hospitaliers 6. Suivi administratif et coordination Noter les informations dans le dossier du bébé Travailler avec les médecins et les sages-femmes Participer au suivi global du nouveau-né 7. Désinfection et rangement de tout le matériel 8. Prendre soin du matériel mis à disposition 9. Participation à l'intégration du personnel nouvellement affecté au service 10.Participation à la réunion du service | Profil recherché : Niveau Bac , ou un Bac +1 / Bac +2 Une expérience minimum de 3 ans en nurserie, maitrise la réception du nouveau-né Disponibilité Sens de l'organisation",Extraversion | Sensibilité émotionnelle | Implication au travail | Humilité,https://www.rekrute.com/offre-emploi-nurse-infirmiers-auxiliairesaide-soignante-recrutement-huir---lhopital-universitaire-international-de-rabat-rabat-181826.html,N/A,2026-04-19T00:38:52.887704
rekrute,Sage Femme | Rabat (Maroc),L'Hôpital Universitaire International de Rabat (HUIR),Rabat et région - Maroc,CDI,Santé / Social (métiers de)                                                                 - Secteur Pharmacie / Santé,Intermédiaire (3 à 5 ans),Bac +3 Minimum - BTS / DUT,N/A,"Entreprise : L'Hôpital Universitaire International de Rabat (HUIR), affilié à l'Université Internationale de Rabat (UIR), est un nouveau centre hospitalo-universitaire qui ouvrira ses portes prochainement. Ce centre d'excellence proposera une quarantaine de spécialités médicales et chirurgicales, équipées d'un plateau biomédical de dernière génération. Avec une capacité d'accueil de 530 lits et places, cet hôpital futuriste représente un investissement d'environ 2 milliards de dirhams et emploiera à terme plus de 1 200 salariés. Nous vous offrons un environnement de travail bienveillant et attentif où les collaborateurs sont au cœur de l'action. Vous y trouverez des opportunités d'épanouissement professionnel et personnel, avec des possibilités de développement professionnel et de formation continue pour améliorer vos compétences et progresser dans votre carrière. Vous aurez la possibilité de participer à des projets innovants au sein d'un établissement de santé de renommée. Vous pourrez contribuer à des initiatives qui façonnent l'avenir de la médecine et des soins de santé au Maroc Vous travaillerez dans un environnement moderne, équipé des dernières technologies digitales, stimulant et collaboratif, où la bienveillance et le soutien mutuel sont au cœur de nos valeurs. Vous bénéficierez d'espaces de travail modernes, flexibles et complètement digitaux, ainsi que d'une culture d'entreprise dynamique, humaine et collaborative. De plus, vous aurez l'occasion de participer à des événements d'entreprise, des team buildings et des célébrations régulières pour célébrer vos réussites et contributions. Rejoignez-nous et contribuez à la mission de l' Hôpital Universitaire International de Rabat ! | Culture de l'entreprise : HUIR – L’Hôpital Universitaire International de Rabat évolue dans une culture majoritairement orientée coopération , où l’humain, la solidarité et la qualité des relations professionnelles occupent une place centrale. L’établissement privilégie un management de proximité fondé sur la confiance, la responsabilisation et l’accompagnement des équipes. Cette dynamique collaborative est complétée par une dimension innovation significative , encourageant l’initiative, l’expérimentation et l’amélioration continue des pratiques. Elle s’appuie également sur une organisation structurée garantissant rigueur, fiabilité et efficacité, tandis que la logique de compétition reste volontairement secondaire. | Poste : Nous recherchons une Sage Femme expérimentée et rigoureuse pour rejoindre notre Direction des Soins et de l'Hygiène Hospitalière à l'HUIR. Elle sera chargée d'assurer la prise en charge globale et individualisée des parturientes et des nouveau-nés dans le cadre d'accouchements physiologiques et/ou pathologiques, tout en veillant à garantir la sécurité, la qualité des soins, et le respect des droits. Vos principales missions seront : 1.Prise en charge des patients en salle de naissance: Accueil des patients en travail et évaluation initiale (bilan obstétrical) Surveillance du travail dans le respect des protocoles et des bonnes pratiques professionnelles Assistance à l'accouchement naturel ou instrumenté (forceps, ventouse, etc.) en collaboration avec les médecins si né Réalisation des actes obstétricaux autorisés : épisiotomie, révision utérine, etc. Surveillance immédiate post-partum et prise en charge des urgences obstétricales (hémorragie, éclampsie, etc.). 2.Encadrement et accompagnement de la patiente et de sa famille : Soutien émotionnel et information continue à la patiente et Préparation à l'allaitement et conseils postnataux initiaux. Respect des choix des patients en respectant la sécurité médicale. 3. Collaboration pluridisciplinaire: Coordination avec les anesthésistes, pédiatres et obstétriciens pour une prise en charge optimale. Participation active aux réunions de service et débriefings post-interventionnels. Signalement et gestion des situations à risque (prééclampsie, travail dystocique, hémorragie de la délivrance …) 4. Formation et encadrement: Accueil et formation des étudiantes sage-femmes ou autres stages Participation aux activités pédagogiques et de formation 5. Participation à la gestion du service: Application et respect des protocoles d'hygiène Participation à la gestion des équipements et à leur entretien (CTG, tables d'accouchement, ma Contribution à l'amélioration continue de la qualité des soins (RMM, audits cliniques | Profil recherché : Bac +3 diplôme de Sage -femme Minimum 3 ans d'expérience dans un poste similaire (salle d'accouchement et suite de couche) Capacité de diagnostiquer et de satisfaire les besoins du patient Connaissance des responsabilités d'un(e) infirmier (ère) Connaissance des procédures de bonnes pratiques et techniques concernant son champ d'activité Conduite d'une réanimation en partenariat avec le médecin responsable dans le cadre de l'urgence.",Extraversion | Sensibilité émotionnelle | Implication au travail | Humilité,https://www.rekrute.com/offre-emploi-sage-femme-recrutement-huir---lhopital-universitaire-international-de-rabat-rabat-181825.html,N/A,2026-04-19T00:38:55.247689
rekrute,Conseiller Commercial | Marrakech (Maroc),Fondée en 1973,Marrakech et région - Maroc,CDI,Commercial / Vente / Export                                                                 - Secteur Automobile / Motos / Cycles,Junior (1 à 3 ans),Bac +3 Minimum,N/A,"Entreprise : Fondée en 1973, la Société Bouderka SARL, concessionnaire exclusif à Marrakech des marques Porsche, Volkswagen, Audi et Škoda, s’appuie sur plus de 50 ans d’excellence dans le secteur automobile. La performance durable de l’entreprise repose sur le développement de ses talents. Sa politique RH est axée sur la montée en compétences, la formation continue et l’appropriation des technologies de pointe, garantissant expertise, engagement et qualité de service. Entreprise responsable, la Société Bouderka SARL favorise un environnement de travail exigeant et collaboratif, fondé sur des valeurs de respect, responsabilité sociale et durabilité, avec l’ambition affirmée d’être un employeur de référence. | Poste : Atteindre les objectifs de ventes fixés, tant sur le plan quantitatif que qualitatif ; Développer et fidéliser un portefeuille clients, tout en identifiant de nouvelles opportunités commerciales ; Être force de proposition afin de dynamiser les ventes et contribuer à la croissance de l’activité ; Assurer la présentation des produits en mettant en avant leurs avantages et bénéfices clients ; Mettre en œuvre des actions visant à améliorer la satisfaction client et en assurer le suivi à l’aide d’indicateurs de performance ; Assurer un reporting régulier et une communication efficace auprès de l’équipe dirigeante . Obtenir et maintenir les certifications liées au poste, conformément aux standards et exigences des marques. | Profil recherché : Expérience de 2 à 3 ans minimum dans une marque de luxe ; Sens commercial développé et forte orientation résultats ; Excellent relationnel et forte culture de la satisfaction client ; Capacité à travailler de manière autonome et proactive ; Aisance dans la communication et le reporting ;",Recherche de nouveauté | Extraversion | Volonté de persuasion | Intuition / Spontanéité | Ambition,https://www.rekrute.com/offre-emploi-conseiller-commercial-recrutement-bouderka-marrakech-181824.html,N/A,2026-04-19T00:38:57.203805
rekrute,Infirmiers Polyvalents Spécialisés  Pédiatrie/ Réa néonatale /Réa pédiatrique | Rabat (Maroc),L'Hôpital Universitaire International de Rabat (HUIR),Rabat et région - Maroc,CDI,Santé / Social (métiers de)                                                                 - Secteur Pharmacie / Santé,Intermédiaire (3 à 5 ans),Bac +3 Minimum - BTS / DUT - Formation spécialisée,N/A,"Entreprise : L'Hôpital Universitaire International de Rabat (HUIR), affilié à l'Université Internationale de Rabat (UIR), est un nouveau centre hospitalo-universitaire qui ouvrira ses portes prochainement. Ce centre d'excellence proposera une quarantaine de spécialités médicales et chirurgicales, équipées d'un plateau biomédical de dernière génération. Avec une capacité d'accueil de 530 lits et places, cet hôpital futuriste représente un investissement d'environ 2 milliards de dirhams et emploiera à terme plus de 1 200 salariés. Nous vous offrons un environnement de travail bienveillant et attentif où les collaborateurs sont au cœur de l'action. Vous y trouverez des opportunités d'épanouissement professionnel et personnel, avec des possibilités de développement professionnel et de formation continue pour améliorer vos compétences et progresser dans votre carrière. Vous aurez la possibilité de participer à des projets innovants au sein d'un établissement de santé de renommée. Vous pourrez contribuer à des initiatives qui façonnent l'avenir de la médecine et des soins de santé au Maroc Vous travaillerez dans un environnement moderne, équipé des dernières technologies digitales, stimulant et collaboratif, où la bienveillance et le soutien mutuel sont au cœur de nos valeurs. Vous bénéficierez d'espaces de travail modernes, flexibles et complètement digitaux, ainsi que d'une culture d'entreprise dynamique, humaine et collaborative. De plus, vous aurez l'occasion de participer à des événements d'entreprise, des team buildings et des célébrations régulières pour célébrer vos réussites et contributions. Rejoignez-nous et contribuez à la mission de l' Hôpital Universitaire International de Rabat ! | Culture de l'entreprise : HUIR – L’Hôpital Universitaire International de Rabat évolue dans une culture majoritairement orientée coopération , où l’humain, la solidarité et la qualité des relations professionnelles occupent une place centrale. L’établissement privilégie un management de proximité fondé sur la confiance, la responsabilisation et l’accompagnement des équipes. Cette dynamique collaborative est complétée par une dimension innovation significative , encourageant l’initiative, l’expérimentation et l’amélioration continue des pratiques. Elle s’appuie également sur une organisation structurée garantissant rigueur, fiabilité et efficacité, tandis que la logique de compétition reste volontairement secondaire. | Poste : Nous recherchons un(e) Infirmier(e) Polyvalent(e) Spécialisé (e) Pédiatrie/ Réa néonatale /Réa pédiatrique expérimenté(e) et rigoureux(se) pour rejoindre notre Direction des Soins et de l'Hygiène Hospitalière à l'HUIR. Il/ Elle sera chargé(e) de réaliser les soins destinés à maintenir ou restaurer la santé de l'enfant malade, surveiller l'état de santé des patients et coordonner les soins pendant leur hospitalisation et lors de leur sortie, agir, soit à son initiative, soit selon les prescriptions du médecin : entretiens avec l'enfant et sa famille, éducation thérapeutique, préparation et distribution de médicaments, soins de nature technique (pansements, prélèvements, prise de tension, injections…). Ainsi d'évaluer le développement physique et psychologique de l'enfant, ainsi que son état de santé, poser un diagnostic social et sanitaire et accomplir les actes éducatifs conduisant à l'autonomie de l'enfant et de sa famille, accompagne les parents et la famille dans l'exercice de leurs fonctions parentales en les aidant à réaliser des activités de soins, de prévention et d'éducation. Vos principales missions seront : 1.INFORMATION / COMMUNICATION / RELATION : Avec l'enfant et sa famille : Avoir une attitude qui facilite l'accueil Avoir une attitude rassurante et empathique avec les enfants et leur famille Savoir garder son calme dans des situations d'urgence ou des situations conflictuelles Avoir une attitude d'aide Savoir initier une démarche éducative (éducation thérapeutique enfant diabétique, asthmatique et traitement à domicile…) Avec les équipes et les professionnels : Savoir travailler en collaboration avec diverses équipes : Les équipes du plateau technique (laboratoire, radiologie) L'équipe des consultations externes générales (EEG, ophtalmologie, anesthésie...) Le bureau des entrées (informatique) Capacité d'adaptation aux différents intervenants (pédiatres, chirurgiens …) Savoir travailler en binôme avec l'aide-soignante en respectant les fonctions de chacun 2.ORGANISATION et TECHNICITE : Maîtriser les connaissances dans le domaine de la pédiatrie : Connaissances du développement de l'enfant Connaissances des pathologies pédiatriques les plus courantes (bronchiolites, gastro-entérite, asthme, syndrome néphrotique, diabète…) Prise en charge psychologique des enfants et des familles à leur arrivée et en cours d'hospitalisation Avoir de la dextérité et de la rapidité dans les soins et les gestes de soins intensifs Avoir de la rigueur dans l'entretien et la gestion du matériel Se tenir au courant des nouvelles techniques (prise en charge de la douleur, protocoles...) Réactualiser ses connaissances grâce à la formation continue ou à d'autres moyens d'information Organiser et assurer les soins spécifiques aux spécialités dans son unité (rendez-vous, transfert…) Être polyvalente en soins médicaux et chirurgicaux rencontrés dans le service Proposer de nouvelles organisations afin d'optimiser le travail de l'unité si nécessaire Avoir des compétences dans la gestion des dossiers (classement, tenue du dossier, transmissions ciblées…) Connaitre les procédures administratives Savoir utiliser les outils informatiques 3. ENCADREMENT DES STAGIAIRES : Avoir une attitude éducative pour l'encadrement | Profil recherché : Diplôme d'infirmier polyvalent +Spécialisation en pédiatrie (DU/certificats...) Minimum 3 ans d'expérience en pédiatrie ou réanimation néonatale Capacité de diagnostiquer et de satisfaire les besoins du patient Connaissance des responsabilités d'un(e) infirmier (ère) Connaissance des procédures de bonnes pratiques et techniques concernant son champ d'activité Conduite d'une réanimation en partenariat avec le médecin responsable dans le cadre de l'urgence.",Extraversion | Sensibilité émotionnelle | Implication au travail | Humilité,https://www.rekrute.com/offre-emploi-infirmiers-polyvalents-specialises-pediatrie-rea-neonatale-rea-pediatrique-recrutement-huir---lhopital-universitaire-international-de-rabat-rabat-181823.html,N/A,2026-04-19T00:38:59.201715
rekrute,Conseiller Service | Marrakech (Maroc),Fondée en 1973,Marrakech et région - Maroc,CDI,Administration des ventes / SAV                                                                 - Secteur Automobile / Motos / Cycles,Junior (1 à 3 ans),Bac +2 Minimum - Formation professionnelle - Formation spécialisée,N/A,"Entreprise : Fondée en 1973, la Société Bouderka SARL, concessionnaire exclusif à Marrakech des marques Porsche, Volkswagen, Audi et Škoda, s’appuie sur plus de 50 ans d’excellence dans le secteur automobile. La performance durable de l’entreprise repose sur le développement de ses talents. Sa politique RH est axée sur la montée en compétences, la formation continue et l’appropriation des technologies de pointe, garantissant expertise, engagement et qualité de service. Entreprise responsable, la Société Bouderka SARL favorise un environnement de travail exigeant et collaboratif, fondé sur des valeurs de respect, responsabilité sociale et durabilité, avec l’ambition affirmée d’être un employeur de référence. | Poste : Responsabilités Identification des besoins de la clientèle et satisfaction de ces besoins par le biais de produits et/ou d'offres de services; Développement et suivi de relations durables avec la clientèle et les prospects par anticipation et satisfaction de leurs besoins en termes de services et de produits; Fourniture d'une prestation après-vente de qualité constante à chaque client dont ce dernier se souviendra avec satisfaction; Réalisation des objectifs individuels en termes de CA, de volume des ventes et de satisfaction clientèle; Traitement du feedback et des réclamations des clients en respectant les standards en place; Application des outils mis à disposition tels que les systèmes IT SAV (EBP, Elsa Pro, DISS, ETKA, Plan Numérique, Lecteur de clés, PPSO, Service CAM, Service Online.......); Remise des rapports d'activité définis au Responsable SAV; Suivi des dossiers de réparation ouverts et facturation après la fin des travaux. Opération quotidiennes Préparation du rendez-vous service du client (disponibilité de la pièce de rechange, ressource ateller, informations techniques, historique service......); Réception du client selon les standards en application; Confirmation des travaux à entreprendre avec le client et établissement de l'ordre de réparation; Mise à jour de la base de données du client (Adresse, e-mail, N° de téléphone.....); Suivi des réparations en cours avec les collaborateurs atelier; Coordination avec le client sur l'avancement des travaux de maintenance et/ou de réparation; Préparation de la livraison du véhicule au client; Explication au client des travaux exécutés (main-d'oeuvre et pièce de rechange); Facturation du dossier de réparation; Livraison du véhicule au client. | Profil recherché : Diplôme de Technicien Spécialisé en Automobile (BAC+2). Connaissances mécanique, diagnostic automobile Au minimum 1 ans d'expérience dans le secteur automobile.",Volonté de persuasion | Rationalisme | Implication au travail | Improvisation,https://www.rekrute.com/offre-emploi-conseiller-service-recrutement-bouderka-marrakech-180370.html,N/A,2026-04-19T00:39:02.011091
rekrute,Cadre Commercial Francophone Top Performers | Casablanca (Maroc),ALKIMIY,Casablanca et région - Maroc,CDI,Commercial / Vente / Export                                                                 - Secteur Conseil / Etudes								- Offshoring / Nearshoring,Intermédiaire (3 à 5 ans),Bac Minimum - Baccalauréat,Salaire proposé : 10000 - 15000 DH nets mensuels,"Entreprise : ALKIMIY est une entreprise basée à Casablanca, spécialisée dans la création et le développement d’équipes commerciales à haute performance. Sa mission est claire : créer un environnement où les talents ambitieux peuvent atteindre leur plein potentiel et générer des résultats mesurables. Pour cela, ALKIMIY s’appuie sur une approche structurée reposant sur des méthodes propriétaires, un accompagnement intensif et une culture forte de la performance. L’entreprise a développé un système unique, combinant formation accélérée, coaching quotidien et analyse des performances (notamment via des outils d’intelligence artificielle), permettant aux collaborateurs de monter rapidement en compétences et d’atteindre des niveaux élevés d’efficacité commerciale. ALKIMIY se distingue également par un modèle méritocratique assumé : la progression, la rémunération et l’évolution de carrière sont directement liées aux résultats individuels, dans un cadre transparent et structuré. Les fondateurs ALKIMIY a été fondée par une équipe d’entrepreneurs aux parcours internationaux complémentaires, réunis autour d’une ambition commune : bâtir une référence en matière de performance commerciale. Romain Nussmann – Fondateur & CEO Ancien champion du monde de poker, il est à l’origine de la méthodologie interne d’ALKIMIY (notamment les programmes Al-Tariqa et Athanor), conçue pour structurer et optimiser la performance commerciale. Julien Bucaille – Chief Revenue Officer (CRO) Ancien Senior Vice President chez Salesforce et diplômé de HEC Paris, il cumule plus de 15 ans d’expérience dans la gestion d’équipes commerciales à haute performance. Damien Jacquemart – Chief Technology Officer (CTO & AI) Docteur en intelligence artificielle et ancien de Dataiku, il apporte une expertise technologique avancée, notamment dans l’analyse des performances et l’optimisation des processus via l’IA. Ahmed Yacine Lalej - Poste : Directeur Général Adjoint (DGA) – Alkimiy - Expérience : Plus de 18 ans dans le développement des affaires et la direction opérationnelle, avec une expertise en branding créatif, stratégie digitale et lancement de projets innovants sur le marché marocain et international. Pourquoi rejoindre ALKIMIY ? Un environnement structuré orienté performance et résultats Une formation intensive et un coaching quotidien Un système de rémunération déplafonné Des perspectives d’évolution rapide basées sur la méritocratie Des outils innovants intégrant l’intelligence artificielle Rejoindre ALKIMIY, c’est intégrer une organisation exigeante et ambitieuse, conçue pour former et faire émerger des profils commerciaux d’excellence. | Poste : Rejoignez une entreprise dynamique  en tant que Cadre Commercial Francophone Top Performers . Basé à Casablanca , Maroc, vous intégrerez une équipe où l'excellence commerciale est valorisée et les performances sont reconnues. Votre objectif principal sera de contribuer activement au développement du chiffre d'affaires de l'entreprise grâce à une approche commerciale proactive et orientée résultats. Il s'agira de construire et de maintenir des relations solides avec la clientèle, tout en atteignant et dépassant les objectifs fixés. Vos missions quotidiennes incluront : Identifier et contacter des clients potentiels afin de leur proposer nos produits et services. Gérer l'intégralité du cycle de vente, de la prospection à la conclusion de la transaction. Fournir un conseil personnalisé et adapté aux besoins spécifiques de chaque client. Assurer un suivi rigoureux des dossiers clients et des opportunités commerciales. Atteindre et dépasser les objectifs de vente mensuels. Participer activement aux réunions d'équipe et aux formations pour améliorer continuellement vos compétences. | Profil recherché : Pour réussir dans ce rôle, vous êtes titulaire au minimum d'un Bac . Une formation supérieure dans le domaine commercial serait un atout. Une expérience de 3 à 10 ans dans un rôle commercial, idéalement en vente ou en export , est requise. Les profils ayant déjà évolué dans des environnements exigeants et orientés performance seront particulièrement appréciés. Ce poste s'adresse à des commerciaux aguerris possédant d'excellentes compétences en : Communication orale et écoute active. Négociation et closing. Orientation client et sens du service. Persuasion et force de conviction. Autonomie et organisation. La maîtrise parfaite de la langue française est indispensable. Une première expérience dans le domaine des centres d'appels serait un plus. Si vous êtes motivé par le dépassement de soi et que vous aspirez à une carrière enrichissante dans la vente, ce défi est fait pour vous. Ne tardez pas à postuler si vous vous reconnaissez dans ce profil. Ce poste est ouvert aux personnes à mobilité réduite.",Recherche de nouveauté | Créativité | Extraversion | Flexibilité | Besoin d'action | Travail en équipe | Implication au travail | Humilité,https://www.rekrute.com/offre-emploi-cadre-commercial-francophone-top-performers-recrutement-alkimy-casablanca-181822.html,N/A,2026-04-19T00:39:03.922065
rekrute,Ingénieur de Production (F/H) | Casablanca (Maroc),N/A (confidentiel),Casablanca et région - Maroc,CDI,Informatique / Electronique - Télécom / Réseaux - Secteur Informatique								- Telecom,Intermédiaire (3 à 5 ans) - Confirmé (5 à 10 ans),Bac +5 et plus Minimum - Ecole d'ingénieur - Master,N/A,"Entreprise : Vous êtes en quête de nouveaux défis et souhaitez donner un nouvel élan à votre carrière ? Rejoignez Sofrecom , une entreprise où l’agilité, l’audace et l’esprit d’équipe sont au cœur de notre culture, et où chacun peut s’épanouir pleinement. Filiale du groupe Orange, Sofrecom est une société de conseil et d’ingénierie spécialisée dans les télécommunications. Nous accompagnons nos clients dans leur transformation numérique, en les aidant à anticiper les évolutions technologiques, adapter leurs activités, moderniser leurs organisations et développer des solutions durables et performantes. Avec plus de 3 000 consultant(e)s et expert(e)s issus de 34 nationalités et répartis sur 9 implantations dans le monde, Sofrecom s’appuie sur la richesse des parcours et des talents pour stimuler l’innovation et viser l’excellence. Notre culture d’entreprise valorise un environnement inclusif, diversifié et équitable, où chaque personne est encouragée à s’épanouir pleinement. Nous favorisons l’intégration des jeunes talents, soutenons l’évolution des collaboratrices et collaborateurs expérimentés, et promouvons l’égalité professionnelle pour toutes et tous. Nous nous engageons également à créer des conditions propices à la pleine participation des personnes en situation de handicap. Ainsi, chacun·e peut développer ses compétences, contribuer activement et progresser dans sa carrière, dans un cadre bienveillant, stimulant et respectueux de la diversité. Rejoindre Sofrecom , c’est participer à des projets passionnants, explorer des parcours variés et évoluer dans un environnement qui valorise vos idées, vos compétences et vos ambitions. Postulez dès maintenant et intégrez un lieu où chacun peut s’exprimer librement et trouver sa place. Toutes les données à caractère personnel partagées avec Sofrecom Services Maroc sont traitées conformément à la loi n° 09 08 relative à la protection des données à caractère personnel. Pour exercer vos droits d’accès, de rectification ou d’opposition, merci de contacter la DRH au 05 37 27 99 00. Ensemble, nous contribuons au développement du numérique dans le monde ! | Culture de l'entreprise : Sofrecom Maroc se caractérise par une culture fortement orientée vers la coopération , plaçant l’humain, la confiance et le bien-être des collaborateurs au cœur de son fonctionnement. Le management de proximité encourage l’accompagnement, la responsabilisation et des relations de travail durables au sein d’équipes solidaires. Cette dynamique collaborative est enrichie par une dimension innovation , favorisant l’initiative, l’agilité et l’ouverture aux nouvelles idées. Des processus structurés viennent compléter l’ensemble pour garantir fiabilité et efficacité, tandis que la performance reste présente de manière plus mesurée. | Poste : Missions: Gestion des incidents Gestion des flux, DNS, certificats, … Pilotage du capacitaire (cpu, ram, stockage, réseau) des infrastructures Support aux développeurs Accostage des nouveaux clients des applications Participation aux cérémonies des différentes applications Prioriser ou faire prioriser les activités en lien avec la QoS des applications Rendre compte à l’équipe des activités OPS sur chaque application Build Migration des infrastructures de datacenter (SBM vers NNC) avec mise à jour supervision, documentation, …) Mise en place d’une supervision applicative Améliorer l’exploitabilité des applications pour l’équipe de supervision & astreintes Evolution des accesslogs avec mise en place de nouveaux tableaux de bord Amélioration des interfaces partenaires (chaine de collecte, scripts de synchro, …) | Profil recherché : Compétences techniques: Linux (bash) : Impératif Réseau : Impératif Architecture web (api first) : Nécessaire Infrastructure cloud (CloudFoundry, K8S) : Nécessaire Bus de données (RabbitMQ) : Serait un plus BDD (Redis, MongoDB, XtraDB) : Serait un plus Python : Serait un plus Savoir-faire: Expression orale et écrite : Nécessaire Outillage : Nécessaire GitLab, ES/Grafana Savoir-être: Autonomie : Impératif Force de proposition : Nécessaire Sens du service : Serait un plus",Recherche de nouveauté | Besoin de réflexion | Besoin d'autonomie | Implication au travail | Ambition,https://www.rekrute.com/offre-emploi-ingenieur-de-production-fh-recrutement-sofrecom-maroc-casablanca-181174.html,N/A,2026-04-19T00:39:06.696582
rekrute,Auditeur Interne Senior (H/F) | Rabat (Maroc),DXC Technology,Rabat et région - Maroc,CDI,Audit / Conseil - Internet / Multimédia - Secteur Informatique								- Internet / Multimédia,Intermédiaire (3 à 5 ans) - Confirmé (5 à 10 ans),Bac +5 et plus Minimum - Master,N/A,"Entreprise : DXC Technology est le fruit d’un partenariat stratégique entre Enterprise Services de Hewlett Packard Enterprise et l’investisseur n°1 au Maroc : la Caisse de Dépôt et de Gestion. DXC Technology Monde a été créée le 3 Avril 2017, suite à la fusion entre deux grands géants du secteur IT ; HPE (Hewlett Packard Enterprise) et CSC (Computer Sciences Corporation). Cette fusion ayant donné naissance à l’un des plus gros acteurs de services aux entreprises au monde : DXC Technology , ce nouveau Groupe dispose d’un portefeuille de plus de 5 900 clients répartis dans plus de 70 pays, dont le Maroc. DXC Technology a été créée sur des fondations solides de confiance et de transformation et sur l’ambition renouvelée d’aider les clients à prospérer par le changement Digital. Ainsi, nous sommes reconnu comme un multiplicateur de forces avec l’objectif principal d’apporter plus de valeur aux clients, aux partenaires et aux actionnaires de la société, et d’offrir davantage d’opportunités aux collaborateurs du groupe | Culture de l'entreprise : DXC – CDG se distingue par une culture fortement orientée vers la performance et la compétition , où l’ambition, le goût du challenge et l’orientation client structurent les priorités. Cette dynamique est équilibrée par une culture de coopération , favorisant la confiance, la responsabilisation et un management de proximité attentif aux équipes. Elle intègre également une dimension d’ innovation , encourageant l’initiative, l’adaptabilité et l’expérimentation. Enfin, une culture d’ organisation bien établie encadre l’ensemble, garantissant rigueur, fiabilité des processus et efficacité opérationnelle. | Poste : Dans un environnement technologique fortement réglementé, DXC.CDG renforce son dispositif d’audit interne afin d’accompagner l’amélioration continue des processus et le respect des exigences de conformité. L’Auditeur Interne Senior intervient sur des périmètres variés (IT, Cloud, Finance, Achats, Tiers, RH, Sécurité de l’information, etc.) et joue un rôle clé dans la communication avec les acteurs opérationnels et le management. Missions principales : Contribuer à la gestion du plan annuel d’audit des différents périmètres : Finance, Achats, RH, Juridique, Sécurité, IT et métiers. Contribuer à des projets stratégiques de l’entreprise y compris le programme Ethics & Compliance. Participer à des missions de conseil et d’accompagnement. Collecter et analyser les informations, données et évidences nécessaires aux travaux d’audit. Identifier les écarts, dysfonctionnements et axes d’amélioration. Évaluer la conception et le fonctionnement des dispositifs existants, en toute indépendance. Assurer le suivi des plans d’actions issus des audits. Préparer des reporting clairs et structurés à destination du management et des parties prenantes. Compétences techniques: Solide maîtrise des principes, standards et méthodologies d’audit interne. Bonne connaissance des environnements IT, Cloud et des risques associés. Connaissances en gestion des risques, conformité, gouvernance. Soft skills: Excellentes compétences en communication. Aisance relationnelle et capacité à interagir avec des interlocuteurs variés (opérationnels, management, fonctions support). Excellentes capacités rédactionnelles (rapports, synthèses, présentations). Esprit d’analyse, sens critique et capacité de synthèse. Autonomie, rigueur, sens de l’organisation et respect des délais. Posture professionnelle, diplomatie et sens de la confidentialité. | Profil recherché : Profil recherché: Diplôme d'une grande école en audit, contrôle et conseil Certifications (CIA, CISA, ISO, etc.) appréciées. Français et anglais courants (écrit et oral) Années d’expérience requises: Minimum 5 ans d’expérience en audit ou conseil Une expérience dans un environnement IT / services / cloud est un atout majeur. Outils: Très bonne maîtrise des outils bureautiques Forte aisance dans l’utilisation des outils digitaux Qualités personnelles: Esprit critique et sens de l’objectivité. Rigueur, autonomie et sens de l’organisation. Capacité à gérer plusieurs missions en parallèle. Discrétion et respect strict de la confidentialité. Orientation amélioration continue et valeur ajoutée",Recherche de nouveauté | Rationalisme | Flexibilité | Besoin de réflexion | Besoin d'autonomie | Implication au travail | Ambition | Organisation,https://www.rekrute.com/offre-emploi-auditeur-interne-senior-hf-recrutement-dxc---cdg-rabat-181820.html,N/A,2026-04-19T00:39:08.999015
rekrute,Manager H/F | Mohammédia (Maroc),McDonald’s Maroc,Casablanca et région - Maroc,CDI,Centre d'appels (métiers de) - Hôtellerie / Restauration (métiers de) - Secteur Centre d'appels								- Hôtellerie / Restauration,Junior (1 à 3 ans),Bac +2 Minimum - Ecole de commerce,N/A,"Entreprise : McDonald’s Maroc est une entreprise 100% marocaine. Notre mission est d’offrir une expérience agréable, facile et conviviale pour tous les Marocains et ce depuis plus de 30 ans. Notre enseigne compte aujourd’hui,  81 restaurants dans 25 villes, avec plus de 5 000 collaborateurs engagés pour offrir la meilleure expérience à nos clients. L’accélération de notre plan de développement est accompagnée d'une stratégie de recrutement, intégration, formation et plan de carrière et ce dans un cadre favorisant la diversité, l’équité, l’inclusion ainsi que la sécurité de nos collaborateurs. Nous évoluons tous ensemble dans un cadre de travail bienveillant porté par les valeurs : service, inclusion, intégrité, communauté et famille. Que ce soit une première expérience professionnelle ou une nouvelle expérience, McDonald’s Maroc est très engagé pour la rendre agréable et bénéfique en termes d’apprentissage et d’épanouissement pour ses jeunes talents. | Culture de l'entreprise : McDonald’s Maroc s’appuie sur une culture coopérative , où l’humain, l’esprit d’équipe et la solidarité structurent le quotidien des équipes. Le management de proximité favorise l’accompagnement, la responsabilisation et l’engagement collectif. Cette base collaborative est renforcée par une forte orientation performance , tournée vers l’atteinte d’objectifs et la satisfaction client. Elle s’inscrit dans un cadre organisationnel rigoureux , garantissant efficacité, qualité et fiabilité, tandis que l’innovation reste présente de manière plus ciblée. | Poste : Le  Manager (le 2ème assistant) est le garant d’une bonne gestion du restaurant, il veille tout le temps sur la qualité, le service, la propreté pendant son shift et la sécurité des biens et des collaborateurs du restaurant. Activités principales Garantir que l’ensemble du personnel donne la priorité à la satisfaction client, dans le respect des normes de Sécurité, la sécurité alimentaire, de Qualité, de Service et de Propreté de McDonald’s ; Assurer l’ouverture et/ou de la fermeture du restaurant; Gérer le stock et les approvisionnements; Planifier les heures des équipiers et les tâches non productives ; Evaluer la performance des équipiers; Gérer le système de formations des équipiers; Assurer l’exécution des taches d'entretien préventif; Evolution professionnelle S’il a le potentiel en termes de compétences comportementales, managériales et opérationnelles, il pourra évoluer vers le poste de 1er assistant après avoir rempli les critères pour passer le conseil de nomination et décrocher éventuellement le poste de directeur de restaurant une fois ses compétences confirmées. | Profil recherché : La fonction est accessible aux Bac +2 et plus tout diplôme confondu. Une première expérience en Management, Relation client, vente, etc…est souhaitable pour accéder à ce poste. Savoir-faire Maîtrise de la relation client Animation d'équipe Pratique professionnelle de la langue française",Extraversion | Conventionnel | Flexibilité | Organisation,https://www.rekrute.com/offre-emploi-manager-hf-recrutement-mcdonalds-maroc-mohammedia-181819.html,N/A,2026-04-19T00:39:11.233020
rekrute,Frigoriste Francophone (H/F) | Casablanca (Maroc),C’est,Casablanca et région - Maroc,CDI,Production / Qualité / Sécurité / Maintenance                                                                 - Secteur Energie,Junior (1 à 3 ans),Bac +2 Minimum - BTS / DUT,N/A,"Entreprise : C’est en 1902 que le Dr Willis H. Carrier invente et fabrique le tout premier climatiseur moderne au monde. Depuis cette date, Carrier Corporation est le numéro un mondial de la climatisation , avec plus de 4 millions d’unités vendues par an, assemblées dans plus de 40 usines de production, installées et entretenues sur cinq continents. Créée en 2014, MCS est le fruit d’une joint-venture signée entre VENTEC Maroc et Carrier, numéro 1 mondial dans le domaine du froid . MCS assure le support technique, commercial et administratif à distance pour le compte de Carrier France , Carrier Espagne , Otis France , Chubb France , CIAT , Carrier Transicold , Carrier Réfrigération et d’autres sociétés du groupe. MCS permet d’assurer avec efficience et efficacité le traitement des demandes particulières et des consultations, la saisie des commandes, la gestion des réclamations ainsi que la planification des interventions et le support technique à distance. Vous souhaitez révéler votre potentiel dans un environnement challengeant et collaboratif ? Vous souhaitez évoluer dans une structure soucieuse de l’épanouissement et de la satisfaction de ses moyens humains ? A vous de saisir l’opportunité et de concrétiser vos idées au cœur de nos projets ambitieux, en nous envoyant votre candidature. | Culture de l'entreprise : Maroc Climate and Security (MCS) – Carrier s’inscrit dans une culture à dominante coopérative , où l’humain, la confiance et la solidarité structurent les relations de travail. L’organisation s’appuie sur un management de proximité, favorisant l’accompagnement, la responsabilisation et l’engagement collectif au service de projets porteurs de sens. Cette dynamique collaborative coexiste avec une forte orientation vers la performance , traduite par des objectifs clairs et une recherche de résultats mesurables. Elle est complétée par des pratiques innovantes encourageant l’initiative ainsi que par une organisation structurée , garantissant rigueur, efficacité et fiabilité. | Poste : Suivre l’avancement des dossiers ; Chiffrage et sélection des dossiers techniques ; Etre l’interlocuteur direct avec les clients de la société | Profil recherché : Avoir un très bon niveau de français; Formation Bac+2/3 en génie énergétique ou climatique ; Une première expérience dans une fonction similaire est souhaitable ; Bonne communication.",Respect des règles | Besoin d'objectivité | Rationalisme | Ténacité | Organisation,https://www.rekrute.com/offre-emploi-frigoriste-francophone-hf-recrutement-maroc-climate-and-security-mcs---carrier-casablanca-180762.html,N/A,2026-04-19T00:39:13.180885
rekrute,Business Analyst Marketing  (H/F) | Casablanca (Maroc),N/A (confidentiel),Casablanca et région - Maroc,CDI,Marketing                                                                 - Secteur Internet / Multimédia,Débutant (-1 an) - Junior (1 à 3 ans),Bac +5 et plus Minimum,N/A,"Entreprise : Nous sommes à la recherche d'un.e futur.e Business Analyst Marketing passionné.e par l’analyse de la performance et la gestion de projets internationaux pour rejoindre notre équipe Business Operations. | Poste : Vous auriez l'opportunité de jouer un rôle clé dans le développement de nombreux projets digitaux et impacter les décisions d’investissements au quotidien. votre mission consistera à gérer et à coordonner la progression des projets. Mais aussi de suivre la performance des opérations en cours et en particulier des campagnes de marketing digital. 1. Booster la croissance du marché : • Identifier les caractéristiques clés du marché et effectuer des benchmarks réguliers. • Suivre les KPIs à partir des tableaux de bords, analyser et optimiser les performances en lien avec les équipes marketing et techniques. • Améliorer les supports statistiques et leurs modèles. • Travailler avec les équipes de marketing digital pour optimiser les campagnes pub et atteindre les objectifs définis. • Collaborer avec l'équipe produit pour coordonner le lancement de nouveaux services et l’évolution des ceux existants • Réaliser les supports et reportings qui seront transmis aux partenaires / prospects / clients • Conduire les projets du concept initial à la livraison. Assurer la coordination entre toutes les parties prenantes (Business, Technique, Marketing) 2. Gérer opérationnellement : • Analyser, mesurer les performances et le retour sur investissement. • Proposer des actions d'optimisations / d'améliorations • Conduire les phases itératives de tests & learn (AB testing) . • Réaliser les paramétrages des offres sur les outils du groupe. • Produire les reportings ainsi que les présentations relatives aux différents projets. | Profil recherché : Jeune diplômé(e) ou professionnel(le) en début de carrière, doté(e) d’une grande énergie et d’une forte volonté de réussir Stage ou première expérience en coordination de projets digitaux Dynamique, doté(e) d’un esprit entrepreneurial et de solides compétences relationnelles Passionné(e) par les défis, capable de gérer plusieurs projets simultanément et d’atteindre les objectifs dans des délais impartis Organisé(e), rigoureux(se), analytique et créatif(ve), capable de travailler aussi bien en autonomie qu’en équipe Trilingue, avec d’excellentes compétences de communication écrites et orales en français, en anglais et en arabe (la maîtrise de l’anglais est obligatoire) Fort intérêt pour les secteurs du mobile et du digital",Recherche de nouveauté | Extraversion | Ambition | Flexibilité | Organisation,https://www.rekrute.com/offre-emploi-business-analyst-marketing-hf-recrutement-confidentiel-casablanca-180703.html,N/A,2026-04-19T00:39:15.083145
rekrute,Agent administratif | Béni Mellal (Maroc),Fort d’une expérience terrain de plus de 40 ans,Béni Mellal et région - Maroc,CDI,Administration des ventes / SAV - Banque (métiers de la) - Secteur Automobile / Motos / Cycles								- Banque / Finance,Junior (1 à 3 ans),Bac +2 Minimum - BTS / DUT - DEUG,N/A,"Entreprise : Fort d’une expérience terrain de plus de 40 ans , MESKI Invest est un groupe marocain multi-métiers ayant fait le choix stratégique de la diversification , en intervenant dans les secteurs clés de l’économie marocaine : • Riva Industrie : Industries sidérurgiques • Entreprises Belmekki : Distribution de matériaux de construction • Nadym : Logistique et services de transport routier, transport de marchandises et location camions remorques • Belmekkimmo : Immobilier • Danub : Location de voitures • Ontario : Transport touristique • Jawda Bois : Distribution de bois • Nouveaux métiers innovants en cours de développement dans le cadre du programme national d’accélération industrielle Créateur de valeurs dans plusieurs régions du Royaume, le Groupe a su confirmer au niveau national sa vocation d’ acteur de référence grâce à une expertise humaine et des technologies de pointe. Rejoindre le Groupe Meski Invest , c’est faire partie d’un groupe familial, visionnaire et audacieux qui continue d’entreprendre et d’investir. Tous ses bénéfices sont réinvestis dans le développement au service de cette politique de croissance. Le Groupe est en outre engagé dans le développement économique local et dans le développement durable , reposant sur le savoir-faire et l’implication de ses salariés . Nos collaborateurs, qui sont plus de 2 500 , font la force de notre Groupe. Pour leur offrir des perspectives de carrière intéressantes et attirer de nouveaux talents, nous travaillons continuellement à l’amélioration de nos techniques de management et proposons des opportunités de carrière et une formation continue , tout en veillant à la qualité de l’environnement de travail et à l'établissement de relations sociales professionnelles. | Poste : Rejoignez une entreprise dynamique du secteur de la métallurgie / sidérurgie en tant qu' Agent administratif . Basé(e) à Béni Mellal , votre rôle sera central dans le bon fonctionnement de nos opérations, en offrant un soutien administratif essentiel et en assurant un lien fluide entre les différents départements. Votre contribution permettra d'optimiser les processus administratifs quotidiens et de garantir une organisation rigoureuse. L'objectif est de soutenir efficacement la gestion des ventes et du service après-vente, tout en participant à la bonne marche de l'entreprise. Vos missions principales incluront : La gestion administrative des dossiers clients et prospects. Le suivi des commandes et des livraisons. La préparation et le traitement des documents commerciaux (devis, factures). Le support administratif pour le service des ventes et après-vente. L'accueil téléphonique et physique des visiteurs. La gestion du courrier et des fournitures de bureau. La participation à l'organisation logistique des événements d'entreprise. Vous jouerez un rôle clé dans la fluidité des échanges et l'efficacité des services. | Profil recherché : Pour exceller dans ce rôle, un niveau d'études Bac +2 est requis. Une formation dans le domaine de l' administration , des sciences commerciales ou des métiers de la banque serait un atout majeur. Une première expérience professionnelle de 1 à 3 ans dans des fonctions similaires est recherchée. Cette période vous aura permis de développer votre autonomie et votre sens de l'organisation. Nous recherchons une personne rigoureuse, organisée et dotée d'un excellent relationnel. Vos compétences clés incluent : Maîtrise des outils bureautiques (Pack Office). Scanner les dossiers Bonnes capacités de communication écrite et orale. Sens de l'organisation et gestion des priorités. Réactivité et capacité d'adaptation. Discrétion et respect de la confidentialité. Une connaissance des processus de vente et de service client serait un plus. Si vous vous reconnaissez dans ce profil et que vous aspirez à évoluer dans un environnement industriel stimulant, postulez sans tarder dès maintenant !",Conventionnel | Respect des règles | Rationalisme,https://www.rekrute.com/offre-emploi-agent-administratif-recrutement-meski-invest---riva-industries-beni-mellal-181817.html,N/A,2026-04-19T00:39:17.235751
rekrute,Acheteur SEA - Media Buyer (H/F) | Rabat (Maroc),BTECHNOLOGIE,Rabat et région - Maroc,CDI,Informatique / Electronique - Marketing - Secteur Informatique								- Internet / Multimédia,Débutant (-1 an),Bac +3 Minimum,N/A,"Entreprise : BTECHNOLOGIE est un centre d’excellence premium au service de Bouygues Telecom filiale du groupe Accenture, visant à augmenter sa capacité de delivery, à améliorer la qualité perçue par ses clients finaux et à accompagner la croissance technologique dans une perspective d’économie décarbonée. Aujourd'hui, le centre compte plus de 500 talents et ambitionne d’atteindre les 1000 talents d’ici 2026. Envie de nouvelles perspectives de carrière ? Nous vous invitons à rejoindre notre centre d'excellence à Rabat, où vous participerez à des projets d'envergure avec une vision à long terme. Chaque jour est une opportunité de relever de nouveaux défis et de contribuer à façonner l'avenir de la technologie. Ensemble, nous bâtissons un avenir innovant, propulsé par votre talent et notre passion pour l'excellence. En intégrant notre équipe, vous serez reconnu(e) comme un collaborateur interne de Bouygues Telecom, acteur majeur des télécommunications. Nos atouts chez BTechnologie : • Bénéficiez d’un accompagnement personnalisé dès votre 1er jour d’arrivée par notre équipe Onboarding et votre futur Manager (accueil au sein de nos locaux à Rabat, journée d’onboarding, petit-déjeuner convivial). • Développez vos compétences techniques, fonctionnelles ou de management, grâce au catalogues de formations Accenture et à l’aide de nos Practice Managers et de leurs communautés. • Faîtes évoluer votre carrière grâce à notre politique de mobilité. | Poste : • Participer à la gestion et l’optimisation des campagnes publicitaires sur les moteurs de recherche (Google Ads, Bing Ads). • Réaliser des études de mots-clés et proposer des stratégies de ciblage pertinentes. • Rédiger et tester des annonces (A/B testing) afin d’améliorer les taux de clic et de conversion. • Assurer le suivi quotidien des performances (CPC, CTR, Quality Score, conversions, ROAS). • Contribuer à la mise en place des pixels de tracking et au suivi des conversions. • Participer à l’élaboration de reportings et recommandations d’optimisation. • Réaliser une veille concurrentielle et sectorielle (nouveaux formats, évolutions d’algorithmes, tendances de recherche). | Profil recherché : Formation : BAC+2/3 à BAC+5 en marketing, communication ou digital Compétences principales : SEA (Google Ads, Microsoft Ads) – 3/5, Excel / Google Sheets Compétences secondaires : PowerPoint – 2/5, Certification Google Ads appréciée Qualités métiers : Analyse, rigueur, sens des chiffres, intérêt pour le marketing digital",Recherche de nouveauté | Extraversion | Ambition | Flexibilité | Organisation,https://www.rekrute.com/offre-emploi-acheteur-sea---media-buyer-hf-recrutement-btechnologie-rabat-181816.html,N/A,2026-04-19T00:39:20.101749
rekrute,Attaché Commercial | Agadir (Maroc),Présent depuis 1997 au Maroc,Agadir et région - Maroc,Autre,Commercial / Vente / Export                                                                 - Secteur Autres services,Junior (1 à 3 ans),Bac +2 Minimum - DEUG,Localisation : Agadir Type de contrat : Contrat de projet Salaire : 3000 DH,"Entreprise : Présent depuis 1997 au Maroc, Manpower Group est un acteur international incontournable de l’emploi et de l’insertion sociale dans le monde. Au sein du Royaume Chérifien, nous couvrons l’ensemble du territoire, de Tanger à Laayoune. Nos équipes sont formées pour appuyer les entreprises dans la promotion de l’excellence en matière de gestion du capital humain : Intérim, CDD/CDI, Solutions & Ingénierie RH, Développement du capital humain… Pour nos salariés intérimaires , nous proposons une expérience unique, notamment avec la déclaration de 100% des heures travaillées, la mise en place d’une mutuelle pour tous et un accompagnement personnalisé pour les démarches administratives (bancarisation, CNSS…). Pour nos candidats , nous offrons, conformément aux standards mondiaux de Manpower Group, un processus de sélection, d’évaluation et d’accompagnement à la réussite dans leur nouvelle mission. | Poste : Intitulé du poste : Attaché Commercial (H/F) Localisation : Agadir Type de contrat : Contrat de projet Salaire : 3000 DH Mission : Dans le cadre d’un projet de développement, nous recrutons un Attaché Commercial chargé de développer le portefeuille clients et de promouvoir les produits/services de l’entreprise sur la région d’Agadir. Principales responsabilités : Prospecter de nouveaux clients Développer et gérer un portefeuille clients Présenter et vendre les offres de l’entreprise Identifier les besoins clients et proposer des solutions adaptées Assurer la négociation et la conclusion des ventes Fidéliser les clients et assurer un suivi régulier Réaliser un reporting de l’activité | Profil recherché : Profil recherché : Bac+2 en commerce, gestion ou équivalent Une première expérience en commerce est souhaitée Bon sens relationnel et capacité de persuasion Dynamique, motivé(e) et orienté(e) résultats Maîtrise du français, arabe indispensable Conditions : Salaire fixe : 3000 DH Contrat de projet Poste basé à Agadir",Recherche de nouveauté | Extraversion | Volonté de persuasion | Intuition / Spontanéité | Ambition,https://www.rekrute.com/offre-emploi-attache-commercial-recrutement-manpower-agences-agadir-181815.html,N/A,2026-04-19T00:39:22.360378
rekrute,Stagiaire RH -Contrat ANAPEC | Casablanca (Maroc),Bouygues Construction IT,Casablanca et région - Maroc,Stage,Informatique / Electronique                                                                 - Secteur Informatique,Junior (1 à 3 ans),Bac +5 et plus Minimum,N/A,"Entreprise : Bouygues Construction IT est la Direction des Systemes d'Information (DSI) de Bouygues Construction. Nous accompagnons les differentes entites du Groupe Bouygues Construction, en repondant aux besoins digitaux des secteurs de la construction. Nous soutenons les metiers operationnels dans la mise en œuvre de la digitalisation des processus, en France et a lInternational. Engages pour la diversite, nous accueillons et valorisons tous les Talents. | Culture de l'entreprise : Bouygues Construction IT s’inscrit dans une culture fortement orientée vers la performance et la compétition , où le goût du challenge, l’ambition et l’orientation résultats constituent des leviers majeurs de réussite. Cette dynamique est étroitement complétée par une dimension de coopération , favorisant la confiance, la solidarité et un management de proximité axé sur l’accompagnement des équipes. Elle repose également sur une culture d’ organisation solide, garantissant rigueur, fiabilité des processus et efficacité opérationnelle. Enfin, une composante d’ innovation , plus mesurée, encourage l’initiative et l’adaptabilité pour soutenir l’évolution des solutions IT. | Poste : Rattache(e) au Responsable Ressources Humaines, vous serez charge(e) des missions suivantes : Participer au processus de recrutement (redaction et diffusion des annonces, tri des CV, organisation des entretiens) ; Assurer le suivi administratif du personnel (contrats, dossiers collaborateurs, attestations, etc.) ; Contribuer a la gestion des relations avec les collaborateurs et repondre a leurs demandes RH ; Participer a la gestion des interimaires (suivi des missions, integration, pointages, etc.) ; Mettre a jour les bases de donnees RH et assurer un reporting regulier ; Contribuer a lamelioration continue des processus RH. | Profil recherché : Profil recherche Jeune diplome(e) en Ressources Humaines, Gestion ou equivalent (ENCG, Faculte deconomie, etc.) ; Une premiere experience (stage ou CDD) en RH est souhaitable ; Maitrise des outils bureautiques, notamment Excel ; Bon relationnel et sens du service ; Rigueur, organisation et respect de la confidentialite ; Bonne communication en francais, a loral comme a lecrit (langlais est un plus) ; Capacite a travailler en equipe et a gerer plusieurs taches simultanement ; Motivation a evoluer dans un environnement dynamique.",Besoin d'autonomie | Besoin de réflexion | Ambition | Implication au travail | Recherche de nouveauté,https://www.rekrute.com/offre-emploi-stagiaire-rh--contrat-anapec-recrutement-bouygues-construction-it-casablanca-181814.html,N/A,2026-04-19T00:39:25.659345
rekrute,Wir stellen ein: Kundenberater (m/w/d) – Deutsch C1 | Casablanca (Maroc),Die,Casablanca et région - Maroc,CDI,Centre d'appels (métiers de) - Commercial / Vente / Export - Secteur Centre d'appels								- Offshoring / Nearshoring,Débutant (-1 an) - Junior (1 à 3 ans),Bac Minimum - Baccalauréat,N/A,"Entreprise : Die im Jahr 2003 gegründete OUTSOURCIA-Gruppe ist ein spezialisierter Anbieter im Bereich Outsourcing: Management der Kundenbeziehung aus der Ferne, Multiservice-, mehrsprachige und Multikanal-Lösungen (Callcenter, E-Mail-Management, Chat-Lösungen, Telemarketing und Kundenservice in sozialen Netzwerken), Auslagerung von Backoffice-Prozessen (BPO), digitale Dienstleistungen (Entwicklung spezifischer Anwendungen, Web- oder Mobile-Lösungen, digitale Kommunikation und Community Management) sowie Studien. Heute beschäftigt OUTSOURCIA rund 3.600 Mitarbeitende an 12 Produktionsstandorten in Marokko, Frankreich, Tunesien und Madagaskar und betreut namhafte Kunden wie: Aquarelle, Renault, Total, Orange, Histoire d'Or, Manutan, Marionnaud, Mister Auto, Seloger.com, Veepee usw. Mehr Infos www.outsourcia.com | Culture de l'entreprise : Outsourcia évolue dans une culture principalement orientée vers la performance et la compétition , où l’ambition, le goût du challenge et l’atteinte d’objectifs mesurables constituent des moteurs essentiels. L’entreprise valorise le dépassement de soi, la compétitivité et une forte orientation client, dans une logique de résultats et de positionnement sur le marché. Cette dynamique est complétée par une dimension humaine et collaborative , favorisant la cohésion des équipes, la responsabilisation et le management de proximité. L’innovation et des processus structurés viennent soutenir l’efficacité et l’adaptabilité de l’organisation. | Poste : Wir stellen ein: Kundenberater (m/w/d) – Deutsch C1+ | Casablanca Du sprichst fließend Deutsch (mindestens C1) und liebst den Kontakt mit Menschen? Dann bist du bei uns genau richtig! Standort: Casablanca Bereich: Kundenservice (Inbound – E-Commerce) Deine Aufgaben: Bearbeitung eingehender Kundenanfragen (Telefon / E-Commerce) Beratung und Unterstützung der Kunden bei Bestellungen, Lieferungen und Produkten Sicherstellung einer hohen Kundenzufriedenheit Professionelle und freundliche Kommunikation im täglichen Kundenkontakt | Profil recherché : Dein Profil: Sehr gute Deutschkenntnisse (mindestens C1) – Zertifikat erforderlich Kommunikationsstärke und ausgeprägte Kundenorientierung Freude am Austausch mit Kunden und Teamarbeit Auch Berufseinsteiger sind herzlich willkommen! Was wir dir bieten: Dynamisches, junges und motiviertes Team Angenehmes Arbeitsumfeld in Casablanca Schulungen und Entwicklungsmöglichkeiten Attraktive Vorteile und echte Karrierechancen Bereit für den nächsten Schritt? Bewirb dich jetzt und werde Teil unseres Teams!",Respect des règles | Volonté de persuasion | Distance émotionnelle | Ténacité | Besoin d'action | Travail en équipe | Implication au travail | Organisation,https://www.rekrute.com/offre-emploi-wir-stellen-ein-kundenberater-mwd-deutsch-c1-recrutement-outsourcia-casablanca-181813.html,N/A,2026-04-19T00:39:29.048533
rekrute,Chargé(e) de Portefeuille (H/F) – Campagne nationale de recrutement | Maroc (Maroc),Acteur majeur de la microfinance au Maroc,Tout le Maroc - Maroc,CDI,Banque (métiers de la)                                                                 - Secteur Banque / Finance,Junior (1 à 3 ans) - Intermédiaire (3 à 5 ans),Bac +3 Minimum - Licence,N/A,"Entreprise : Acteur majeur de la microfinance au Maroc, la Fondation Arrawaj œuvre depuis plusieurs années pour favoriser l’inclusion financière et accompagner les entrepreneurs dans le développement de leurs activités. Avec plus de 270 agences réparties à travers le Royaume, la Fondation poursuit sa dynamique de croissance et renforce ses équipes afin d’accompagner le développement de ses activités. Dans ce cadre, la Fondation Arrawaj lance une campagne nationale de recrutement pour le poste de Chargé de Portefeuille (H/F). | Culture de l'entreprise : Fondation Arrawaj présente une culture majoritairement orientée vers l’ innovation , mettant en avant la créativité, l’agilité et l’expérimentation au service de l’impact et de la transformation. Cette orientation est renforcée par une dimension de compétition , traduisant une forte exigence de performance et d’atteinte des résultats. Les registres de coopération et d’ organisation complètent cet équilibre en favorisant le travail collectif, la responsabilisation et la structuration des pratiques. L’environnement s’adresse ainsi à des profils autonomes, engagés et attirés par des contextes dynamiques et évolutifs. | Poste : Rattaché(e) au Responsable d’Agence, vous jouerez un rôle clé dans le développement de l’activité commerciale et la gestion de la relation client. À ce titre, vous serez amené(e) à : - Prospecter et développer de nouvelles opportunités commerciales dans votre zone d’intervention ; - Constituer, gérer et fidéliser un portefeuille clients ; - Identifier les besoins des clients et leur proposer les solutions de financement adaptée ; - Promouvoir activement les produits et services de la Fondation ; - Assurer le suivi des dossiers clients et veiller à la qualité du portefeuille ; - Réaliser les opérations de recouvrement et contribuer à la maîtrise des risques ; - Participer activement au développement et au rayonnement de l’agence. | Profil recherché : Vous êtes diplômé(e) d’un Bac+3 minimum en gestion, commerce, comptabilité ou équivalent. Vous disposez idéalement d’une première expérience dans un poste commercial ou de relation client. Vous vous distinguez par : - Votre fibre commerciale et votre aisance relationnelle - Votre goût du terrain et votre sens du challenge - Votre dynamisme, rigueur et sens de l’organisation - Votre forte orientation client et résultats",Conventionnel | Volonté de persuasion | Flexibilité | Implication au travail,https://www.rekrute.com/offre-emploi-chargee-de-portefeuille-hf-campagne-nationale-de-recrutement-recrutement-fondation-arrawaj-maroc-180987.html,N/A,2026-04-19T00:39:31.616728
rekrute,Chargé de portefeuille | Sidi Ifni (Maroc),Avec plus de 30 ans d’expertise,Tan tan et région - Maroc,CDI,Banque (métiers de la) - Commercial / Vente / Export - Secteur Banque / Finance								- Comptabilité / Audit,Junior (1 à 3 ans),Bac +3 Minimum - Licence,Une politique de rémunération équitable,"Entreprise : Avec plus de 30 ans d’expertise, la Fondation Arrawaj est un acteur économique et social majeur dans le secteur de la micro-finance. Basée au Maroc et avec plus de 2 000 collaborateurs répartis sur plus de 260 agences et 15 régions , la Fondation Arrawaj est fière de contribuer à l’inclusion financière des porteurs de projets et des micro-entrepreneurs exclus des circuits de financements classiques en leur offrant des produits et des services diversifiés, de proximité, adaptés et innovants. Le succès de notre institution repose sur un socle de valeurs fondamentales qui inspirent l’action de l’ensemble de nos collaborateurs et guident nos relations avec les parties prenantes : Engagement : Nous sommes déterminés ensemble à aller jusqu'au bout. Respect : Pour mieux d'apprécier mutuellement Ethique : Le socle de notre conduite Responsabilité : Le sens du devoir au centre de notre mission Rejoignez- nous vite, donnez un élan à votre carrière ! Ce que nous vous offrons : Une politique de développement de carrière équitable et orientée sur les compétences avec un accompagnement personnalisé. Des formations sur mesure pour développer vos compétences à la fois au sein de notre centre ""Talent Academy"", Plateforme E-learning ou à travers des partenaires d'excellence reconnue. Une politique de rémunération équitable et compétitive, centrée sur la performance Individuelle et Collective. Une couverture sociale multi-dimension couvrant les aléas de la vie et assurant votre future et celui de vos enfants. Un environnement de travail convivial et stimulant, axé sur la reconnaissance des initiatives. | Culture de l'entreprise : Fondation Arrawaj présente une culture majoritairement orientée vers l’ innovation , mettant en avant la créativité, l’agilité et l’expérimentation au service de l’impact et de la transformation. Cette orientation est renforcée par une dimension de compétition , traduisant une forte exigence de performance et d’atteinte des résultats. Les registres de coopération et d’ organisation complètent cet équilibre en favorisant le travail collectif, la responsabilisation et la structuration des pratiques. L’environnement s’adresse ainsi à des profils autonomes, engagés et attirés par des contextes dynamiques et évolutifs. | Poste : Rejoignez notre équipe dynamique dans le secteur de la Banque / Finance en tant que Chargé de portefeuille . Basé à Sidi Ifni , ce poste représente une opportunité unique de contribuer activement à la gestion et au développement d'un portefeuille clients au sein d'une institution financière reconnue. L'objectif principal de ce rôle est d'assurer la satisfaction et la fidélisation de la clientèle, tout en développant de nouvelles opportunités commerciales. Vous serez un acteur clé dans l'atteinte des objectifs de croissance du portefeuille, en proposant des solutions financières adaptées aux besoins de chaque client. Vos responsabilités engloberont la gestion quotidienne d'un portefeuille clients existant, l'analyse de leurs besoins financiers et la proposition de produits et services bancaires pertinents. Vous serez également amené(e) à prospecter de nouveaux clients pour étendre votre portefeuille. Une partie significative de votre mission consistera à suivre les évolutions des marchés financiers et à maintenir une veille concurrentielle active pour anticiper les tendances. | Profil recherché : Pour ce poste, une formation de niveau Bac +3 est requise. Une spécialisation dans les domaines de la Banque, des métiers de la Commercial / Vente / Export serait un atout majeur pour réussir dans cette fonction. Une première expérience de 1 à 3 ans dans un poste similaire, idéalement dans le secteur bancaire ou financier, est recherchée. Cette expérience vous aura permis de développer une compréhension approfondie des produits financiers et des techniques de gestion de clientèle. Excellentes compétences relationnelles et sens aigu du service client. Capacité d'analyse et de synthèse pour évaluer les besoins financiers. Maîtrise des techniques de vente et de négociation. Autonomie, rigueur et sens de l'organisation. Aisance avec les outils informatiques et les logiciels bancaires. Si vous êtes à la recherche d'un environnement stimulant où vous pourrez mettre à profit vos compétences et évoluer professionnellement, ce poste est fait pour vous ! Postulez dès maintenant pour tenter cette belle aventure.",Respect des règles | Flexibilité | Besoin d'action | Travail en équipe | Implication au travail | Organisation,https://www.rekrute.com/offre-emploi-charge-de-portefeuille-recrutement-fondation-arrawaj-sidi-ifni-181812.html,N/A,2026-04-19T00:39:34.225347
rekrute,Animateur Superviseur Station Service | Casablanca (Maroc),ORH Assessment,Tout le Maroc - Maroc,CDI,Distribution (métiers de la) - Production / Qualité / Sécurité / Maintenance - Secteur Energie								- Autres Industries,Intermédiaire (3 à 5 ans),Bac +2 - Autre,N/A,"Entreprise : ORH Assessment, cabinet spécialisé en recrutement et évaluation, fait partie du groupe LMS, leader du conseil RH au Maroc. Nous aidons les entreprises à trouver les meilleurs talents et les candidats à saisir des opportunités de carrière enrichissantes. | Poste : En tant qu'Animateur Superviseur, vous êtes le garant du bon fonctionnement commercial, opérationnel et administratif de votre station-service. Vous encadrez les pompistes et laveurs/vidangeurs, veillez à la qualité du service client et assurez le reporting quotidien. Vos responsabilités principales : Animer la station sur le plan commercial et atteindre les objectifs de vente en carburants, lubrifiants et services Manager et contrôler l'équipe terrain (pompistes, laveurs/vidangeurs) : présence, tenues, accueil, qualité de service Assurer les tâches administratives quotidiennes : saisie des recettes sur COSMOS, gestion des bons WINXO/SNTL, versement au convoyeur Contrôler les stocks de lubrifiants et réaliser les inventaires bimensuels Veiller à l'état général de la station : propreté, éclairage, matériel, sécurité Traiter les réclamations clients avec réactivité et professionnalisme Effectuer la veille concurrentielle et mener des prospections commerciales | Profil recherché : Maîtrise des métiers de la station-service (carburants, lubrifiants, services) Expérience en gestion administrative des ventes et outils de caisse (COSMOS ou équivalent) Sens aigu du management de proximité et de l'animation d'équipe Techniques de vente et relation client développées Rigueur, sens de l'organisation et esprit d'initiative Excellentes aptitudes de communication et réactivité terrain Formation & expérience : Bac+2 minimum en gestion commerciale, management ou domaine équivalent 2 à 5 ans d'expérience dans un poste similaire (station-service, grande distribution, commerce de détail) Une expérience dans le secteur pétrolier est un atout majeur",Introversion | Volonté de persuasion | Distance émotionnelle | Intuition / Spontanéité | Flexibilité | Travail en équipe | Ambition | Improvisation,https://www.rekrute.com/offre-emploi-animateur-superviseur-station-service-recrutement-orh-assessment-casablanca-181811.html,N/A,2026-04-19T00:39:36.944210
rekrute,Consultant Comptable -Comptabilité Française | Casablanca (Maroc),N/A (confidentiel),Tout le Maroc - Maroc,CDI,Gestion / Comptabilité / Finance                                                                 - Secteur Comptabilité / Audit,Confirmé (5 à 10 ans),Bac +5 et plus Minimum - Ecole de commerce - Master,N/A,"Entreprise : Nous sommes un cabinet d'audit, d’expertise comptable et de conseil , inscrit au tableau de l’Ordre des Experts Comptables du Maroc et membre du réseau Moore Stephens International. Notre activité s'articule principalement autour du contrôle légal des sociétés, des missions d'audit contractuel, de supervision comptable, de conseil juridique et fiscal. Nous intervenons également sur des missions à forte valeur ajoutée telles que l 'audit d'acquisition, le conseil financier et le conseil en organisation. | Poste : Rejoignez une entreprise dynamique dans le secteur de la Comptabilité / Audit et apportez votre expertise en tant que Consultant Comptable. Basé à Casablanca, ce rôle est une opportunité unique de contribuer à des missions stratégiques et d'évoluer dans un environnement stimulant. Votre rôle sera central dans l'accompagnement de nos clients sur des problématiques liées à la comptabilité française. Vous serez un acteur clé dans la production d'analyses financières pertinentes et le conseil stratégique, visant à optimiser la performance et la conformité de nos partenaires. Vos responsabilités incluront la gestion complète des missions comptables, allant de la tenue des comptes à l'établissement des états financiers. Vous serez également amené à : Réaliser des audits financiers et des contrôles internes. Conseiller les clients sur les meilleures pratiques comptables et fiscales. Participer à l'élaboration des prévisionnels et des budgets. Assurer la veille réglementaire et l'application des normes comptables. Rédiger des rapports d'analyse et des recommandations personnalisées. | Profil recherché : Un diplôme de niveau Bac +5 et plus est requis, idéalement dans les domaines de la Gestion, Comptabilité ou Finance. Fort d'une expérience comprise entre 3 et 5 ans, votre parcours professionnel atteste d'une solide maîtrise des principes comptables et fiscaux. Pour exceller dans ce poste, il est essentiel de posséder : Une excellente connaissance de la comptabilité française et des normes IFRS. Une capacité avérée en analyse financière et en reporting. De solides compétences en gestion de projet et en relation client. Une maîtrise des outils informatiques et des logiciels comptables usuels. Des qualités de rigueur, d'autonomie et un excellent sens relationnel. Si vous vous reconnaissez dans cette description et aspirez à un nouveau challenge professionnel, n'attendez plus ! Envoyez votre CV au recruteur.",Conventionnel | Respect des règles | Besoin d'objectivité | Rationalisme | Organisation,https://www.rekrute.com/offre-emploi-consultant-comptable--comptabilite-francaise-recrutement-moore-casablanca-casablanca-180184.html,N/A,2026-04-19T00:39:39.966835
rekrute,Assistante Juridique | Casablanca (Maroc),N/A (confidentiel),Tout le Maroc - Maroc,CDI,Avocat / Juriste / Fiscaliste                                                                 - Secteur Juridique / Cabinet d’avocats,Débutant (-1 an) - Junior (1 à 3 ans),Bac +3 Minimum - Licence - Master,N/A,"Entreprise : Nous sommes un cabinet d'audit, d’expertise comptable et de conseil , inscrit au tableau de l’Ordre des Experts Comptables du Maroc et membre du réseau Moore Stephens International. Notre activité s'articule principalement autour du contrôle légal des sociétés, des missions d'audit contractuel, de supervision comptable, de conseil juridique et fiscal. Nous intervenons également sur des missions à forte valeur ajoutée telles que l 'audit d'acquisition, le conseil financier et le conseil en organisation. | Poste : Sous la supervision du responsable juridique, l’Assistante Juridique aura pour missions : Le suivi administratif des dossiers juridiques La préparation et la gestion des dossiers liés aux formalités légales Le dépôt et le suivi des dossiers auprès des administrations et organismes compétents Le classement, l’archivage et l’organisation des documents La mise à jour des bases de données et registres internes L’assistance administrative générale au département juridique | Profil recherché : • Formation Bac +3 ou Bac +5 (Droit, Économie, Gestion ou équivalent) • Expérience préalable en cabinet (avocats / expertise comptable / fiduciaire) • Niveau de français correct à bon (oral et écrit) • Bonne aisance avec l’outil informatique • Maîtrise des outils bureautiques (Word, Excel, messagerie électronique) • Sens de l’organisation, rigueur et capacité à suivre des procédures",Distance émotionnelle | Rationalisme | Besoin de réflexion | Organisation,https://www.rekrute.com/offre-emploi-assistante-juridique-recrutement-moore-casablanca-casablanca-180466.html,N/A,2026-04-19T00:39:43.073918
rekrute,Assistante ADV | Bouskoura (Maroc),N/A (confidentiel),Casablanca et région - Maroc,CDI,Administration des ventes / SAV                                                                 - Secteur Service public / Administration,Débutant (-1 an) - Junior (1 à 3 ans),Bac +2 Minimum - BTS / DUT,N/A,"Entreprise : Notre cabinet de recrutement accompagne les entreprises dans l’identification, la sélection et l’intégration des meilleurs talents adaptés à leurs besoins stratégiques. Nous intervenons dans différents secteurs d’activité (industrie, services, médical, finance, IT, BTP, etc.) en proposant des solutions personnalisées et efficaces. | Poste : Nous recrutons pour notre client opérant dans le secteur de la production et de la vente de dispositifs médicaux, basé à Bouskoura – Ouled Saleh,–   Assistante ADV Assurer le suivi administratif des commandes clients ; Préparer et traiter les documents liés aux ventes (bons de commande, facturation, suivi des livraisons, etc.) ; Assurer la coordination entre les équipes commerciales, logistiques et les clients ; Mettre à jour les bases de données et assurer le suivi des dossiers clients ; Répondre aux demandes et assurer un premier niveau de communication avec les clients. | Profil recherché : Bac +2 en gestion, commerce, administration ou domaine similaire ; Idéalement fraîchement diplômée ; Niveau de communication correct à moyen ; Sens de l’organisation, rigueur et esprit d’équipe ; Résidant idéalement à Bouskoura ou à proximité.",Volonté de persuasion | Rationalisme | Implication au travail | Improvisation,https://www.rekrute.com/offre-emploi-assistante-adv-recrutement-confidentiel-bouskoura-180563.html,N/A,2026-04-19T00:39:46.323090
rekrute,Assistante Administrative (Facturation & Recouvrement) | Casablanca (Maroc),N/A (confidentiel),Casablanca et région - Maroc,CDI,Assistanat de Direction / Services Généraux                                                                 - Secteur Service public / Administration,Intermédiaire (3 à 5 ans) - Confirmé (5 à 10 ans),Bac +3 Minimum,N/A,"Entreprise : Nous sommes un cabinet d'audit, d’expertise comptable et de conseil , inscrit au tableau de l’Ordre des Experts Comptables du Maroc et membre du réseau Moore Stephens International. Notre activité s'articule principalement autour du contrôle légal des sociétés, des missions d'audit contractuel, de supervision comptable, de conseil juridique et fiscal. Nous intervenons également sur des missions à forte valeur ajoutée telles que l 'audit d'acquisition, le conseil financier et le conseil en organisation. | Poste : Dans le cadre de notre développement, nous recherchons une Assistante Administrative organisée et rigoureuse pour renforcer notre équipe et assurer le suivi des opérations de facturation et de recouvrement. Missions principales : • Établir et gérer la facturation clients conformément aux contrats • Suivre les règlements et assurer les relances clients (téléphone / email) • Mettre à jour les tableaux de suivi et les reportings • Assurer la coordination avec le service comptable pour le suivi des impayés • Gérer et organiser les documents administratifs (classement, archivage, correspondances) • Participer à l’amélioration des procédures administratives internes | Profil recherché : Expérience minimum de 3 ans dans un poste similaire Bonne maîtrise des outils bureautiques, notamment Excel Sens de l’organisation, rigueur et autonomie Bon relationnel et capacités de communication",Conventionnel | Extraversion | Flexibilité | Organisation,https://www.rekrute.com/offre-emploi-assistante-administrative-facturation-recouvrement-recrutement-moore-casablanca-casablanca-180631.html,N/A,2026-04-19T00:39:48.710417
rekrute,Consultant(e) en Comptabilité & Finance | Casablanca (Maroc),N/A (confidentiel),Casablanca et région - Maroc,CDI,Audit / Conseil                                                                 - Secteur Comptabilité / Audit,Intermédiaire (3 à 5 ans),Bac +5 et plus - Master,N/A,"Entreprise : Dans le cadre de notre développement, notre cabinet recherche un(e) Consultant(e) en Comptabilité & Finance souhaitant évoluer dans un environnement dynamique et stimulant, et intervenir sur des missions de conseil à forte valeur ajoutée auprès de nos clients. Ce poste s’adresse à un profil ayant une première expérience en audit ou en conseil, souhaitant développer une vision plus stratégique de la fonction finance et accompagner les entreprises dans leurs enjeux financiers et organisationnels. À propos de nous Moore Casablanca est un cabinet d’expertise comptable, d’audit et de conseil accompagnant des entreprises nationales et internationales dans leurs enjeux financiers, comptables et organisationnels. Membre du réseau international Moore Global, présent dans plus de 100 pays, notre cabinet combine expertise locale et standards internationaux afin d’apporter à nos clients des solutions adaptées à leurs besoins et à leur développement. | Poste : Vos missions : Intervenir sur des missions de conseil financier auprès de nos clients Participer à la mise en place et au suivi d’outils de contrôle de gestion Contribuer à des missions d’analyse financière et d’optimisation des performances Accompagner les entreprises dans l’amélioration de leurs processus comptables et financiers Produire des analyses stratégiques et recommandations à destination des directions financières | Profil recherché : Profil recherché : Formation Bac+5 en Finance, Comptabilité, Audit ou Gestion 2 à 3 ans d’expérience en audit ou en conseil financier Expérience acquise idéalement au sein d’un cabinet d’expertise comptable et d’audit ou d’une entreprise internationale Excellent esprit d’analyse et de synthèse Profil dynamique, smart, curieux et réactif Forte capacité d’apprentissage et envie d’évoluer au contact de la Direction Pourquoi nous rejoindre ? Des missions variées et stratégiques auprès de clients de différents secteurs Un accompagnement direct par la Direction Un environnement favorisant l’apprentissage et le développement rapide des compétences Une réelle exposition aux problématiques financières des entreprises",Recherche de nouveauté | Créativité | Extraversion | Distance émotionnelle | Besoin de réflexion | Besoin d'autonomie | Equilibre personnel,https://www.rekrute.com/offre-emploi-consultante-en-comptabilite-finance-recrutement-moore-casablanca-casablanca-180651.html,N/A,2026-04-19T00:39:51.694010
rekrute,Office Manager | Casablanca (Maroc),N/A (confidentiel),Casablanca et région - Maroc,CDI,Assistanat de Direction / Services Généraux                                                                 - Secteur Comptabilité / Audit,Intermédiaire (3 à 5 ans),Bac +3 Minimum - BTS / DUT,N/A,"Entreprise : Nous sommes un cabinet d'audit, d’expertise comptable et de conseil, inscrit au tableau de l’Ordre des Experts Comptables du Maroc et membre du réseau Moore Stephens International. Notre activité s'articule principalement autour du contrôle légal des sociétés, des missions d'audit contractuel, de supervision comptable, de conseil juridique et fiscal. Nous intervenons également sur des missions à forte valeur ajoutée telles que l'audit d'acquisition, le conseil financier et le conseil en organisation. | Poste : Missions principales : En tant qu’Office Manager, vous jouerez un rôle central dans la gestion administrative et le bon fonctionnement quotidien du cabinet. Véritable bras droit de la direction, vous serez également l’interlocuteur(trice) privilégié(e) de nos partenaires, notamment au Canada, et veillerez à la fluidité des opérations internes. Vos principales responsabilités : Gérer le courrier, les appels et l’accueil des visiteurs Organiser les agendas, réunions et déplacements de la direction Assurer le suivi administratif des dossiers clients et fournisseurs Préparer, rédiger et mettre à jour les documents administratifs Superviser la logistique du bureau et la gestion des fournitures Coordonner les relations avec les partenaires internationaux Participer à l’amélioration continue des processus administratifs Apporter un appui ponctuel sur diverses missions transverses | Profil recherché : Bac+3 minimum en Assistanat de Direction, Management ou équivalent 3 à 5 ans d’expérience réussie sur un poste similaire (cabinet d’audit, de conseil ou environnement exigeant) Excellente maîtrise des outils bureautiques (Word, Excel, PowerPoint) Français et anglais indispensables (oral et écrit) – une troisième langue est un atout Sens de l’organisation, rigueur et capacité à prioriser Bon relationnel, discrétion et sens du service Autonomie, réactivité et esprit d’initiative Nous offrons : Un environnement de travail moderne et stimulant au sein d’un cabinet reconnu Une équipe professionnelle et engagée Une exposition internationale, notamment grâce à nos partenariats au Canada De réelles perspectives d’évolution et de développement professionnel",Conventionnel | Extraversion | Flexibilité | Organisation,https://www.rekrute.com/offre-emploi-office-manager-recrutement-confidentiel-casablanca-180936.html,N/A,2026-04-19T00:39:53.671337
rekrute,"Responsable Fret, Logistique Contractuelle & Douanes – IMEA | Casablanca (Maroc)",N/A (confidentiel),Casablanca et région - Maroc,CDI,Logistique / Transport (métiers de)                                                                 - Secteur Automobile / Motos / Cycles,Confirmé (5 à 10 ans),Bac +5 et plus Minimum - Master,N/A,"Entreprise : Notre cabinet de recrutement accompagne les entreprises dans l’identification, la sélection et l’intégration des meilleurs talents adaptés à leurs besoins stratégiques. Nous intervenons dans différents secteurs d’activité (industrie, services, médical, finance, IT, BTP, etc.) en proposant des solutions personnalisées et efficaces. | Poste : Responsable Fret, Logistique Contractuelle & Douanes – IMEA Localisation : Sidi Maârouf, Casablanca, Maroc À propos du poste : Dans le cadre de son développement, nous recrutons pour le compte de notre client, leader mondial dans le secteur automobile, un(e) Responsable Fret, Logistique Contractuelle & Douanes pour la région IMEA. Le titulaire du poste aura pour mission de garantir la conformité des flux import, export et transit, tout en pilotant l’optimisation des opérations logistiques à l’échelle régionale. Cela inclut notamment l’analyse des réglementations douanières (ex : calcul des coûts d’atterrissage / landed cost). Le poste vise également à exploiter les opportunités liées aux zones de libre-échange afin d’optimiser les opérations transfrontalières. Ce rôle est stratégique et contribuera activement à la transformation et à la structuration future de la chaîne logistique régionale. Vos missions principales : 1. Gestion du fret & optimisation du réseau Piloter la planification, la prévision et le reporting des activités de transport (tous modes) Mettre en œuvre des initiatives d’amélioration continue Déployer des plans d’optimisation et suivre les performances Analyser et piloter les coûts de transport Contribuer aux prévisions budgétaires Identifier des opportunités d’optimisation du réseau 2. Logistique contractuelle & gestion des prestataires (LSP) Promouvoir les bonnes pratiques à l’échelle régionale Garantir le respect des contrats négociés Contribuer aux appels d’offres et aux prises de décision Participer aux négociations et au déploiement de nouveaux prestataires Suivre la performance des prestataires logistiques Gérer les escalades et accompagner le développement des fournisseurs 3. Processus, outils & durabilité Déployer les processus et outils Piloter des initiatives de réduction de CO Conduire des projets logistiques et transport 4. Gestion des douanes Conseiller sur les procédures douanières Garantir la conformité des documents et processus 5. Conformité & gestion des risques Assurer le respect des réglementations Identifier et gérer les risques 6. Gestion des litiges Participer à la résolution des litiges Représenter l’entreprise auprès des autorités douanières | Profil recherché : Profil recherché : Bac+5 en Supply Chain, Logistique, Gestion ou Ingénierie industrielle Excellent niveau de communication en anglais (obligatoire) Expérience significative d’au moins 5 ans en supply chain(idéalement dansl’automobile) Expérience en gestion de prestataires logistiques et négociation contractuelle Capacité à piloter des projets transverses Excellentes capacités d’analyse et de résolution de problèmes Bon relationnel et capacité à gérer des parties prenantes Maîtrise des outils supply chain Mobilité régionale requise",Conventionnel | Respect des règles | Besoin d'objectivité | Rationalisme | Besoin d'action | Implication au travail | Ambition | Organisation,https://www.rekrute.com/offre-emploi-responsable-fret-logistique-contractuelle-douanes-imea-recrutement-moore-casablanca-casablanca-181093.html,N/A,2026-04-19T00:39:57.144722
rekrute,Responsable Commercial Produit – Automotive | Casablanca (Maroc),N/A (confidentiel),Casablanca et région - Maroc,CDI,Commercial / Vente / Export                                                                 - Secteur Automobile / Motos / Cycles,Confirmé (5 à 10 ans),Bac +5 et plus Minimum - Master,N/A,"Entreprise : Notre cabinet de recrutement accompagne les entreprises dans l’identification, la sélection et l’intégration des meilleurs talents adaptés à leurs besoins stratégiques. Nous intervenons dans différents secteurs d’activité (industrie, services, médical, finance, IT, BTP, etc.) en proposant des solutions personnalisées et efficaces. | Poste : Nous recrutons – Responsable Commercial Produit – Automotive Sidi Maarouf Casablanca, Maroc Prêt(e) à avoir un impact ? Rejoignez une équipe dynamique et contribuez à façonner l’avenir de la mobilité dans un environnement international. Votre mission : En tant que Regional Category Manager, vous serez responsable de la gestion et du développement du portefeuille produits au niveau régional, en assurant son alignement avec les besoins du marché et les objectifs business. Vous agirez comme un interface clé entre les équipes commerciales et le Product Management, tout en pilotant la stratégie de pricing et la performance du portefeuille. Missions principales : Définir et piloter la stratégie du portefeuille (ventes, marges, prix, Go-To-Market) Identifier les opportunités de croissance et transformer les besoins du marché en business cases Être la voix du marché et garantir un positionnement produit pertinent Analyser la performance du portefeuille et identifier les gaps et opportunités Accompagner les équipes commerciales en tant qu’expert produit Réaliser des benchmarks concurrentiels Contribuer au processus de planification commerciale (Sales Planning) | Profil recherché : Profil recherché : Bac+5 en commerce, ingénierie ou domaine équivalent 3 à 7 ans d’expérience en Product Management (idéalement dans l’Aftermarket automobile) Une expérience en distribution / wholesale est un atout Solides compétences en gestion de portefeuille, pricing et analyse concurrentielle Esprit stratégique, analytique et orienté client Excellentes compétences en communication, négociation et gestion des parties prenantes Maîtrise de l’anglais obligatoire (niveau professionnel) Outils : Excel avancé, MS Office, SAP & Salesforce Environnement international | Rôle stratégique | Fort impact business",Recherche de nouveauté | Extraversion | Volonté de persuasion | Intuition / Spontanéité | Besoin d'action | Besoin d'autonomie | Implication au travail | Ambition,https://www.rekrute.com/offre-emploi-responsable-commercial-produit-automotive-recrutement-moore-casablanca-casablanca-181098.html,N/A,2026-04-19T00:39:59.959420
rekrute,Comptable Junior (Spécialiste Paie) | Casablanca (Maroc),N/A (confidentiel),Casablanca et région - Maroc,CDI,Gestion / Comptabilité / Finance                                                                 - Secteur Comptabilité / Audit,Junior (1 à 3 ans),Bac +3 Minimum - Licence - Master,N/A,"Entreprise : Nous sommes un cabinet d'audit, d’expertise comptable et de conseil , inscrit au tableau de l’Ordre des Experts Comptables du Maroc et membre du réseau Moore Stephens International. Notre activité s'articule principalement autour du contrôle légal des sociétés, des missions d'audit contractuel, de supervision comptable, de conseil juridique et fiscal. Nous intervenons également sur des missions à forte valeur ajoutée telles que l 'audit d'acquisition, le conseil financier et le conseil en organisation. | Poste : Nous recrutons – Comptable Junior (Spécialiste Paie) Oasis- Casablanca Dans le cadre de notre développement, nous recherchons un(e) Comptable Junior spécialisé(e) en paie pour renforcer notre équipe. Missions principales Traitement des bulletins de paie Préparation des déclarations sociales Suivi des éléments variables (absences, primes, etc.) Participation aux travaux comptables liés à la paie Mise à jour des tableaux de suivi | Profil recherché : Profil recherché Bac+3/5 en comptabilité, gestion ou équivalent Première expérience en paie (stage ou emploi) Bonne maîtrise d’Excel Rigueur, organisation et sens du détail Bon niveau de communication Pourquoi nous rejoindre ? Environnement structuré et formateur Opportunité de montée en compétences Equipe dynamique",Conventionnel | Respect des règles | Besoin d'objectivité | Rationalisme | Organisation,https://www.rekrute.com/offre-emploi-comptable-junior-specialiste-paie-recrutement-moore-casablanca-casablanca-181114.html,N/A,2026-04-19T00:40:02.834799
rekrute,Commercial Senior | Casablanca (Maroc),N/A (confidentiel),Casablanca et région - Maroc,CDI,Commercial / Vente / Export                                                                 - Secteur Comptabilité / Audit,Confirmé (5 à 10 ans),Bac +5 et plus Minimum - Master,N/A,"Entreprise : Nous sommes un cabinet d'audit, d’expertise comptable et de conseil , inscrit au tableau de l’Ordre des Experts Comptables du Maroc et membre du réseau Moore Stephens International. Notre activité s'articule principalement autour du contrôle légal des sociétés, des missions d'audit contractuel, de supervision comptable, de conseil juridique et fiscal. Nous intervenons également sur des missions à forte valeur ajoutée telles que l 'audit d'acquisition, le conseil financier et le conseil en organisation. | Poste : Ce poste s’adresse à un professionnel orienté développement commercial, capable de structurer une démarche de prospection performante, de transformer les opportunités en contrats signés, et de bâtir des relations durables avec des clients B2B. Missions principales : Développer et gérer un portefeuille de clients B2B (PME, startups, filiales, groupes internationaux). Mener des actions de prospection active (cold calling, qualification de leads, prise de rendez-vous). Identifier les besoins des prospects et proposer des solutions adaptées en expertise comptable, audit, fiscalité et conseil. Négocier les conditions commerciales, assurer le closing et le suivi des contrats. Fidéliser les clients et détecter des opportunités d’upselling et de cross-selling. Collaborer étroitement avec les équipes internes (experts-comptables, auditeurs, fiscalistes) pour garantir la qualité des prestations. Suivre les indicateurs de performance commerciale et assurer un reporting régulier. Contribuer à la visibilité du cabinet sur les marchés Maroc, France, Belgique et Canada. | Profil recherché : Formation supérieure Bac +4 / Bac +5 en commerce, vente, gestion ou finance. Expérience confirmée de 5 à 10 ans dans un poste commercial B2B, idéalement dans les services professionnels (cabinet comptable, audit, conseil, finance, assurance, ESN…). Expérience avérée en prospection et en développement de portefeuille clients. Excellentes compétences en négociation et en closing. Capacité à comprendre des offres techniques et à les traduire en propositions de valeur claires pour le client. Forte orientation résultats et autonomie dans l’organisation du travail. Très bonnes compétences en communication orale et écrite. Maîtrise du français indispensable ; l’anglais est un atout.",Recherche de nouveauté | Extraversion | Volonté de persuasion | Intuition / Spontanéité | Ambition,https://www.rekrute.com/offre-emploi-commercial-senior-recrutement-moore-casablanca-casablanca-181302.html,N/A,2026-04-19T00:40:05.434607
rekrute,Superviseur Service Client Bilingue FR/EN | Casablanca (Maroc),N/A (confidentiel),Casablanca et région - Maroc,CDI,Centre d'appels (métiers de)                                                                 - Secteur Centre d'appels,Intermédiaire (3 à 5 ans),Bac +5 et plus Minimum - Licence - Master,N/A,"Entreprise : Notre cabinet de recrutement accompagne les entreprises dans l’identification, la sélection et l’intégration des meilleurs talents adaptés à leurs besoins stratégiques. Nous intervenons dans différents secteurs d’activité (industrie, services, médical, finance, IT, BTP, etc.) en proposant des solutions personnalisées et efficaces. | Poste : Dans le cadre d’un projet international, vous serez le pilier de l’activité, garant(e) de la qualité de service, de la performance opérationnelle et de la satisfaction client pour une auto-école basée à Genève Vos principales missions : Pilotage opérationnel Superviser l’activité quotidienne (appels, e-mails, WhatsApp) Assurer la continuité de service 7j/7 Gérer les imprévus et ajuster les ressources Management d’équipe Encadrer, motiver et accompagner les chargés de clientèle Organiser les plannings et suivre les performances individuelles Développer les compétences de l’équipe Qualité & excellence de service Garantir un niveau de service conforme aux standards suisses Mettre en place et piloter le contrôle qualité (écoutes, relectures) Déployer des plans d’amélioration continue Relation client & performance Être l’interlocuteur principal du donneur d’ordre Assurer un reporting structuré (KPI, analyses, recommandations) Gérer les escalades et situations sensibles Suivre les KPI et optimiser les workflows | Profil recherché : 3 à 5 ans minimum en service client / call center Expérience confirmée en supervision d’équipe Expérience sur comptes internationaux : un atout Compétences clés : Maîtrise des KPI et pilotage de performance Expérience en contrôle qualité Bonne maîtrise des outils CRM / omnicanaux Leadership, rigueur et sens du détail Qualités attendues : Orientation qualité premium plutôt que volume Forte exigence professionnelle (ponctualité, précision, posture) Capacité à être opérationnel(le) sur les situations sensibles et support équipe Sens du service et excellentes capacités relationnelles Langues : Français : niveau natif ou quasi-natif Anglais : niveau professionnel (B2/C1 minimum) Pourquoi rejoindre ce projet ? Projet international à forte valeur ajoutée Environnement structuré avec standards élevés Rôle stratégique avec impact direct sur la satisfaction client",Respect des règles | Volonté de persuasion | Distance émotionnelle | Ténacité | Besoin d'action | Travail en équipe | Implication au travail | Organisation,https://www.rekrute.com/offre-emploi-superviseur-service-client-bilingue-fren-recrutement-confidentiel-casablanca-181371.html,N/A,2026-04-19T00:40:08.723881
rekrute,Gestionnaire de Paie – Casablanca | Casablanca (Maroc),N/A (confidentiel),Casablanca et région - Maroc,CDI,Audit / Conseil                                                                 - Secteur Comptabilité / Audit,Intermédiaire (3 à 5 ans) - Confirmé (5 à 10 ans),Bac +3 Minimum - Ecole de commerce - Master,N/A,"Entreprise : Nous sommes un cabinet d'audit, d’expertise comptable et de conseil , inscrit au tableau de l’Ordre des Experts Comptables du Maroc et membre du réseau Moore Stephens International. Notre activité s'articule principalement autour du contrôle légal des sociétés, des missions d'audit contractuel, de supervision comptable, de conseil juridique et fiscal. Nous intervenons également sur des missions à forte valeur ajoutée telles que l 'audit d'acquisition, le conseil financier et le conseil en organisation. | Poste : Dans le cadre du développement de ses équipes, Moore Casablanca, recherche un(e) Gestionnaire de Paie pour rejoindre son département Expertise Comptable Votre rôle Vous serez en charge de la gestion complète de la paie pour un portefeuille de clients, garantissant la fiabilité des informations salariales et le respect des délais. Vous contribuez à l’excellence opérationnelle du département finance et RH et assurez un accompagnement de qualité aux clients et collaborateurs. Vos missions principales : Calcul et établissement des bulletins de paie conformément à la législation et aux conventions collectives Gestion des déclarations sociales obligatoires (CNSS, CIMR, IR, AMO…) Suivi des entrant sortant et préparation des solde de tout compte. Production de reportings sociaux et financiers Veille juridique et réglementaire en matière de paie et droit du travail Conseil et support aux équipes RH et managériales sur les aspects liés à la paie | Profil recherché : Bac+3 à Bac+5 en Gestion, Finance, Comptabilité, RH ou équivalent Expérience confirmée de 3 à 5ans en gestion de la paie Une expérience dans le secteur de l’intérim, de la comptabilité ou de l’audit est un atout majeur Maîtrise de la législation sociale et fiscale marocaine Très bonne maîtrise des logiciels de paie SAGE et Microsoft 360 et d’Excel Rigueur, organisation et sens du détail Capacité d’analyse et de synthèse Excellent relationnel, proactivité et autonomie Discrétion et respect de la confidentialité",Rationalisme | Flexibilité | Besoin de réflexion | Organisation,https://www.rekrute.com/offre-emploi-gestionnaire-de-paie-casablanca-recrutement-moore-casablanca-casablanca-181473.html,N/A,2026-04-19T00:40:10.698717
rekrute,Chef Comptable – Expert Microsoft AX / Dynamics 360 | Bouskoura (Maroc),N/A (confidentiel),Casablanca et région - Maroc,CDI,Distribution (métiers de la)                                                                 - Secteur Distribution,Confirmé (5 à 10 ans) - Expert (10 à 20 ans),Bac +5 et plus Minimum - Ecole de commerce,N/A,"Entreprise : Notre cabinet de recrutement accompagne les entreprises dans l’identification et l’intégration des talents qui font la différence. Nous aidons nos clients à construire des équipes performantes, capables de soutenir leur croissance et leurs ambitions stratégiques. Intervenant dans des secteurs variés tels que l’industrie, les services, la santé, la finance, l’IT ou le BTP, nous proposons des solutions personnalisées, rapides et efficaces, adaptées à chaque organisation. Notre engagement : trouver le bon candidat, au bon poste, au bon moment, pour créer de la valeur durable pour nos clients et les candidats. | Poste : Notre client recherche un(e) Chef Comptable expérimenté(e) maîtrisant Microsoft AX et Dynamics 360, pour rejoindre une structure dynamique et en pleine croissance. Le poste concerne la comptabilité française et ne requiert pas d’expérience préalable dans ce domaine. Vos missions principales : Superviser l’ensemble des opérations comptables quotidiennes Garantir la fiabilité des écritures et des clôtures mensuelles et annuelles Assurer le suivi des déclarations fiscales et sociales Encadrer et accompagner une équipe de 3 à 5 collaborateurs comptables Participer à l’optimisation des processus et des outils de gestion Être l’interlocuteur principal des auditeurs et partenaires externes | Profil recherché : Profil recherché : Minimum 6 ans d’expérience en comptabilité Expérience confirmée en management d’équipe Passage en cabinet fortement souhaité Maîtrise obligatoire de Microsoft AX et Dynamics 360 Rigueur, esprit d’analyse, leadership et orientation amélioration continue",Recherche de nouveauté | Respect des règles | Implication au travail | Organisation,https://www.rekrute.com/offre-emploi-chef-comptable-expert-microsoft-ax-dynamics-360-recrutement-confidentiel-bouskoura-181475.html,N/A,2026-04-19T00:40:13.078791
rekrute,Assistante Administrative (Facturation & Recouvrement) | Casablanca (Maroc),N/A (confidentiel),Casablanca et région - Maroc,CDI,Audit / Conseil                                                                 - Secteur Comptabilité / Audit,Confirmé (5 à 10 ans),Bac +3 Minimum - Ecole de commerce - Licence,N/A,"Entreprise : Nous sommes un cabinet d'audit, d’expertise comptable et de conseil , inscrit au tableau de l’Ordre des Experts Comptables du Maroc et membre du réseau Moore Stephens International. Notre activité s'articule principalement autour du contrôle légal des sociétés, des missions d'audit contractuel, de supervision comptable, de conseil juridique et fiscal. Nous intervenons également sur des missions à forte valeur ajoutée telles que l 'audit d'acquisition, le conseil financier et le conseil en organisation. | Poste : Dans le cadre de notre développement, nous recherchons une Assistante Administrative organisée et rigoureuse pour renforcer notre équipe et assurer le suivi des opérations de facturation et de recouvrement. Missions principales : • Établir et gérer la facturation clients conformément aux contrats • Suivre les règlements et assurer les relances clients (téléphone / email) • Mettre à jour les tableaux de suivi et les reportings • Assurer la coordination avec le service comptable pour le suivi des impayés • Gérer et organiser les documents administratifs (classement, archivage, correspondances) • Participer à l’amélioration des procédures administratives internes | Profil recherché : Expérience minimum de 3 ans dans un poste similaire Bonne maîtrise des outils bureautiques, notamment Excel Sens de l’organisation, rigueur et autonomie Bon relationnel et capacités de communication",Rationalisme | Flexibilité | Besoin de réflexion | Organisation,https://www.rekrute.com/offre-emploi-assistante-administrative-facturation-recouvrement-recrutement-moore-casablanca-casablanca-181477.html,N/A,2026-04-19T00:40:15.213067
rekrute,Responsable Paie (H/F) | Casablanca (Maroc),N/A (confidentiel),Casablanca et région - Maroc,CDI,Audit / Conseil                                                                 - Secteur Comptabilité / Audit,Confirmé (5 à 10 ans),Bac +3 Minimum - Licence - Master,N/A,"Entreprise : Notre cabinet de recrutement accompagne les entreprises dans l’identification et l’intégration des talents qui font la différence. Nous aidons nos clients à construire des équipes performantes, capables de soutenir leur croissance et leurs ambitions stratégiques. Intervenant dans des secteurs variés tels que l’industrie, les services, la santé, la finance, l’IT ou le BTP, nous proposons des solutions personnalisées, rapides et efficaces, adaptées à chaque organisation. Notre engagement : trouver le bon candidat, au bon poste, au bon moment, pour créer de la valeur durable pour nos clients et les candidats. | Poste : Dans le cadre du développement de ses activités, notre client recherche un(e) Responsable Paie pour assurer la gestion complète de la paie et des obligations sociales au sein de son organisation. Localisation : Casablanca Disponibilité : Immédiate ou à convenir Vos missions : Assurer le traitement complet et fiable de la paie Gérer les déclarations sociales obligatoires (CNSS, AMO, CIMR, IR…) Veiller à la conformité avec la législation sociale et fiscale marocaine Superviser les éléments variables de paie (absences, congés, primes, heures supplémentaires) Produire les états de paie et les reportings sociaux Conseiller et assister les équipes et la direction sur les problématiques paie et sociales Participer à l’optimisation des processus paie et à la veille réglementaire | Profil recherché : Profil recherché : Bac+3 à Bac+5 en Ressources Humaines, Gestion ou Finance Expérience confirmée en gestion de la paie (minimum 5 ans) Une expérience en cabinet d’audit ou comptable est un atout Bonne maîtrise de la législation sociale marocaine et du droit du travail Maîtrise d’Excel et des logiciels de paie Rigueur, sens de la confidentialité et excellent relationnel Capacité d’organisation et de supervision d’une équipe de paie (souhaitée)",Rationalisme | Flexibilité | Besoin de réflexion,https://www.rekrute.com/offre-emploi-responsable-paie-hf-recrutement-confidentiel-casablanca-181479.html,N/A,2026-04-19T00:40:17.416296
rekrute,Comptable Confirmé – Microsoft AX / Dynamics 360 | Casablanca (Maroc),N/A (confidentiel),Tout le Maroc - Maroc,CDI,Distribution (métiers de la)                                                                 - Secteur Distribution,Intermédiaire (3 à 5 ans),Bac +5 et plus Minimum - Ecole de commerce,N/A,"Entreprise : Notre cabinet de recrutement accompagne les entreprises dans l’identification et l’intégration des talents qui font la différence. Nous aidons nos clients à construire des équipes performantes, capables de soutenir leur croissance et leurs ambitions stratégiques. Intervenant dans des secteurs variés tels que l’industrie, les services, la santé, la finance, l’IT ou le BTP, nous proposons des solutions personnalisées, rapides et efficaces, adaptées à chaque organisation. Notre engagement : trouver le bon candidat, au bon poste, au bon moment, pour créer de la valeur durable pour nos clients et les candidats. | Poste : Pour le compte de notre client, nous recherchons un(e) Comptable Confirmé(e) maîtrisant Microsoft AX et Dynamics 360, pour rejoindre une structure dynamique et en pleine croissance. Le poste concerne la comptabilité française et ne nécessite pas d’expérience préalable dans ce domaine. Vos missions principales : Gérer les opérations comptables quotidiennes et garantir la fiabilité des écritures Participer aux clôtures mensuelles et annuelles Assurer le suivi des déclarations fiscales et sociales Travailler en collaboration avec l’équipe comptable et accompagner les membres selon les besoins Contribuer à l’optimisation des processus et des outils de gestion Servir d’interlocuteur auprès des auditeurs et partenaires externes | Profil recherché : Minimum 6 ans d’expérience en comptabilité Expérience confirmée en management ou accompagnement d’équipe souhaitée Passage en cabinet fortement apprécié Maîtrise obligatoire de Microsoft AX et Dynamics 360 Rigueur, esprit d’analyse et orientation amélioration continue Pourquoi rejoindre ce poste ? Environnement structuré et dynamique Poste à responsabilité avec opportunité de développement professionnel Exposition à des missions variées et à forte valeur ajoutée",Recherche de nouveauté | Respect des règles | Implication au travail | Organisation,https://www.rekrute.com/offre-emploi-comptable-confirme-microsoft-ax-dynamics-360-recrutement-confidentiel-casablanca-181480.html,N/A,2026-04-19T00:40:19.726490
rekrute,Gestionnaire de Paie - Régime Français | Casablanca (Maroc),N/A (confidentiel),Casablanca et région - Maroc,CDI,Gestion / Comptabilité / Finance                                                                 - Secteur Comptabilité / Audit,Intermédiaire (3 à 5 ans),Bac +3 Minimum - Licence - Master,"Établir les bulletins de salaire et les déclarations sociales (DSN, URSSAF, CSG, CRDS…)","Entreprise : Nous sommes un cabinet d'audit, d’expertise comptable et de conseil , inscrit au tableau de l’Ordre des Experts Comptables du Maroc et membre du réseau Moore Stephens International. Notre activité s'articule principalement autour du contrôle légal des sociétés, des missions d'audit contractuel, de supervision comptable, de conseil juridique et fiscal. Nous intervenons également sur des missions à forte valeur ajoutée telles que l 'audit d'acquisition, le conseil financier et le conseil en organisation. | Poste : Le Gestionnaire de Paie sera en charge de l’ensemble du processus de paie pour les collaborateurs relevant du régime français, incluant : Gestion de la paie : Collecter et vérifier les éléments variables de paie (heures supplémentaires, absences, primes, etc.) Calculer la paie et les charges sociales selon la législation française Établir les bulletins de salaire et les déclarations sociales (DSN, URSSAF, CSG, CRDS…) Gérer les régularisations et corrections de paie Déclarations et conformité : Effectuer les déclarations sociales mensuelles et annuelles Veiller à la conformité des pratiques de paie avec la législation française et les accords collectifs Mettre à jour les procédures en fonction des évolutions légales Administration du personnel : Assurer le suivi des dossiers du personnel (contrats, avenants, absences, congés…) Préparer les éléments pour la gestion des expatriés ou détachés Répondre aux questions des salariés concernant leur paie et leurs droits Reporting et support RH : Fournir les indicateurs RH liés à la paie (coût de la masse salariale, charges sociales, absences…) Collaborer avec le service comptable et les experts-comptables Participer à l’amélioration des processus paie et à l’implémentation des outils RH | Profil recherché : Formation supérieure en Ressources Humaines, Gestion ou Comptabilité Expérience minimum de 3 ans en gestion de la paie française, idéalement en entreprise internationale ou cabinet comptable Maîtrise de la législation sociale française et des déclarations DSN Connaissance des outils de paie (ADP, Sage, Cegid, SAP RH, etc.) Rigueur, autonomie et sens de la confidentialité Bonnes compétences en communication pour interagir avec les salariés et la direction Communication : Français courant",Conventionnel | Respect des règles | Besoin d'objectivité | Rationalisme | Organisation,https://www.rekrute.com/offre-emploi-gestionnaire-de-paie---regime-francais-recrutement-moore-casablanca-casablanca-181634.html,N/A,2026-04-19T00:40:23.009264
rekrute,Assistante de Direction | Casablanca (Maroc),N/A (confidentiel),Casablanca et région - Maroc,CDI,Assistanat de Direction / Services Généraux                                                                 - Secteur Autres services,Junior (1 à 3 ans),Bac +3 Minimum - Licence - Master,N/A,"Entreprise : Nous sommes un cabinet d'audit, d’expertise comptable et de conseil , inscrit au tableau de l’Ordre des Experts Comptables du Maroc et membre du réseau Moore Stephens International. Notre activité s'articule principalement autour du contrôle légal des sociétés, des missions d'audit contractuel, de supervision comptable, de conseil juridique et fiscal. Nous intervenons également sur des missions à forte valeur ajoutée telles que l 'audit d'acquisition, le conseil financier et le conseil en organisation. | Poste : Dans le cadre du renfort de l’activité pour un projet France, nous recherchons une Assistante de Direction basée au Maroc. La candidate  jouera un rôle clé dans la coordination administrative et opérationnelle, en lien direct avec le client en France et avec les équipes internes. Missions principales : Assurer le support administratif à la direction pour le projet France. Gérer l’agenda, organiser réunions et rendez-vous en coordination avec le client français. Préparer et suivre les documents, rapports et présentations destinés au client et à la direction. Faciliter la communication entre la direction, les équipes internes et le client français. Participer à la gestion administrative quotidienne et aux projets ponctuels confiés par la direction. | Profil recherché : Bac+3/5 minimum en gestion, assistanat de direction ou équivalent. Expérience d’au moins 2 ans sur un poste similaire, idéalement en soutien à des projets internationaux ou clients. Maîtrise du français (oral et écrit) et l’anglais est un atos Organisation, rigueur, autonomie et discrétion. Maîtrise des outils bureautiques (Word, Excel, PowerPoint, Outlook). Nous offrons : Une mission basée au Maroc, avec un rôle de support à un projet France. Un environnement de travail stimulant et professionnel. Une opportunité de développement et d’évolution. Package salarial compétitif selon profil et expérience.",Conventionnel | Extraversion | Flexibilité | Organisation,https://www.rekrute.com/offre-emploi-assistante-de-direction-recrutement-moore-casablanca-casablanca-181639.html,N/A,2026-04-19T00:40:26.149331
rekrute,Opérateur Machine CNC | EL JADIDA (Maroc),Fort d’une expérience terrain de plus de 40 ans,Casablanca et région - Maroc,CDI,Production / Qualité / Sécurité / Maintenance                                                                 - Secteur Métallurgie / Sidérurgie,Intermédiaire (3 à 5 ans),Bac +2 Minimum - Formation spécialisée,N/A,"Entreprise : Fort d’une expérience terrain de plus de 40 ans , MESKI Invest est un groupe marocain multi-métiers ayant fait le choix stratégique de la diversification , en intervenant dans les secteurs clés de l’économie marocaine : • Riva Industrie : Industries sidérurgiques • Entreprises Belmekki : Distribution de matériaux de construction • Nadym : Logistique et services de transport routier, transport de marchandises et location camions remorques • Belmekkimmo : Immobilier • Danub : Location de voitures • Ontario : Transport touristique • Jawda Bois : Distribution de bois • Nouveaux métiers innovants en cours de développement dans le cadre du programme national d’accélération industrielle Créateur de valeurs dans plusieurs régions du Royaume, le Groupe a su confirmer au niveau national sa vocation d’ acteur de référence grâce à une expertise humaine et des technologies de pointe. Rejoindre le Groupe Meski Invest , c’est faire partie d’un groupe familial, visionnaire et audacieux qui continue d’entreprendre et d’investir. Tous ses bénéfices sont réinvestis dans le développement au service de cette politique de croissance. Le Groupe est en outre engagé dans le développement économique local et dans le développement durable , reposant sur le savoir-faire et l’implication de ses salariés . Nos collaborateurs, qui sont plus de 2 500 , font la force de notre Groupe. Pour leur offrir des perspectives de carrière intéressantes et attirer de nouveaux talents, nous travaillons continuellement à l’amélioration de nos techniques de management et proposons des opportunités de carrière et une formation continue , tout en veillant à la qualité de l’environnement de travail et à l'établissement de relations sociales professionnelles. | Poste : Nous recherchons des Opérateur de Machine CNC pour intégrer notre équipe d’outillage. Vous serez en charge de Réaliser les travaux d’usinage. Responsabilités : - Contrôler les dimensions et l’état des cylindres ; - Faire la manutention des charges par pont roulant ; - Choisir les outils appropriés pour usiner les cylindres ; - Lancer les programmes d’usinage sur les machines CNC ; - Faire l’inspection (de début de poste) du tour utilisé ; - Transférer les cylindres vers les zones appropriés après l’usinage ; | Profil recherché : • Diplôme Bac+2 de technicien spécialisé en Fabrication mécanique ; • Au minimum 3 ans d’expérience dans le secteur sidérurgique ou aéronautique, de préférence dans un laminoir en tant qu’un opérateur CNC ; • Maitriser le langage de communication des machines CNC (Gcode) ; • Avoir des connaissances générales en Mécanique des équipements ; • Maîtriser le dessin industriel ; • Maitriser les logiciels de programmation numérique ; • Maitriser l’outil informatique ;",Respect des règles | Travail en équipe | Implication au travail,https://www.rekrute.com/offre-emploi-operateur-machine-cnc-recrutement-meski-invest---riva-industries-el-jadida-181810.html,N/A,2026-04-19T00:40:28.332823
rekrute,Responsable formation | Casablanca (Maroc),HP SEARCH (HIGH POTENTIAL SEARCH)  accompagne ses clients dans le recrutement,Casablanca et région - Maroc,CDI,RH / Personnel / Formation                                                                 - Secteur Conseil / Etudes								- Autres services,Junior (1 à 3 ans) - Intermédiaire (3 à 5 ans),Bac +5 et plus Minimum - Master,N/A,"Entreprise : HP SEARCH (HIGH POTENTIAL SEARCH)  accompagne ses clients dans le recrutement, l’évaluation et la sélection de leurs Futurs Talents. Notre expertise dans divers secteurs d’activité nous permet de vous apporter les solutions optimales en recrutement. HP SEARCH est une filiale du groupe TEAMWORK spécialisée en Conseil RH, Formation, Coaching et Teambuilding. | Poste : Dans le cadre du développement du cabinet Teamwork consulting, nous recrutons un(e) responsable formation. Missions principales : Gérer et développer un portefeuille clients en assurant leur satisfaction Identifier les besoins et proposer des solutions adaptées Prospecter de nouvelles opportunités et développer l’activité commerciale Piloter le cycle de vente jusqu’à la signature des contrats Coordonner les projets avec les clients, consultants et équipes internes Assurer le suivi des missions à travers des reportings réguliers Analyser les données pour identifier des axes d’amélioration Représenter le cabinet lors d’événements professionnels et développer le réseau | Profil recherché : Formation : Bac¨+3/ BAC+5 en commerce , communication, business administration Expérience : 3ans d'expérience minimum en tant que responsable formation ou chargée de formation Senior .",Recherche de nouveauté | Extraversion | Besoin d'objectivité | Besoin d'autonomie | Implication au travail,https://www.rekrute.com/offre-emploi-responsable-formation-recrutement-hp-search-casablanca-181809.html,N/A,2026-04-19T00:40:35.423832
rekrute,Magasinier-Cariste | Nouaceur (Maroc),Pratt & Whitney Maroc,Casablanca et région - Maroc,CDI,Logistique / Transport (métiers de)                                                                 - Secteur Aéronautique / Spatial								- Automobile / Motos / Cycles,Intermédiaire (3 à 5 ans),Bac +2 Minimum - BTS / DUT,N/A,"Entreprise : Pratt & Whitney Maroc, filiale du groupe Pratt & Whitney, un leader mondial de l’industrie aérospatiale fabrique des moteurs de nouvelle génération qui équipent la plus grande flotte d’avions et d’hélicoptères au monde dans les segments de l’aviation d’affaires, de l’aviation générale et de l’aviation régionale. Pratt & Whitney Maroc contribue activement à l'essor du secteur aéronautique régional. Pourquoi nous rejoindre ? · Carrière enrichissante : Développez votre expertise dans un environnement stimulant. · Formation continue : Programmes avancés et collaborations internationales. · Impact global : Contribuez à des projets influençant l'aéronautique mondiale. | Culture de l'entreprise : Pratt & Whitney évolue au sein d’une culture fortement orientée coopération , où la confiance, la bienveillance et l’engagement collectif structurent les relations de travail. L’entreprise favorise un management de proximité, axé sur l’accompagnement, la responsabilisation et le développement des compétences. Cette dynamique humaine est complétée par une dimension innovation bien présente , encourageant l’initiative, la créativité et l’amélioration continue. Des processus structurés assurent la fiabilité et l’efficacité des opérations, tandis que la logique de compétition reste volontairement secondaire. | Poste : Rattaché au Warehouse Specialist, Le Magasinier-Cariste est chargé de la réception, le stockage, la préparation et l’expédition des pièces. Il veille à la bonne gestion des stocks et à la manutention des produits en utilisant les engins de manutentions (chariots élévateurs, transpalettes, etc.) tout en veillant au respect des règles de sécurité et des procédures internes. Vous serez amené à: Assurer la réception des marchandises à travers le déchargement des camions, contrôler les arrivages (référence, quantité, état des colis) et enregistrer les entrées sur SAP. Veiller au stockage des pièces dans les zones de stockage attribuées. Assurer la rotation des stocks (FIFO) et maintenir l’ordre et la propreté du magasin. Préparer les commandes selon les ordres de production. Assurer le packaging des pièces à expédier selon les requis internes. Charger les camions dans le respect des règles de sécurité et qualité. Participer aux inventaires, signaler les anomalies (écart ou autre), ruptures ou produits endommagés. Conduire les engins de manutention (chariots élévateurs). Respecter les règles de sécurité et les procédures internes. | Profil recherché : Vous êtes : Titulaire d’un Bac+2 en logistique ou d’une formation équivalente. En capacité de conduire différents types de chariots élévateurs (CACES valide). Fort(e) d’au moins 3 ans d’expérience dans un poste similaire. À l’aise avec les outils informatiques de gestion des stocks. Si vous vous reconnaissez dans ce profil, rejoignez-nous !",Respect des règles | Besoin d'action | Implication au travail | Organisation,https://www.rekrute.com/offre-emploi-magasinier-cariste-recrutement-pratt-whitney-nouaceur-181028.html,N/A,2026-04-19T00:40:38.286302
rekrute,Superviseur Production / Production Supervisor | Nouaceur (Maroc),Pratt & Whitney Maroc,Casablanca et région - Maroc,CDI,Production / Qualité / Sécurité / Maintenance                                                                 - Secteur Aéronautique / Spatial								- Automobile / Motos / Cycles,Confirmé (5 à 10 ans),Bac +5 et plus Maximum - Ecole d'ingénieur - Master,N/A,"Entreprise : Pratt & Whitney Maroc, filiale du groupe Pratt & Whitney, un leader mondial de l’industrie aérospatiale fabrique des moteurs de nouvelle génération qui équipent la plus grande flotte d’avions et d’hélicoptères au monde dans les segments de l’aviation d’affaires, de l’aviation générale et de l’aviation régionale. Pratt & Whitney Maroc contribue activement à l'essor du secteur aéronautique régional. Pourquoi nous rejoindre ? · Carrière enrichissante : Développez votre expertise dans un environnement stimulant. · Formation continue : Programmes avancés et collaborations internationales. · Impact global : Contribuez à des projets influençant l'aéronautique mondiale. | Culture de l'entreprise : Pratt & Whitney évolue au sein d’une culture fortement orientée coopération , où la confiance, la bienveillance et l’engagement collectif structurent les relations de travail. L’entreprise favorise un management de proximité, axé sur l’accompagnement, la responsabilisation et le développement des compétences. Cette dynamique humaine est complétée par une dimension innovation bien présente , encourageant l’initiative, la créativité et l’amélioration continue. Des processus structurés assurent la fiabilité et l’efficacité des opérations, tandis que la logique de compétition reste volontairement secondaire. | Poste : Au cœur des opérations, vous jouerez un rôle clé dans le pilotage d’une équipe de production. Vous serez responsable de toutes les tâches de gestion des employés, telles que la formation, la supervision, la gestion des horaires, l'attribution des tâches et l'évaluation des employés. Vous serez également l’interlocuteur(trice) privilégié(e) des clients internes et externes ainsi que ainsi que de la direction. Le superviseur adoptera le système d'exploitation CORE et la vision du Lean Manufacturing pour prospérer dans un environnement d'équipe avec des attentes de performance élevées. Vous serez le garant de l'atteinte des objectifs qualitatifs et quantitatifs, tout en assurant un environnement de travail sécurisé et performant. À ce titre, vous serez amené(e) à : Superviser les opérations quotidiennes dans une industrie de haute technologie. Superviser les opérations de production (gestion de l'atelier, gestion de la main-d'œuvre et gestion des perturbations de flux), interfacer avec le personnel de maintenance et de planification. Participer à mettre en place une équipe efficace qui répond aux exigences et aux changements de la production tout en adoptant une forte culture de résolution des problèmes. Contrôler la qualité, la productivité et le flux des processus pour répondre à la satisfaction du client. Travailler avec diligence pour résoudre les problèmes de qualité et impliquer la main-d'œuvre dans la réalisation des objectifs de production. Veiller à maintenir une culture de sécurité de classe mondiale et répondre rapidement à toutes les exigences en matière d’environnement, de santé et de sécurité. Responsable des principaux indicateurs de performance : respect des délais, productivité, qualité, etc. Communiquer efficacement avec tous les niveaux de gestion. Animer et participer à des réunions avec d'autres gestionnaires. Aide à gérer le budget. Promouvoir activement une culture d'entreprise basée sur l'éthique dans l'ensemble de l'établissement. Contribuer activement au Leadership de l'unité opérationnelle afin de soutenir la croissance et de diriger l'ensemble de l'activité avec succès. Participer à l'intégration et à la formation des nouveaux employés. Superviser les changements de quarts de travail et assurer une communication continue pendant les chevauchements de quarts de travail. Coordonner les activités de résolution des problèmes de matériaux et de logistique dans la zone assignée afin de garantir la disponibilité des matériaux et le bon déroulement des opérations. Interfacer avec plusieurs disciplines au sein de l'entreprise, pour comprendre les besoins et les problèmes des clients et garantir que les clients reçoivent des normes de services satisfaisantes. Contribuer à la réussite du démarrage des nouvelles lignes de production conformément au planning. Soutenir les activités de définition de processus et les initiatives d’amélioration continue. Et autres tâches assignées | Profil recherché : Qualifications requises : Diplôme d’ingénieur avec un minimum de 5 à 8 ans d’expérience pertinente ans un environnement de production similaire, ou diplôme universitaire d’études supérieures avec au moins 10 ans d’expérience pertinente, ou Bac+2 avec 10 ans ou plus d’expérience pertinente. Minimum 2 ans d’expérience en supervision dans un environnement industriel ou manufacturier. Capacité à travailler en shifts. Expérience dans la fabrication de composants mécaniques (tels que tournage CNC, fraisage, ébavurage) Pour exceller dans ce rôle, les compétences recquises sont comme suit: Maîtrise du français et de l’anglais, à l’oral comme à l’écrit. Maîtrise de PowerPoint, Excel et Microsoft Word. Solides compétences organisationnelles et capacité à gérer la pression ainsi que des priorités multiples et changeantes. Connaissance du secteur aérospatial. Qualités de leadership et intérêt marqué pour le management, l’assurance qualité et l’implémentation de processus innovants.",Respect des règles | Besoin d'action | Besoin d'autonomie | Organisation,https://www.rekrute.com/offre-emploi-superviseur-production-production-supervisor-recrutement-pratt-whitney-nouaceur-180313.html,N/A,2026-04-19T00:40:40.554100
rekrute,"Manager de Rayon Epicerie / Biscuiterie | Salé, Rabat-Salé-Kénitra, Maroc (Maroc)",N/A (confidentiel),Rabat et région - Maroc,CDI,Commercial / Vente / Export - Distribution (métiers de la) - Secteur Distribution,Junior (1 à 3 ans),Bac +2 Minimum - DEUG,N/A,"Entreprise : Créé en 1986 et côté à la Bourse de Casablanca depuis 2008, le Groupe marocain LabelVie est un acteur économique de référence et leader de la grande distribution au Maroc. En 2009, à travers la signature du contrat de franchise avec le Groupe Carrefour, il accède à sa centrale d’achat pour optimiser et diversifier son sourcing. Il devient ainsi le premier acteur multi-formats de la grande distribution au Maroc par l’exploitation des hypermarchés Carrefour, des supermarchés Carrefour Market et du format hyper cash Atacadao. Le Groupe LabelVie présente chaque année un plan de développement soutenu renforçant ainsi renforce sa présence territoriale avec ses 121 magasins répartis dans 27 villes du royaume et ses 3 plateformes logistiques. En 2020, il a accueilli 50 millions de visiteurs et a réalisé un chiffre d’affaire de 11 milliards de dirhams. Convaincu que son succès passe à travers le succès de tous les collaborateurs, le Groupe LabelVie est l’un des premiers employeurs privés au Maroc, et place l’humain au centre de toutes ses préoccupations. Ce sont ainsi plus de 8 500 collaborateurs, dont 30% de femmes, qui œuvrent chaque jour à faire du Groupe LabelVie, le leader de la grande distribution au Maroc. Rejoignez un groupe ambitieux qui croit au défi, à la création de valeur ajoutée et à l’engagement sociétal ! | Poste : Vos missions sont : Assurer une bonne gestion du rayon, Atteindre les objectifs, marges, stocks, productivité, casse et taux de ruptures, Établir les plannings hebdomadaires, Organiser le travail de votre équipe et assurer son accompagnement, Respecter la politique commerciale du groupe / fidéliser la clientèle, Contrôler le respect des normes d'hygiène et de sécurité, Passer les commandes, les réceptionner et gérer le stock. | Profil recherché : De formation Bac +3 minimum en Commerce/Gestion, vous justifiez d'une expérience de 3 ans et plus dans la Biscuiterie dans laquelle vous avez développé les compétences suivantes : Techniques de merchandising, de négociation, et d'animation d'équipe, Capacité d'établir des propositions pour améliorer des résultats, Lecture de tableau de bord et d'indicateurs de suivi.",Volonté de persuasion | Extraversion | Intuition / Spontanéité | Ambition | Recherche de nouveauté,https://www.rekrute.com/offre-emploi-manager-de-rayon-epicerie-biscuiterie-recrutement-groupe-labelvie---carrefour-sale-rabat-sale-kenitra-maroc-181808.html,N/A,2026-04-19T00:40:43.274891
rekrute,Senior developer ServiceNow (H/F) | Casablanca (Maroc),Capgemini,Casablanca et région - Maroc,CDI,Informatique / Electronique                                                                 - Secteur Informatique,Intermédiaire (3 à 5 ans) - Confirmé (5 à 10 ans),Bac +5 et plus Minimum - Ecole d'ingénieur,N/A,"Entreprise : Capgemini est un leader mondial, responsable et multiculturel, regroupant 325 000 personnes dans plus de 50 pays. Partenaire stratégique des entreprises pour la transformation de leurs activités en tirant profit de toute la puissance de la technologie, le Groupe est guidé au quotidien par sa raison d’être : libérer les énergies humaines par la technologie pour un avenir inclusif et durable. Fort de 55 ans d’expérience et d’une grande expertise des différents secteurs d’activité, Capgemini est reconnu par ses clients pour répondre à l’ensemble de leurs besoins, de la stratégie et du design jusqu’au management des opérations, en tirant parti des innovations dans les domaines en perpétuelle évolution du cloud, de la data, de l’Intelligence Artificielle, de la connectivité, des logiciels, de l’ingénierie digitale et des plateformes. Le Groupe a réalisé un chiffre d'affaires de 18 milliards d'euros en 2021. | Culture de l'entreprise : Capgemini se distingue par une culture majoritairement orientée vers la coopération , plaçant l’humain, la confiance et le travail collectif au cœur de ses pratiques. Le management de proximité encourage l’accompagnement, la responsabilisation et le développement des compétences dans un environnement bienveillant. Cette culture est soutenue par une forte dimension d’ organisation , garantissant rigueur des processus, fiabilité et efficacité opérationnelle. Elle est complétée par une composante de compétition , orientée vers la performance et la satisfaction client, tandis que l’ innovation , plus mesurée, accompagne l’évolution continue des offres et des expertises. | Poste : En tant que développeur ServiceNow, vous interviendrez dans des missions variées telles que : participer au revue de code Piloter le socle technique des projets et garantir la qualité des livrables. Intégrer les tests unitaires et suivre les indicateurs de qualité via des outils comme SonarQube. Participer aux briefs techniques et aux réunions d’avancement. Encadrer techniquement les profils juniors et favoriser leur montée en compétences. Collaborer avec les équipes projet dans un environnement Agile (Scrum) ou cycle en V. | Profil recherché : Diplômé(e) d’un Bac+5 en informatique ou équivalent. Expérience confirmée (≥ 3 ans) sur un poste similaire. Maîtrise des environnements ServiceNow. Solide expertise en FSM, ITSM, CSM, SPM, HR, ITOM, SPM, WSD. Forte capacité d’analyse, écoute active et adaptabilité.",Recherche de nouveauté | Besoin de réflexion | Besoin d'autonomie | Implication au travail | Ambition,https://www.rekrute.com/offre-emploi-senior-developer-servicenow-hf-recrutement-capgemini-casablanca-181807.html,N/A,2026-04-19T00:40:46.346088
rekrute,Architect Servicenow (H/F) | Casablanca (Maroc),Capgemini,Casablanca et région - Maroc,CDI,Informatique / Electronique                                                                 - Secteur Informatique,Confirmé (5 à 10 ans) - Expert (10 à 20 ans),Bac +5 et plus Minimum - Ecole d'ingénieur - Master,N/A,"Entreprise : Capgemini est un leader mondial, responsable et multiculturel, regroupant 325 000 personnes dans plus de 50 pays. Partenaire stratégique des entreprises pour la transformation de leurs activités en tirant profit de toute la puissance de la technologie, le Groupe est guidé au quotidien par sa raison d’être : libérer les énergies humaines par la technologie pour un avenir inclusif et durable. Fort de 55 ans d’expérience et d’une grande expertise des différents secteurs d’activité, Capgemini est reconnu par ses clients pour répondre à l’ensemble de leurs besoins, de la stratégie et du design jusqu’au management des opérations, en tirant parti des innovations dans les domaines en perpétuelle évolution du cloud, de la data, de l’Intelligence Artificielle, de la connectivité, des logiciels, de l’ingénierie digitale et des plateformes. Le Groupe a réalisé un chiffre d'affaires de 18 milliards d'euros en 2021. | Culture de l'entreprise : Capgemini se distingue par une culture majoritairement orientée vers la coopération , plaçant l’humain, la confiance et le travail collectif au cœur de ses pratiques. Le management de proximité encourage l’accompagnement, la responsabilisation et le développement des compétences dans un environnement bienveillant. Cette culture est soutenue par une forte dimension d’ organisation , garantissant rigueur des processus, fiabilité et efficacité opérationnelle. Elle est complétée par une composante de compétition , orientée vers la performance et la satisfaction client, tandis que l’ innovation , plus mesurée, accompagne l’évolution continue des offres et des expertises. | Poste : Architecture et conception de solutions Concevoir l’architecture fonctionnelle et technique des solutions ServiceNow Définir les choix d’architecture en conformité avec les bonnes pratiques et standards ServiceNow Garantir la cohérence et l’évolutivité de la plateforme sur l’ensemble des périmètres couverts Intervenir sur un ou plusieurs modules ServiceNow suivants : ITSM FSM CSM SPM HRSD ITOM WSD Expertise ServiceNow et gouvernance Être le référent architecture ServiceNow auprès des équipes projets et des parties prenantes Définir et faire respecter les standards de développement, d’intégration et de sécurité Valider les conceptions fonctionnelles et techniques proposées par les équipes Accompagner les stratégies de montée de version, de mutualisation et de rationalisation des usages Collaboration et pilotage Travailler en étroite collaboration avec les Business Analysts, Développeurs, Product Owners et équipes métiers Participer aux phases de cadrage, d’estimation et de priorisation des projets Apporter un support d’expertise sur les sujets complexes ou transverses Contribuer à la roadmap ServiceNow et à la vision cible de la plateforme Qualité et amélioration continue Garantir la performance, la sécurité et la résilience des solutions mises en place Identifier les axes d’optimisation fonctionnels et techniques Participer à la capitalisation des connaissances et à la documentation d’architecture | Profil recherché : Expérience Expérience significative en tant qu’Architecte ou expert ServiceNow Expertise confirmée sur au moins un module ServiceNow, idéalement plusieurs Expérience sur des environnements ServiceNow complexes et multi-domaines Participation à des projets structurants ou programmes de transformation digitale Compétences techniques et fonctionnelles Très bonne connaissance de la plateforme ServiceNow et de ses capacités avancées Solide maîtrise de l’architecture applicative et des mécanismes d’intégration (REST, SOAP, MID Server) Bonne compréhension des processus ITIL et des processus métiers supportés par ServiceNow Capacité à concevoir des solutions scalables, sécurisées et maintenables Connaissance des méthodologies Agile / Scrum et des environnements projets complexes Soft skills Excellentes capacités d’analyse, de synthèse et de prise de décision Leadership technique et capacité à fédérer Aisance dans la communication avec des interlocuteurs métiers et IT Vision stratégique et sens des priorités Langues Français courant Anglais courant",Recherche de nouveauté | Besoin de réflexion | Besoin d'autonomie | Implication au travail | Ambition,https://www.rekrute.com/offre-emploi-architect-servicenow-hf-recrutement-capgemini-casablanca-181806.html,N/A,2026-04-19T00:40:48.995440
rekrute,Téléconseillers germano-anglophones (Allemand/Anglais) | Casablanca (Maroc),N/A (confidentiel),Casablanca et région - Maroc,CDI,Centre d'appels (métiers de)                                                                 - Secteur Centre d'appels								- Offshoring / Nearshoring,Junior (1 à 3 ans),Bac Minimum - Baccalauréat,N/A,"Entreprise : Créé en 2003, le groupe OUTSOURCIA est un opérateur spécialisé dans les métiers de l'outsourcing : gestion de la relation client à distance, multiservice, multilingue et multicanal (centres d'appels, gestion des e-mails, solutions de chats, télémarketing et relation client sur les réseaux sociaux), externalisation de métiers de Back Office (BPO), prestations digitales (développement d'applications spécifiques, web ou mobiles, communication digitale et Community Management) et études. À ce jour, OUTSOURCIA, emploie 3600 collaborateurs sur 12 sites de production au Maroc, en France, en Tunisie, à Madagascar et accompagne des clients de renom tels que : Aquarelle, Renault, Total, Orange, Histoire d'Or, Manutan, Marionnaud, Mister Auto, Seloger.com, Veepee, etc. Pour en savoir plus visitez www.outsourcia.com | Culture de l'entreprise : Outsourcia évolue dans une culture principalement orientée vers la performance et la compétition , où l’ambition, le goût du challenge et l’atteinte d’objectifs mesurables constituent des moteurs essentiels. L’entreprise valorise le dépassement de soi, la compétitivité et une forte orientation client, dans une logique de résultats et de positionnement sur le marché. Cette dynamique est complétée par une dimension humaine et collaborative , favorisant la cohésion des équipes, la responsabilisation et le management de proximité. L’innovation et des processus structurés viennent soutenir l’efficacité et l’adaptabilité de l’organisation. | Poste : Sie sprechen fließend Deutsch und Englisch und haben Freude am Kundenkontakt? Dann sind Sie bei uns genau richtig! Ihre Aufgaben: Entgegennahme eingehender Kundenanrufe Analyse der Kundenanfragen und Bereitstellung passender Lösungen Sicherstellung einer hohen Servicequalität und Kundenzufriedenheit Professionelle und freundliche Bearbeitung aller Anliegen | Profil recherché : Sehr gute Deutsch- und Englischkenntnisse in Wort und Schrift Ausgeprägte Kommunikations- und Zuhörfähigkeiten Erste Erfahrung im Kundenservice von Vorteil Sicherer Umgang mit gängigen IT-Tools",Respect des règles | Volonté de persuasion | Distance émotionnelle | Ténacité | Besoin d'action | Travail en équipe | Implication au travail | Organisation,https://www.rekrute.com/offre-emploi-teleconseillers-germano-anglophones-allemandanglais-recrutement-outsourcia-casablanca-181805.html,N/A,2026-04-19T00:40:51.645846
rekrute,IT Helpdesk bilingue (français/anglais) - marché canadien | Casablanca (Maroc),N/A (confidentiel),Casablanca et région - Maroc,CDI,Centre d'appels (métiers de)                                                                 - Secteur Centre d'appels								- Offshoring / Nearshoring,Junior (1 à 3 ans),Bac Minimum - Baccalauréat,N/A,"Entreprise : Créé en 2003, le groupe OUTSOURCIA est un opérateur spécialisé dans les métiers de l'outsourcing : gestion de la relation client à distance, multiservice, multilingue et multicanal (centres d'appels, gestion des e-mails, solutions de chats, télémarketing et relation client sur les réseaux sociaux), externalisation de métiers de Back Office (BPO), prestations digitales (développement d'applications spécifiques, web ou mobiles, communication digitale et Community Management) et études. À ce jour, OUTSOURCIA, emploie 3600 collaborateurs sur 12 sites de production au Maroc, en France, en Tunisie, à Madagascar et accompagne des clients de renom tels que : Aquarelle, Renault, Total, Orange, Histoire d'Or, Manutan, Marionnaud, Mister Auto, Seloger.com, Veepee, etc. Pour en savoir plus visitez www.outsourcia.com | Culture de l'entreprise : Outsourcia évolue dans une culture principalement orientée vers la performance et la compétition , où l’ambition, le goût du challenge et l’atteinte d’objectifs mesurables constituent des moteurs essentiels. L’entreprise valorise le dépassement de soi, la compétitivité et une forte orientation client, dans une logique de résultats et de positionnement sur le marché. Cette dynamique est complétée par une dimension humaine et collaborative , favorisant la cohésion des équipes, la responsabilisation et le management de proximité. L’innovation et des processus structurés viennent soutenir l’efficacité et l’adaptabilité de l’organisation. | Poste : Au nom de l'un de nos clients, nous recherchons des agents de support technique, parlant couramment le français et l'anglais, avec une expérience significative. Sous la responsabilité du responsable de l'équipe, vos principales missions seront les suivantes : • Recevoir et gérer les demandes des utilisateurs • Surveiller et traiter les incidents techniques • Effectuer un diagnostic complet des incidents pour intervention • Saisir les incidents • Traiter les incidents récurrents • Assurer la qualité du service de support informatique | Profil recherché : - Disponibilité immédiate. - Maîtrise parfaite du français et l'anglais aussi bien à l'oral qu'à l'écrit. - Connaissance des systèmes d'exploitation (Windows, MacOS, etc.) - Capacité à diagnostiquer et à résoudre des problèmes matériels et logiciels. - Compréhension des systèmes de gestion des tickets et des bases de données de support. - Excellentes compétences en communication verbale pour assister les utilisateurs par téléphone ou par chat. - Capacité à rédiger des réponses claires et précises dans des e-mails ou des documents de support. - Capacité à analyser un problème, identifier les causes sous-jacentes et développer des solutions efficaces. - Utilisation systématique des méthodes de résolution de problèmes. - Gestion efficace des tickets de support pour assurer un suivi approprié. - Capacité à prioriser les demandes en fonction de l'urgence et de l'importance. - Capacité à gérer plusieurs demandes de support simultanément. - Maintien de la qualité du service tout en travaillant sur plusieurs tâches. - L'industrie technologique évoluant rapidement, un technicien de support doit être prêt à acquérir de nouvelles compétences et à se tenir à jour.",Respect des règles | Volonté de persuasion | Distance émotionnelle | Ténacité | Besoin d'action | Travail en équipe | Implication au travail | Organisation,https://www.rekrute.com/offre-emploi-it-helpdesk-bilingue-francaisanglais---marche-canadien-recrutement-outsourcia-casablanca-181804.html,N/A,2026-04-19T00:40:53.636529
rekrute,Senior Business Analyst ServiceNow (H/F) | Casablanca (Maroc),Capgemini,Casablanca et région - Maroc,CDI,Informatique / Electronique                                                                 - Secteur Informatique,Confirmé (5 à 10 ans) - Expert (10 à 20 ans),Bac +5 et plus Minimum - Ecole d'ingénieur - Master,N/A,"Entreprise : Capgemini est un leader mondial, responsable et multiculturel, regroupant 325 000 personnes dans plus de 50 pays. Partenaire stratégique des entreprises pour la transformation de leurs activités en tirant profit de toute la puissance de la technologie, le Groupe est guidé au quotidien par sa raison d’être : libérer les énergies humaines par la technologie pour un avenir inclusif et durable. Fort de 55 ans d’expérience et d’une grande expertise des différents secteurs d’activité, Capgemini est reconnu par ses clients pour répondre à l’ensemble de leurs besoins, de la stratégie et du design jusqu’au management des opérations, en tirant parti des innovations dans les domaines en perpétuelle évolution du cloud, de la data, de l’Intelligence Artificielle, de la connectivité, des logiciels, de l’ingénierie digitale et des plateformes. Le Groupe a réalisé un chiffre d'affaires de 18 milliards d'euros en 2021. | Culture de l'entreprise : Capgemini se distingue par une culture majoritairement orientée vers la coopération , plaçant l’humain, la confiance et le travail collectif au cœur de ses pratiques. Le management de proximité encourage l’accompagnement, la responsabilisation et le développement des compétences dans un environnement bienveillant. Cette culture est soutenue par une forte dimension d’ organisation , garantissant rigueur des processus, fiabilité et efficacité opérationnelle. Elle est complétée par une composante de compétition , orientée vers la performance et la satisfaction client, tandis que l’ innovation , plus mesurée, accompagne l’évolution continue des offres et des expertises. | Poste : Analyse et cadrage fonctionnel Recueillir, analyser et formaliser les besoins métiers Challenger les demandes et proposer des solutions adaptées et standard ServiceNow Rédiger les livrables fonctionnels : User Stories, spécifications fonctionnelles, mapping de processus, workflows Participer aux ateliers de cadrage, de priorisation et d’estimation des besoins Expertise ServiceNow Apporter une expertise fonctionnelle confirmée sur un ou plusieurs modules ServiceNow suivants : ITSM FSM CSM SPM HRSD ITOM WSD Contribuer à la conception de solutions alignées avec les bonnes pratiques ServiceNow Être force de proposition sur l’optimisation et l’amélioration continue des processus Collaboration et delivery Collaborer étroitement avec les équipes techniques ServiceNow (développeurs, architectes, administrateurs) Assurer le lien entre les équipes métiers et IT tout au long du cycle projet Accompagner les phases de build, recette fonctionnelle (UAT) et déploiement Qualité et conduite du changement Participer à la définition et à l’exécution des tests fonctionnels Contribuer à la documentation utilisateur et fonctionnelle Accompagner les utilisateurs lors du changement (formation, support, communication) | Profil recherché : Expérience Minimum 4 ans d’expérience en tant que Business Analyst Expérience significative sur la plateforme ServiceNow Expertise avérée sur au moins un module ServiceNow, idéalement plusieurs Habitude des environnements projets complexes et multi-interlocuteurs Compétences fonctionnelles et techniques Excellentes capacités d’analyse et de synthèse Maîtrise des processus métiers et des livrables BA Bonne connaissance des concepts ITIL (notamment pour ITSM) Compréhension du fonctionnement et des capacités de la plateforme ServiceNow Expérience en méthodologies Agile (Scrum) et/ou Cycle en V Soft skills Très bonnes capacités de communication orale et écrite Autonomie, rigueur et sens de l’organisation Esprit collaboratif et orientation résultats Capacité à challenger, convaincre et accompagner les parties prenantes Langues Français courant Anglais courant",Recherche de nouveauté | Besoin de réflexion | Besoin d'autonomie | Implication au travail | Ambition,https://www.rekrute.com/offre-emploi-senior-business-analyst-servicenow-hf-recrutement-capgemini-casablanca-181803.html,N/A,2026-04-19T00:40:56.514351
rekrute,Stage PFE- Marketing et Communication (-à partir de Mai ) | Marrakech (Maroc),Situé au coeur du prestigieux quartier de l'Hivernage,Casablanca et région - Maroc,Stage,Communication / Publicité / RP - Marketing - Secteur Indifférent,Débutant (-1 an),Bac +5 et plus Maximum - Ecole de commerce - Master,N/A,"Entreprise : Situé au coeur du prestigieux quartier de l'Hivernage, le Es Saadi Marrakech Resort incarne l'élégance et le raffinement à la marocaine. Le complexe s'étale sur 9 hectares de parc luxuriant et se compose d'un hôtel 5 étoiles de 149 chambres. Ouvert depuis 1966, Es Saadi dispose également d'un somptueux Palace abritant 81 suites, ainsi que de 10 villas privées et 8 ksars au charme authentique. Le Resort propose enfin 13 restaurants et bars, deux Spas dont l'un signé Dior, et un pôle Entertainment. Le Es Saadi Marrakech Resort s'impose comme une référence incontournable du luxe discret, de l'art de recevoir et d'expériences uniques. Rejoindre le Es Saadi Marrakech Resort , c'est bien plus qu'intégrer un établissement d'exception : c'est participer à une aventure humaine portée par des valeurs fortes de passion, d'excellence et d'authenticité. Depuis plus de 50 ans, notre maison cultive un art de vivre unique, en alliant l'élégance du service 5 étoiles à la richesse de la culture marocaine. Nous sommes fiers d'offrir à nos collaborateurs un cadre de travail inspirant, au cœur d'un environnement luxuriant, où la transmission du savoir-faire et la reconnaissance des talents sont au cœur de notre vision managériale. Notre ambition est de rassembler des talents animés par l'envie de s'investir dans une hôtellerie de prestige et de contribuer à des expériences clients inoubliables. Rejoindre notre équipe, c'est bénéficier d'un accompagnement sur mesure, de formations régulières, et de véritables perspectives d'évolution au sein d'un groupe familial, à taille humaine et tourné vers l'avenir. Que votre parcours soit déjà riche ou en pleine construction, si vous avez le sens du détail, l'amour du service et le goût de l'excellence, nous serions heureux de vous accueillir parmi nous. | Culture de l'entreprise : Es Saadi Marrakech Resort se distingue par une culture très fortement orientée vers la coopération , plaçant l’humain, le bien-être et la qualité des relations au cœur de son fonctionnement. Les équipes évoluent dans un environnement bienveillant, fondé sur la confiance, la solidarité et un management de proximité jouant un rôle de mentor et d’accompagnateur. Cette culture est complétée de manière équilibrée par des dimensions d’ innovation et d’ organisation , favorisant à la fois la créativité, l’initiative et la rigueur des processus. La compétition occupe une place marginale, laissant la priorité à la collaboration et à l’engagement collectif au service de l’excellence de l’expérience client. | Poste : Rejoignez notre établissement hôtelier de renom à Marrakech dans le secteur de l' Hôtellerie / Restauration pour un Stage PFE Marketing et Communication . C'est l'occasion parfaite de mettre en pratique vos connaissances théoriques dans un environnement dynamique et stimulant, tout en contribuant activement à la stratégie de notre marque. Ce stage a pour objectif de vous permettre de développer vos compétences en marketing et communication au sein d'une structure reconnue. Vous serez amené(e) à participer à des projets concrets visant à renforcer notre présence sur le marché et à améliorer notre image de marque. L'accent sera mis sur l'acquisition d'une expérience professionnelle significative et l'application des meilleures pratiques du secteur. Vos missions principales incluront : Participation à l'élaboration et à la mise en œuvre des campagnes marketing. Contribution à la gestion des réseaux sociaux et à la création de contenu engageant. Support dans l'organisation d'événements promotionnels. Analyse des retours clients et des performances des actions marketing. Aide à la coordination avec les différents prestataires et partenaires. Veille concurrentielle et sectorielle. Vous bénéficierez d'un encadrement personnalisé pour vous accompagner dans la réalisation de vos tâches. | Profil recherché : Vous préparez actuellement une formation de niveau Bac +5 et plus , avec une spécialisation dans les domaines de la Communication / Publicité / RP ou du Marketing . Une première expérience, même dans le cadre de stages ou de projets académiques significatifs, d'une durée de 1 à 1 ans est requise. Cela démontre votre intérêt et votre première approche du monde professionnel. Pour réussir dans ce stage, il est essentiel de posséder les compétences suivantes : Solides connaissances en techniques de communication et marketing. Maîtrise des outils de bureautique et des plateformes de réseaux sociaux. Excellentes capacités rédactionnelles et aisance relationnelle. Créativité et force de proposition. Capacité d'analyse et sens de l'organisation. Un bon niveau en français est indispensable, et la connaissance d'autres langues serait un plus. Si vous êtes une personne motivée, proactive et désireuse d'apprendre, votre profil pourrait correspondre à ce que nous recherchons.",Créativité | Extraversion | Implication au travail,https://www.rekrute.com/offre-emploi-stage-pfe--marketing-et-communication--a-partir-de-mai-recrutement-es-saadi-marrakech-resort-marrakech-181801.html,N/A,2026-04-19T00:40:58.638505
rekrute,Tech Lead / RevOps Builder | Casablanca (Maroc),ALKIMIY,Casablanca et région - Maroc,CDI,Informatique / Electronique - Internet / Multimédia - Secteur Informatique,Confirmé (5 à 10 ans),Bac +3 Minimum - BTS / DUT - Ecole d'ingénieur,Salaire proposé : 6000 - 8000 DH nets mensuels,"Entreprise : ALKIMIY est une entreprise basée à Casablanca, spécialisée dans la création et le développement d’équipes commerciales à haute performance. Sa mission est claire : créer un environnement où les talents ambitieux peuvent atteindre leur plein potentiel et générer des résultats mesurables. Pour cela, ALKIMIY s’appuie sur une approche structurée reposant sur des méthodes propriétaires, un accompagnement intensif et une culture forte de la performance. L’entreprise a développé un système unique, combinant formation accélérée, coaching quotidien et analyse des performances (notamment via des outils d’intelligence artificielle), permettant aux collaborateurs de monter rapidement en compétences et d’atteindre des niveaux élevés d’efficacité commerciale. ALKIMIY se distingue également par un modèle méritocratique assumé : la progression, la rémunération et l’évolution de carrière sont directement liées aux résultats individuels, dans un cadre transparent et structuré. Les fondateurs ALKIMIY a été fondée par une équipe d’entrepreneurs aux parcours internationaux complémentaires, réunis autour d’une ambition commune : bâtir une référence en matière de performance commerciale. Romain Nussmann – Fondateur & CEO Ancien champion du monde de poker, il est à l’origine de la méthodologie interne d’ALKIMIY (notamment les programmes Al-Tariqa et Athanor), conçue pour structurer et optimiser la performance commerciale. Julien Bucaille – Chief Revenue Officer (CRO) Ancien Senior Vice President chez Salesforce et diplômé de HEC Paris, il cumule plus de 15 ans d’expérience dans la gestion d’équipes commerciales à haute performance. Damien Jacquemart – Chief Technology Officer (CTO & AI) Docteur en intelligence artificielle et ancien de Dataiku, il apporte une expertise technologique avancée, notamment dans l’analyse des performances et l’optimisation des processus via l’IA. Ahmed Yacine Lalej - Poste : Directeur Général Adjoint (DGA) – Alkimiy - Expérience : Plus de 18 ans dans le développement des affaires et la direction opérationnelle, avec une expertise en branding créatif, stratégie digitale et lancement de projets innovants sur le marché marocain et international. Pourquoi rejoindre ALKIMIY ? Un environnement structuré orienté performance et résultats Une formation intensive et un coaching quotidien Un système de rémunération déplafonné Des perspectives d’évolution rapide basées sur la méritocratie Des outils innovants intégrant l’intelligence artificielle Rejoindre ALKIMIY, c’est intégrer une organisation exigeante et ambitieuse, conçue pour former et faire émerger des profils commerciaux d’excellence. | Poste : Rejoignez notre dynamique entreprise, acteur majeur du secteur des centres d'excellence , et embarquez pour une aventure professionnelle stimulante en tant que Tech Lead / RevOps Builder à Casablanca . C'est l'opportunité de façonner et d'optimiser nos opérations technologiques, en apportant votre expertise pour propulser notre croissance. Votre rôle sera crucial dans la définition et la mise en œuvre de stratégies visant à améliorer l'efficacité opérationnelle, l'automatisation des processus et l'intégration technologique au sein de nos équipes. Vous serez le moteur de l'innovation, garantissant que nos outils et systèmes soutiennent au mieux nos objectifs de performance et de satisfaction client. Vos missions principales incluront : L'encadrement technique d'équipes dédiées au développement et à l'amélioration continue de nos plateformes. La conception et l'architecture de solutions innovantes pour optimiser les flux de travail et la gestion des données. La supervision de l'implémentation et de la maintenance des outils CRM, d'automatisation marketing et autres systèmes RevOps. L'analyse des performances et la proposition d'ajustements stratégiques pour maximiser les résultats. La veille technologique pour anticiper les évolutions du marché et proposer des solutions avant-gardistes. La collaboration étroite avec les différents départements pour comprendre leurs besoins et y répondre par des solutions techniques adaptées. | Profil recherché : Une formation de niveau Bac +3 est requise, idéalement dans les domaines de l' Informatique , de l' Électronique , de l' Internet ou du Multimédia . Une expérience significative de 5 à 10 ans est demandée, vous permettant d'avoir une vision stratégique et opérationnelle des enjeux technologiques dans un environnement similaire. Pour exceller dans ce rôle, vous possédez : Une solide compréhension des architectures logicielles et des principes de développement. Une expertise avérée dans la mise en place et la gestion d'outils CRM et d'automatisation. Des compétences reconnues en gestion de projet et en encadrement d'équipes techniques. Une capacité à analyser des données complexes et à en tirer des conclusions pertinentes. D'excellentes compétences en communication et en résolution de problèmes. Une forte orientation résultats et une passion pour l'innovation technologique. Si vous vous reconnaissez dans ce profil et que cette opportunité éveille votre curiosité, n'attendez plus pour postuler !",Recherche de nouveauté | Créativité | Besoin d'objectivité | Ténacité | Besoin d'action | Besoin d'autonomie | Ambition | Organisation,https://www.rekrute.com/offre-emploi-tech-lead-revops-builder-recrutement-alkimy-casablanca-180998.html,N/A,2026-04-19T00:41:01.280125
rekrute,Chargé commercial | Rabat (Maroc),ALTEN MAROC,Rabat et région - Maroc,CDI,Informatique / Electronique                                                                 - Secteur Automobile / Motos / Cycles,Débutant (-1 an),Bac +5 et plus Minimum - Licence,N/A,"Entreprise : ALTEN MAROC , Filiale du leader mondial de l’ingénierie et du conseil en technologie créé en 2008 et présent à Fès, Rabat, Tétouan et Casablanca, compte aujourd’hui plus de 2200 collaborateurs et vise un centre d’excellence de 3300 ALTENiens en fin 2027 . Elle s’impose aujourd’hui comme un acteur stratégique dans l’accompagnement du développement professionnel des ingénieurs. Notre mission : répondre aux ambitions technologiques de nos clients — grands donneurs d’ordre internationaux — dans les secteurs de l’automobile, du ferroviaire, de la R&D et de l’IT, des télécommunications et des médias. Rejoindre ALTEN Maroc, c’est intégrer un écosystème d’excellence et bénéficier : • D’un parcours de carrière personnalisé et évolutif • D’une politique ambitieuse de développement des compétences • D’un environnement de travail stimulant, collaboratif et porteur de sens | Culture de l'entreprise : Alten Maroc se distingue par une culture profondément collaborative , centrée sur l’humain, la confiance et le soutien entre équipes, avec un management de proximité qui accompagne et fait grandir les talents. Cette dynamique est enrichie par une vraie ouverture à l’innovation , où la créativité, l’initiative et l’expérimentation sont encouragées au quotidien. Le fonctionnement s’appuie aussi sur une organisation structurée , garantissant efficacité, rigueur et qualité dans les projets d’ingénierie. Enfin, l’esprit de performance est présent mais équilibré, soutenant une ambition collective sans nuire au climat bienveillant et participatif. | Poste : Dans le cadre de ce rôle, vos principales missions seront les suivantes : Réception des commandes de clients professionnelles. Lancer les commandes des véhicules avec des spécificités. Suivi de l'état des commandes | Profil recherché : Profil : Bac+2, Bac+3 en gestion, économie, finance Expérience : Entre 6 mois et 2 ans Compétences : Connaissance du process commande de la demande du client jusqu’à la réception du véhicule Français & Anglais à l’oral et à l’écrit Prise de hauteur / recul Connaissances ADV Connaissances en automobile",Recherche de nouveauté | Besoin de réflexion | Besoin d'autonomie | Implication au travail | Ambition,https://www.rekrute.com/offre-emploi-charge-commercial-recrutement-alten-maroc-rabat-181802.html,N/A,2026-04-19T00:41:04.161177
rekrute,Planificateur – Optimisateur | Casablanca (Maroc),N/A (confidentiel),Casablanca et région - Maroc,CDI,Administration des ventes / SAV - Logistique / Transport (métiers de) - Secteur Centre d'appels,Junior (1 à 3 ans) - Intermédiaire (3 à 5 ans),Bac +2 Minimum - BTS / DUT - Ecole de commerce,N/A,"Entreprise : Le Groupe Solutions30 est le partenaire privilégié des entreprises pour la mise en œuvre des nouvelles technologies numériques en Europe et pour l’assistance aux utilisateurs. Leader européen du marché, le Groupe réalise plus de 80 000 interventions par jour grâce à ses 15 000 techniciens et experts , qui accompagnent nos clients pour faire l’expérience d’un monde numérique et connecté. Présente au Maroc depuis 2011 et implantée au cœur de Casablanca , Sol30 Maroc est au cœur du dispositif du Groupe en Afrique du Nord. La filiale joue un rôle clé dans : La conduite d’activités techniques. Le service client pour les entreprises et les particuliers. Le support utilisateur et l’accompagnement de nos techniciens ainsi que les utilisateurs finaux. Les tâches administratives confiées par le siège européen. Rejoindre Sol30 Maroc, c’est intégrer une équipe multiculturelle et polyvalente , où chaque membre contribue activement à la réussite de la transition numérique. En tant qu’acteur clé du secteur, nous accompagnons des entreprises de toutes tailles pour leur permettre de profiter des meilleures innovations technologiques . Vous souhaitez faire partie d’une entreprise en pleine expansion et participer à l’avenir numérique ? Rejoignez-nous dès aujourd'hui et devenez un acteur du monde connecté de demain ! | Culture de l'entreprise : Sol30 évolue dans une culture fortement structurée et orientée organisation , où la rigueur des processus, la fiabilité et l’efficacité constituent les principaux leviers de performance. L’entreprise accorde une importance centrale au respect des règles, à la qualité et à la cohérence des pratiques, dans un cadre managérial coordonné et sécurisant. Cette culture est complétée par une dimension collaborative , favorisant la confiance, l’entraide et le management de proximité. Une orientation performance vient également renforcer l’exigence de résultats, tandis que l’innovation reste volontairement secondaire. | Poste : Missions principales : Dans le cadre de nos activités terrain, nous recherchons un(e) Planificateur / Optimisateur chargé(e) de coordonner et d’optimiser les interventions terrains. À ce titre, vos principales missions seront : Planifier et organiser les interventions terrain (SAV, installations, VTV, maintenance) Assurer la prise de rendez-vous avec les clients en tenant compte des contraintes opérationnelles Optimiser les tournées des techniciens (zones géographiques, priorités, urgences) Suivre l’avancement des interventions et ajuster le planning en temps réel Assurer la coordination entre les équipes techniques, logistiques et clients Vérifier la disponibilité du matériel nécessaire aux interventions Valider, le cas échéant, les commandes de pièces nécessaires à la réalisation des opérations Gérer les imprévus et garantir la satisfaction client | Profil recherché : Profil recherché : Formation Bac+2 à Bac+3 en logistique, gestion, ou équivalent Expérience en planification, ordonnancement ou coordination d’interventions Bonne maîtrise des outils informatiques (Excel, outils de planification, ERP) Sens de l’organisation, réactivité et gestion des priorités Excellentes compétences relationnelles et sens du service client Atouts : Connaissance des outils de gestion d’interventions Notions en gestion de stock ou logistique",Respect des règles | Volonté de persuasion | Rationalisme | Besoin d'action | Implication au travail,https://www.rekrute.com/offre-emploi-planificateur-optimisateur-recrutement-sol30-casablanca-181181.html,N/A,2026-04-19T00:41:06.279379
rekrute,Manager de Rayon Boulangerie-Pâtisserie | Zenata (Maroc),N/A (confidentiel),Casablanca et région - Maroc,CDI,Commercial / Vente / Export                                                                 - Secteur Distribution,Intermédiaire (3 à 5 ans),Bac +2 Minimum - DEUG,"« Label'vie s’engage à prévenir toute forme de discrimination et notamment celles fondées sur le sexe ou la situation et les responsabilités familiales. Label'vie s’engage à promouvoir l’égalité des chances entre les hommes et les femmes, en matière d’accès à l’emploi et à la formation, de conditions de travail, de rémunération, d’évolution de carrière et d’accès à des postes à responsabilité ».","Entreprise : Créé en 1986 et côté à la Bourse de Casablanca depuis 2008, le Groupe marocain LabelVie est un acteur économique de référence et leader de la grande distribution au Maroc. En 2009, à travers la signature du contrat de franchise avec le Groupe Carrefour, il accède à sa centrale d’achat pour optimiser et diversifier son sourcing. Il devient ainsi le premier acteur multi-formats de la grande distribution au Maroc par l’exploitation des hypermarchés Carrefour, des supermarchés Carrefour Market et du format hyper cash Atacadao. Le Groupe LabelVie présente chaque année un plan de développement soutenu renforçant ainsi renforce sa présence territoriale avec ses 121 magasins répartis dans 27 villes du royaume et ses 3 plateformes logistiques. En 2020, il a accueilli 50 millions de visiteurs et a réalisé un chiffre d’affaire de 11 milliards de dirhams. Convaincu que son succès passe à travers le succès de tous les collaborateurs, le Groupe LabelVie est l’un des premiers employeurs privés au Maroc, et place l’humain au centre de toutes ses préoccupations. Ce sont ainsi plus de 8 500 collaborateurs, dont 30% de femmes, qui œuvrent chaque jour à faire du Groupe LabelVie, le leader de la grande distribution au Maroc. Rejoignez un groupe ambitieux qui croit au défi, à la création de valeur ajoutée et à l’engagement sociétal ! | Poste : Poste : Affecté au sein de notre Hypermarché à Casablanca, votre rôle est d'assurer les achats du rayon, la conception/actualisation des fiches techniques des gammes de la boulangerie, pâtisserie et viennoiserie, ainsi que la la mise en place des offres commerciales, et la théâtralisation de votre univers. Pour cela vos domaines d'activités sont: Analyse de la performance Animation Commerciale du rayon Gestion des marchandises Veille concurrentielle Management des équipes | Profil recherché : Profil recherché : De formation BAC+2/3 en Hôtellerie, Boulangerie/Pâtisserie, vous justifiez d’une expérience probante dans la Boulangerie et Pâtisserie durant laquelle vous avez développé les compétences suivantes : Capacité à organiser la gestion des stocks de produit Capacité à effectuer des comptes rendu Capacité à conduire des négociations Capacité à piloter la performance(reporting) de l'activité dans son périmètre et suivre les indicateurs Leadership, Orientation résultats, Force de proposition: impact et persuasion, Sens relationnel & de la communication et Self-control/Gestion du stress et des conflits; sont les atouts et facteurs clés de succès de ce poste. « Label'vie s’engage à prévenir toute forme de discrimination et notamment celles fondées sur le sexe ou la situation et les responsabilités familiales. Label'vie s’engage à promouvoir l’égalité des chances entre les hommes et les femmes, en matière d’accès à l’emploi et à la formation, de conditions de travail, de rémunération, d’évolution de carrière et d’accès à des postes à responsabilité ».",Travail en équipe | Ambition | Créativité,https://www.rekrute.com/offre-emploi-manager-de-rayon-boulangerie-patisserie-recrutement-groupe-labelvie---carrefour-zenata-181800.html,N/A,2026-04-19T00:41:08.363164
rekrute,Manager de Rayon Boulangerie-Pâtisserie | Témara (Maroc),N/A (confidentiel),Rabat et région - Maroc,CDI,Commercial / Vente / Export                                                                 - Secteur Distribution,Intermédiaire (3 à 5 ans),Bac +2 Minimum - DEUG,"« Label'vie s’engage à prévenir toute forme de discrimination et notamment celles fondées sur le sexe ou la situation et les responsabilités familiales. Label'vie s’engage à promouvoir l’égalité des chances entre les hommes et les femmes, en matière d’accès à l’emploi et à la formation, de conditions de travail, de rémunération, d’évolution de carrière et d’accès à des postes à responsabilité ».","Entreprise : Créé en 1986 et côté à la Bourse de Casablanca depuis 2008, le Groupe marocain LabelVie est un acteur économique de référence et leader de la grande distribution au Maroc. En 2009, à travers la signature du contrat de franchise avec le Groupe Carrefour, il accède à sa centrale d’achat pour optimiser et diversifier son sourcing. Il devient ainsi le premier acteur multi-formats de la grande distribution au Maroc par l’exploitation des hypermarchés Carrefour, des supermarchés Carrefour Market et du format hyper cash Atacadao. Le Groupe LabelVie présente chaque année un plan de développement soutenu renforçant ainsi renforce sa présence territoriale avec ses 121 magasins répartis dans 27 villes du royaume et ses 3 plateformes logistiques. En 2020, il a accueilli 50 millions de visiteurs et a réalisé un chiffre d’affaire de 11 milliards de dirhams. Convaincu que son succès passe à travers le succès de tous les collaborateurs, le Groupe LabelVie est l’un des premiers employeurs privés au Maroc, et place l’humain au centre de toutes ses préoccupations. Ce sont ainsi plus de 8 500 collaborateurs, dont 30% de femmes, qui œuvrent chaque jour à faire du Groupe LabelVie, le leader de la grande distribution au Maroc. Rejoignez un groupe ambitieux qui croit au défi, à la création de valeur ajoutée et à l’engagement sociétal ! | Poste : Poste : Affecté au sein de notre Hypermarché à Casablanca, votre rôle est d'assurer les achats du rayon, la conception/actualisation des fiches techniques des gammes de la boulangerie, pâtisserie et viennoiserie, ainsi que la la mise en place des offres commerciales, et la théâtralisation de votre univers. Pour cela vos domaines d'activités sont: Analyse de la performance Animation Commerciale du rayon Gestion des marchandises Veille concurrentielle Management des équipes | Profil recherché : Profil recherché : De formation BAC+2/3 en Hôtellerie, Boulangerie/Pâtisserie, vous justifiez d’une expérience probante dans la Boulangerie et Pâtisserie durant laquelle vous avez développé les compétences suivantes : Capacité à organiser la gestion des stocks de produit Capacité à effectuer des comptes rendu Capacité à conduire des négociations Capacité à piloter la performance(reporting) de l'activité dans son périmètre et suivre les indicateurs Leadership, Orientation résultats, Force de proposition: impact et persuasion, Sens relationnel & de la communication et Self-control/Gestion du stress et des conflits; sont les atouts et facteurs clés de succès de ce poste. « Label'vie s’engage à prévenir toute forme de discrimination et notamment celles fondées sur le sexe ou la situation et les responsabilités familiales. Label'vie s’engage à promouvoir l’égalité des chances entre les hommes et les femmes, en matière d’accès à l’emploi et à la formation, de conditions de travail, de rémunération, d’évolution de carrière et d’accès à des postes à responsabilité ».",Travail en équipe | Ambition | Créativité,https://www.rekrute.com/offre-emploi-manager-de-rayon-boulangerie-patisserie-recrutement-groupe-labelvie---carrefour-temara-181799.html,N/A,2026-04-19T00:41:11.103611
rekrute,Candidature spontanée | Casablanca (Maroc),Avec plus de 3 500 collaborateurs présents sur 5 continents et dans 20 pays,Casablanca et région - Maroc,CDI,Informatique / Electronique                                                                 - Secteur Indifférent,Intermédiaire (3 à 5 ans),Bac +5 et plus Maximum - Ecole d'ingénieur - Ecole de commerce,N/A,"Entreprise : Avec plus de 3 500 collaborateurs présents sur 5 continents et dans 20 pays, VISEO allie agilité et complémentarité de ses expertises pour faire du numérique un véritable levier de compétitivité et de performance. Présente au Maroc depuis 2004, avec plus de 400 consultants qualifiés, VISEO Maroc a développé un savoir-faire reconnu qui la positionne parmi les acteurs majeurs du marché. Nous sommes en mesure de répondre rapidement aux besoins de nos clients grâce à des méthodologies agiles et compétitives. Nos équipes disposent d’une expertise sur de nombreuses solutions et technologies, notamment SAP, Salesforce, Anaplan, Shopify, Cegid, ainsi que sur des technologies de développement telles que Java et .NET. | Culture de l'entreprise : Viseo se distingue par une culture centrée sur la coopération , où la confiance, l’esprit d’équipe et la qualité des relations humaines sont au cœur des pratiques. Le management de proximité favorise

l’accompagnement et l’engagement des collaborateurs dans un environnement collaboratif et responsabilisant. Cette dynamique est soutenue par une organisation structurée , garantissant efficacité et

rigueur, ainsi que par une culture de performance orientée résultats. Une dimension d’innovation , plus modérée, vient compléter l’ensemble en encourageant l’adaptabilité et l’amélioration continue. | Poste : VISEO vous offre la possibilité de déposer une candidature spontanée afin de rejoindre ses équipes et d’être considéré(e) pour de futures opportunités au sein de ses différentes directions. Chez VISEO Maroc, vous évoluez au sein d’un environnement porté par des valeurs fortes : Expertise, Engagement, Esprit d’équipe et Innovation. Nous vous proposons de réelles opportunités de carrière au sein d’un groupe international spécialisé dans la transformation digitale. En nous rejoignant, vous prenez part à une aventure ambitieuse et contribuez à des projets digitaux d’excellence, soutenus par un management de proximité, des processus agiles et une politique active de formation et de développement des compétences. | Profil recherché : Cette opportunité s’adresse aussi bien aux profils expérimentés qu’aux candidats en reconversion souhaitant valoriser leurs compétences techniques et opérationnelles, et évoluer dans un environnement orienté performance et qualité de service. Rejoindre VISEO , c’est bénéficier d’un véritable pied à l’étrier pour démarrer ou accélérer votre carrière. Si vous faites partie de la communauté SAP, Salesforce, GCP, Azure, Web, EPM (Anaplan, Pigment…), Cegid, Talend, Boomi ou S2P, rejoignez une équipe de spécialistes passionnés par leur métier et les nouvelles technologies, et donnez un nouvel élan à votre carrière au sein d’un environnement dynamique et stimulant.",Conventionnel | Rationalisme | Travail en équipe | Implication au travail,https://www.rekrute.com/offre-emploi-candidature-spontanee-recrutement-viseo-casablanca-181663.html,N/A,2026-04-19T00:41:13.581221
rekrute,Chargé(e) de Développement National | Salé (Maroc),Née de la volonté de répondre aux enjeux économiques,Rabat et région - Maroc,CDI,Commercial / Vente / Export - Marketing - Secteur Enseignement / Formation								- Service public / Administration,Junior (1 à 3 ans),Bac +5 et plus Minimum - Licence - Master,N/A,"Entreprise : Née de la volonté de répondre aux enjeux économiques, politiques et sociaux du Maroc et de l'Afrique, l'Université Internationale de Rabat (UIR) est la première une université publique à gestion privée sous contrat avec l'État Marocain. Fondée en 2010, elle est devenue dès ses premières années d'existence un modèle d'établissement innovant conforme aux meilleurs standards internationaux dans le domaine de l'Enseignement Supérieur et de la Recherche. Comptant plus de 8500 étudiants et participants en formation continue, l'UIR propose une offre de formation pluridisciplinaire qui couvre les domaines de l'Ingénierie, de l'Architecture, des Sciences de la Santé, des Sciences Humaines et Sociales, du Management …. En matière de formation continue, l'UIR accompagne les institutions publiques et privées dans le renforcement des capacités de leurs équipes avec des programmes diversifiés d'Executive masters, des licences, des certificats qui couvrent les stratégies sectorielles impulsées par le Maroc. La recherche et l'innovation, constituent également un axe majeur de la stratégie de l'Université qui s'exprime à la fois autour des publications académiques, de la recherche appliquée et d'une politique active de R&D avec près de 540 brevets déposés dont 100 a? l'international, ce qui la classe en tant que 1e?re université au Maroc et en Afrique, en termes de dépôt de brevets (source OMPIC). Jeune, dynamique, citoyenne, notre université qui bénéficie d'une attractivité grandissante et d'une capacité d'innovation reconnue, lance aujourd'hui un ambitieux programme de développement pour atteindre 41.000 étudiants à l'horizon 2040. | Culture de l'entreprise : L’Université Internationale de Rabat (UIR) s’inscrit dans une culture fortement orientée performance et compétitivité , où l’ambition, l’excellence académique et le rayonnement institutionnel constituent des moteurs clés. Cette dynamique s’accompagne d’une dimension innovation marquée , encourageant la recherche, l’expérimentation et le développement de projets à forte valeur ajoutée. La culture est également enrichie par une approche collaborative , favorisant l’engagement des équipes, la transmission des savoirs et le management de proximité. Plus secondairement, des processus structurés viennent soutenir l’efficacité et la fiabilité des activités académiques et administratives. | Poste : Scope Relevant du Responsable du Développement National & International ainsi que du Directeur Académique de Rabat Business School, le/la titulaire du poste a pour mission de concevoir et de déployer la stratégie commerciale visant au recrutement et à l'accompagnement des étudiants nationaux dans les différents programmes de l'école. Missions principales Identifier, attirer et recruter des étudiants pour les programmes proposés par l'école. Participer activement aux salons, forums et événements de recrutement afin de promouvoir l'école et son offre de formation. Concevoir et mettre en œuvre des actions ciblées pour atteindre les objectifs de recrutement. Analyser les tendances du marché et les attentes des étudiants afin d'ajuster la stratégie de développement. Collaborer étroitement avec les départements de scolarité et d'hébergement pour assurer un accompagnement optimal tout au long parcours étudiant. Contribuer à la coordination des activités d'intégration des étudiants sur le campus. Organiser et superviser des événements promotionnels pour renforcer la notoriété de l'école. Élaborer des rapports d'activité et présenter les résultats obtenus au management. | Profil recherché : Compétences opérationnelles Excellentes capacités de communication et d'interaction. Organisation, autonomie et sens des priorités. Capacité à collaborer avec des équipes pluridisciplinaires. Maîtrise des outils bureautiques et de gestion de projet. Bonne connaissance du secteur de l'enseignement supérieur au Maroc et de ses acteurs. Compétences comportementales Disponibilité pour des déplacements fréquents dans différentes villes du Royaume. Fort sens du conseil et du développement commercial. Autonomie, initiative et réactivité. Rigueur et sens de l'organisation. Qualités relationnelles et interpersonnelles pour interagir efficacement avec étudiants et parents. Capacité à travailler en équipe comme en autonomie dans un environnement orienté service. Goût prononcé pour le contact et travail avec le public. Aptitude à gérer les priorités et à respecter les délais. Profil recherché Formation Bac+4/5, idéalement en marketing ou commerce. 2 à 4 ans d'expérience professionnelle dans le marketing, le développement commercial ou les relations publiques. Une expérience confirmée en développement commercial ou marketing est indispensable",Recherche de nouveauté | Extraversion | Volonté de persuasion | Intuition / Spontanéité | Flexibilité | Equilibre personnel | Ambition | Organisation,https://www.rekrute.com/offre-emploi-chargee-de-developpement-national-recrutement-universite-internationale-de-rabat-uir-sale-180438.html,N/A,2026-04-19T00:41:15.950781
rekrute,Développeur Confirmé (.NET / WinForms / Visual Basic) | Rabat (Maroc),ALTEN MAROC,Rabat et région - Maroc,CDI,Informatique / Electronique                                                                 - Secteur Informatique,Confirmé (5 à 10 ans),Bac +5 et plus Minimum - Master,N/A,"Entreprise : ALTEN MAROC , Filiale du leader mondial de l’ingénierie et du conseil en technologie créé en 2008 et présent à Fès, Rabat, Tétouan et Casablanca, compte aujourd’hui plus de 2200 collaborateurs et vise un centre d’excellence de 3300 ALTENiens en fin 2027 . Elle s’impose aujourd’hui comme un acteur stratégique dans l’accompagnement du développement professionnel des ingénieurs. Notre mission : répondre aux ambitions technologiques de nos clients — grands donneurs d’ordre internationaux — dans les secteurs de l’automobile, du ferroviaire, de la R&D et de l’IT, des télécommunications et des médias. Rejoindre ALTEN Maroc, c’est intégrer un écosystème d’excellence et bénéficier : • D’un parcours de carrière personnalisé et évolutif • D’une politique ambitieuse de développement des compétences • D’un environnement de travail stimulant, collaboratif et porteur de sens | Culture de l'entreprise : Alten Maroc se distingue par une culture profondément collaborative , centrée sur l’humain, la confiance et le soutien entre équipes, avec un management de proximité qui accompagne et fait grandir les talents. Cette dynamique est enrichie par une vraie ouverture à l’innovation , où la créativité, l’initiative et l’expérimentation sont encouragées au quotidien. Le fonctionnement s’appuie aussi sur une organisation structurée , garantissant efficacité, rigueur et qualité dans les projets d’ingénierie. Enfin, l’esprit de performance est présent mais équilibré, soutenant une ambition collective sans nuire au climat bienveillant et participatif. | Poste : Dans le cadre de ce rôle, vos principales missions seront les suivantes : Développer et maintenir des applications WinForms en .NET et Visual Basic Participer aux revues de code et à l’amélioration continue Analyser les besoins et contribuer à la conception des solutions Produire un code propre, maintenable et documenté | Profil recherché : Profil : Bac+5 Expérience : 5 à 8ans Compétences : Bonne maîtrise de WinForms, .NET Framework et Visual Basic Connaissance des bases de données relationnelles (SQL) Capacité à travailler en équipe Bon niveau d’anglais Expérience en migration ou modernisation d’applications existantes Expérience avec les outils de gestion de version (ex. Git)",Recherche de nouveauté | Besoin de réflexion | Besoin d'autonomie | Implication au travail | Ambition,https://www.rekrute.com/offre-emploi-developpeur-confirme-.net-winforms-visual-basic-recrutement-alten-maroc-rabat-181798.html,N/A,2026-04-19T00:41:18.092839
rekrute,Dev Fullstack Sénior Vue.js / PHP / Drupal | Rabat (Maroc),ALTEN MAROC,Rabat et région - Maroc,CDI,Informatique / Electronique                                                                 - Secteur Informatique,Confirmé (5 à 10 ans),Bac +5 et plus Minimum - Master,N/A,"Entreprise : ALTEN MAROC , Filiale du leader mondial de l’ingénierie et du conseil en technologie créé en 2008 et présent à Fès, Rabat, Tétouan et Casablanca, compte aujourd’hui plus de 2200 collaborateurs et vise un centre d’excellence de 3300 ALTENiens en fin 2027 . Elle s’impose aujourd’hui comme un acteur stratégique dans l’accompagnement du développement professionnel des ingénieurs. Notre mission : répondre aux ambitions technologiques de nos clients — grands donneurs d’ordre internationaux — dans les secteurs de l’automobile, du ferroviaire, de la R&D et de l’IT, des télécommunications et des médias. Rejoindre ALTEN Maroc, c’est intégrer un écosystème d’excellence et bénéficier : • D’un parcours de carrière personnalisé et évolutif • D’une politique ambitieuse de développement des compétences • D’un environnement de travail stimulant, collaboratif et porteur de sens | Culture de l'entreprise : Alten Maroc se distingue par une culture profondément collaborative , centrée sur l’humain, la confiance et le soutien entre équipes, avec un management de proximité qui accompagne et fait grandir les talents. Cette dynamique est enrichie par une vraie ouverture à l’innovation , où la créativité, l’initiative et l’expérimentation sont encouragées au quotidien. Le fonctionnement s’appuie aussi sur une organisation structurée , garantissant efficacité, rigueur et qualité dans les projets d’ingénierie. Enfin, l’esprit de performance est présent mais équilibré, soutenant une ambition collective sans nuire au climat bienveillant et participatif. | Poste : Dans le cadre de ce rôle, vos principales missions seront les suivantes : Vue.js / JavaScript : Développement d’interfaces web modernes, réactives et maintenables orientées performance et expérience utilisateur. (conception de composants réutilisables, gestion d'état complexe, performance Web) PHP / Laravel : Conception et développement d’applications backend robustes, structurées et évolutives. (API Rest, gestion des flux de données promotionnelles). Drupal 7 : intégration avec des backends existants, gestion de contenu, personnalisation de modules. Clean Architecture : Structuration du code pour garantir testabilité, maintenabilité et évolutivité des applications. CI/CD : Mise en place et optimisation de pipelines d’intégration et de déploiement continu pour applications web et mobiles. Redis : Utilisation de Redis pour la mise en cache, la gestion de sessions et l’optimisation des performances applicatives. Contribution à l’amélioration de la qualité du produit : tests unitaires, d’intégration et end-to-end. | Profil recherché : Diplôme : Bac+5 Expérience : 5 à 8ans Compétences : Connaissance des méthodes de gestion de projet en Agilité (Scrum, Sprint Planning,Backlog…) Excellente communication écrite et orale : Bonne communication écrite et orale en français pour des interactions fluides avec le métier. Esprit d'analyse et d'amélioration continue : Capacité à évaluer le code et ses impacts, ainsi qu'à remettre en question les solutions existantes pour les améliorer. Capacité de prise de recul : Aptitude à évaluer les problématiques avec objectivité et à proposer des solutions d'amélioration. Capacité à respecter les délais tout en maintenant des standards élevés. Esprit d'équipe : Capacité à collaborer efficacement avec les membres de l'équipe pour atteindre des objectifs communs",Recherche de nouveauté | Besoin de réflexion | Besoin d'autonomie | Implication au travail | Ambition,https://www.rekrute.com/offre-emploi-dev-fullstack-senior-vue.js-php-drupal-recrutement-alten-maroc-rabat-181797.html,N/A,2026-04-19T00:41:20.168409
rekrute,"Administrateur Atlassian (Jira Software, Jira Service Management, Confluence) | Rabat (Maroc)",ALTEN MAROC,Rabat et région - Maroc,CDI,Informatique / Electronique                                                                 - Secteur Informatique,Intermédiaire (3 à 5 ans),Bac +5 et plus Minimum - Master,N/A,"Entreprise : ALTEN MAROC , Filiale du leader mondial de l’ingénierie et du conseil en technologie créé en 2008 et présent à Fès, Rabat, Tétouan et Casablanca, compte aujourd’hui plus de 2200 collaborateurs et vise un centre d’excellence de 3300 ALTENiens en fin 2027 . Elle s’impose aujourd’hui comme un acteur stratégique dans l’accompagnement du développement professionnel des ingénieurs. Notre mission : répondre aux ambitions technologiques de nos clients — grands donneurs d’ordre internationaux — dans les secteurs de l’automobile, du ferroviaire, de la R&D et de l’IT, des télécommunications et des médias. Rejoindre ALTEN Maroc, c’est intégrer un écosystème d’excellence et bénéficier : • D’un parcours de carrière personnalisé et évolutif • D’une politique ambitieuse de développement des compétences • D’un environnement de travail stimulant, collaboratif et porteur de sens | Culture de l'entreprise : Alten Maroc se distingue par une culture profondément collaborative , centrée sur l’humain, la confiance et le soutien entre équipes, avec un management de proximité qui accompagne et fait grandir les talents. Cette dynamique est enrichie par une vraie ouverture à l’innovation , où la créativité, l’initiative et l’expérimentation sont encouragées au quotidien. Le fonctionnement s’appuie aussi sur une organisation structurée , garantissant efficacité, rigueur et qualité dans les projets d’ingénierie. Enfin, l’esprit de performance est présent mais équilibré, soutenant une ambition collective sans nuire au climat bienveillant et participatif. | Poste : Dans le cadre de ce rôle, vos principales missions seront les suivantes : Le développement et la maintenance des outils Atlassian Data Center (on-premise) La préparation et l’accompagnement pour la migration vers la version Cloud (SaaS) | Profil recherché : Profil : Bac +5 Expérience : 3 à 5ans Compétences : Maitrise avancée des outils Jira Software, Jira Service Management et Confluence Langages : Java, Groovy, JavaScript, HTML, CSS, PowerShell, JSON et SQL Intégrations : API REST, Webhoks, CI/CD (Git, Azure DevOps…) Méthodologies : Agile (Scrum/Kanban), ITIL et SAFe",Recherche de nouveauté | Besoin de réflexion | Besoin d'autonomie | Implication au travail | Ambition,https://www.rekrute.com/offre-emploi-administrateur-atlassian-jira-software-jira-service-management-confluence-recrutement-alten-maroc-rabat-181796.html,N/A,2026-04-19T00:41:22.600888
rekrute,Scrum Master | Rabat (Maroc),ALTEN MAROC,Rabat et région - Maroc,CDI,Informatique / Electronique                                                                 - Secteur Informatique,Confirmé (5 à 10 ans),Bac +5 et plus Minimum - Master,N/A,"Entreprise : ALTEN MAROC , Filiale du leader mondial de l’ingénierie et du conseil en technologie créé en 2008 et présent à Fès, Rabat, Tétouan et Casablanca, compte aujourd’hui plus de 2200 collaborateurs et vise un centre d’excellence de 3300 ALTENiens en fin 2027 . Elle s’impose aujourd’hui comme un acteur stratégique dans l’accompagnement du développement professionnel des ingénieurs. Notre mission : répondre aux ambitions technologiques de nos clients — grands donneurs d’ordre internationaux — dans les secteurs de l’automobile, du ferroviaire, de la R&D et de l’IT, des télécommunications et des médias. Rejoindre ALTEN Maroc, c’est intégrer un écosystème d’excellence et bénéficier : • D’un parcours de carrière personnalisé et évolutif • D’une politique ambitieuse de développement des compétences • D’un environnement de travail stimulant, collaboratif et porteur de sens | Culture de l'entreprise : Alten Maroc se distingue par une culture profondément collaborative , centrée sur l’humain, la confiance et le soutien entre équipes, avec un management de proximité qui accompagne et fait grandir les talents. Cette dynamique est enrichie par une vraie ouverture à l’innovation , où la créativité, l’initiative et l’expérimentation sont encouragées au quotidien. Le fonctionnement s’appuie aussi sur une organisation structurée , garantissant efficacité, rigueur et qualité dans les projets d’ingénierie. Enfin, l’esprit de performance est présent mais équilibré, soutenant une ambition collective sans nuire au climat bienveillant et participatif. | Poste : Dans le cadre de ce rôle, vos principales missions seront les suivantes : Pilotage & Organisation Planifier et suivre les tâches des membres des équipes Nova/Boulanger Gérer les priorités et répartir efficacement la charge de travail Mettre en place et suivre les backups pour chaque activité clé Collecter les données nécessaires au suivi des KPI et à la performance projet Animation Agile & Performance Animer les cérémonies Scrum (Daily, Sprint Planning, Review, Rétrospective) Faciliter le travail quotidien de l’équipe en levant les obstacles Identifier les points de blocage et remonter les alertes au management Détecter les signaux faibles au sein de l’équipe et assurer une communication proactive Accompagnement & Développement Accompagner la montée en compétences des nouvelles recrues Favoriser la collaboration et l’amélioration continue Maintenir un environnement de travail motivant et orienté performance | Profil recherché : Diplôme : Bac +5 Expérience : 5 ans et plus Compétences : Leadership et capacité à fédérer Communication assertive et diplomatie face au client Esprit de soutien et d’accompagnement d’équipe Résistance au stress et gestion des situations complexes Sens de l’organisation et proactivité",Recherche de nouveauté | Besoin de réflexion | Besoin d'autonomie | Implication au travail | Ambition,https://www.rekrute.com/offre-emploi-scrum-master-recrutement-alten-maroc-rabat-181795.html,N/A,2026-04-19T00:41:25.984482
rekrute,Help Desk  Sage X3 H/F | Meknès (Maroc),N/A (confidentiel),Meknès et région - Maroc,CDI,Informatique / Electronique                                                                 - Secteur Autres Industries								- Autres services,Débutant (-1 an) - Junior (1 à 3 ans),Bac +2 Minimum - BTS / DUT,N/A,"Entreprise : Groupe industriel et commercial d'envergure nationale, reconnu pour son expertise dans divers secteurs stratégiques, recherche à renforcer ses équipes dans le cadre de son développement continu. Fort d'une présence établie sur le marché marocain, le groupe se distingue par son engagement envers l'excellence, l'innovation et la durabilité. Nous offrons un environnement stimulant, propice à l'évolution professionnelle, au sein d'une structure valorisant la performance et la collaboration. | Poste : Fournir un support technique de premier niveau aux utilisateurs (matériel, logiciel, réseau). Diagnostiquer et résoudre les incidents informatiques rapidement. Assurer le suivi et la traçabilité des tickets via le système de gestion. Installer, configurer et maintenir le matériel et les logiciels. Participer à la documentation et à la formation des utilisateurs. Bonne connaissance de système Sage X3 | Profil recherché : Diplôme Bac+2/3 en informatique ou équivalent. Bonne connaissance des systèmes d’exploitation Windows/Linux et des outils bureautiques. Capacité à diagnostiquer et résoudre des problèmes techniques rapidement. Sens du service, patience et esprit d’équipe. La connaissance des réseaux et de la sécurité informatique est un plus.",Recherche de nouveauté | Ambition | Besoin de réflexion | Besoin d'autonomie | Implication au travail,https://www.rekrute.com/offre-emploi-help-desk-sage-x3-hf-recrutement-confidentiel-meknes-181219.html,N/A,2026-04-19T00:41:28.638434
rekrute,Conseiller Commercial | Tanger (Maroc),L'expert des solutions financières Créée en 1996,Tanger et région - Maroc,CDI,Banque (métiers de la) - Centre d'appels (métiers de) - Secteur Banque / Finance								- Centre d'appels,Junior (1 à 3 ans),Bac +3 Minimum - Licence - Master,- Salaire Net 5130 Dhs + Primes déplafonnées pouvant atteindre 30.000 Dhs et plus.,"Entreprise : L'expert des solutions financières Créée en 1996, PARTNERS FINANCES est une société experte en solutions financières de restructuration et de réaménagement de crédits. Leader de l’intermédiation en regroupement de crédits sur le marché français en tant que IOBSP, elle doit sa notoriété à son savoir-faire et à son engagement au service de la clientèle et de ses partenaires. Son implantation sur l’hexagone, son expertise et son respect du cadre législatif et réglementaire en ont fait un acteur incontournable de l’intermédiation bancaire. Nous sommes une entreprise ambitieuse, toujours en quête de développement, valorisant les efforts liés aux performances commerciales et favorisant le développement des compétences individuelles et collectives. | Culture de l'entreprise : ELOAN se distingue par une culture fortement orientée vers la performance et la compétition , où l’ambition, le goût du challenge et l’atteinte d’objectifs chiffrés constituent des moteurs clés. Cette dynamique est presque équivalemment complétée par une culture de coopération , plaçant l’humain, la confiance et la responsabilisation au cœur du fonctionnement, avec un management de proximité favorisant l’accompagnement et l’engagement des équipes. Une dimension d’ organisation vient structurer l’ensemble, garantissant rigueur, fiabilité des processus et efficacité opérationnelle. L’ innovation , quant à elle, occupe une place très limitée et s’inscrit de manière marginale dans la culture globale. | Poste : Nous sommes à la recherche des Conseillers en Regroupement de Crédit. En tant qu’intermédiaire entre le client et nos partenaires bancaires, vous serez au cœur de l’accompagnement des projets de financement de nos clients. Missions : - Prospecter et conseiller les clients dans le cadre du regroupement de crédits. - Identifier les besoins et proposer les solutions adaptées.- Assurer un suivi commercial de qualité pour fidéliser la clientèle. - Atteindre les objectifs de performance fixés par la direction. - Conduire des entretiens pour cerner les besoins des clients et proposer des solutions pour bénéficier des crédits bancaires sur mesure. - Réaliser des simulations et analyser les situations financières. - Monter les dossiers et assurer le suivi jusqu’au déblocage des fonds. - Relancer les clients pour optimiser les retours. - Négocier les meilleures conditions auprès de nos banques partenaires. | Profil recherché : - De formation Bac+5 en Banque, Finance, Commerce - Vous avez une expérience significative dans la vente et le conseil auprès d’une clientèle de particuliers - Vous appréciez plus particulièrement la relation client par téléphone - Vous faites preuve au quotidien de polyvalence, de réactivité et de rigueur - Dynamique, avec un sens de l’écoute et du relationnel développé, vous aimez vous dépasser et être rémunéré à la hauteur de vos performances - Parfaite maîtrise de la langue française, à l'oral comme à l'écrit. - Une expérience significative dans un poste commercial ou de chargé(e) de clientèle. - Une réelle appétence pour les objectifs commerciaux. - Une aisance dans la relation client, particulièrement par téléphone. - Polyvalence, réactivité et rigueur sont vos maîtres-mots Ce que nous offrons : - Salaire Net 5130 Dhs + Primes déplafonnées pouvant atteindre 30.000 Dhs et plus. -Formation complète (IOBSP) pour monter en compétences rapidement. - Horaires fixes et poste sédentaire : équilibre pro/perso assuré. - Panier Ramadan & Primes de l'Aid Kbir ( Nous ne travaillons pas ) - Conventions avec des Banques/Opticiens/Hôpitaux/Médecins/Hotels/Salles de fitness - Mutuelle prise en charge par l'employeur à 100% - CIMR - Avance sur salaire - Pleins d'autres avantages",Respect des règles | Volonté de persuasion | Distance émotionnelle | Besoin d'action | Travail en équipe | Conventionnel | Implication au travail | Organisation,https://www.rekrute.com/offre-emploi-conseiller-commercial-recrutement-eloan-tanger-181794.html,N/A,2026-04-19T00:41:31.753152
rekrute,QoS Analyst (H/F) | Rabat (Maroc),AXA Services Maroc,Rabat et région - Maroc,CDI,Informatique / Electronique                                                                 - Secteur Informatique,Confirmé (5 à 10 ans),Bac +3 Minimum - Licence - Master,N/A,"Entreprise : AXA Services Maroc est le centre d'expertise en relation client au Maroc des sociétés : AXA France, AXA Direct France, AXA Assistance, AXA Belgique et AXA Suisse Présents à Rabat depuis mai 2004 et à Kénitra depuis 2024, nous sommes à ce jour plus de 4 500 collaborateurs. Nous rejoindre : C'est choisir la première marque d'assurance mondiale C'est bénéficier d'une multitude d'avantages bien au-delà des normes du marché C'est évoluer dans un environnement valorisant proposant une diversité de métiers C'est intégrer un groupe responsable, offrant une véritable culture d'entreprise, basée sur le développement des compétences de chacun Nos métiers : Le savoir-faire de nos équipes couvre les principaux métiers de l'assurance : La vente de contrats La gestion des contrats assurances de dommages et des personnes La gestion des sinistres Auto et Habitation Le règlement des prestations Santé La mise en jeu des garanties Assistance La prise de rendez-vous pour le compte de nos Agents Généraux La gestion des contrats Epargne | Culture de l'entreprise : Axa Services Maroc évolue dans une culture largement orientée coopération , où l’humain, la confiance et la qualité des relations constituent des piliers essentiels. L’entreprise encourage un management de proximité, fondé sur l’accompagnement, la responsabilisation et l’esprit d’équipe. Cette dynamique collaborative est structurée par des pratiques organisationnelles solides, garantissant rigueur, fiabilité et efficacité opérationnelle. Elle est complétée par une exigence de performance et une ouverture mesurée à l’innovation, au service des objectifs collectifs. | Poste : En qualité de QOS Analyst, votre mission principale serait de garantir la satisfaction des utilisateurs en assurant un niveau optimal de performance, de disponibilité et de fiabilité des services IT qui leur sont affectés (applications et infrastructure). Vous serez amené à superviser, assurer la gestion opérationnelle et projets: - Assurer la qualité du service fourni par l'application et l'infrastructure auprès des utilisateurs - Définir, suivre et améliorer les indicateurs de performance (KPIs) liés à la qualité - Superviser la gestion des incidents, des bugs et des demandes d'assistance - Mettre en place des processus pour garantir la satisfaction client et réduire les dysfonctionnements - Collaborer avec les équipes de développement, de support technique et de produit pour identifier et résoudre les problèmes - Analyser les retours utilisateurs et proposer des actions correctives - Rédiger des rapports réguliers sur la qualité du service et les axes d'amélioration - Animer les gouvernances liées à la qualité du service avec les parties prenantes internes et externes - Mettre à jour la CMDB (Configuration Management Database) - Mettre en place et suivre un processus de gestion du changement (change management) afin de maîtriser les risques liés aux changements. - Suivre et gérer les incidents majeurs, en prenant en charge leur résolution et en gérant les escalades - Participer à l'animation de dispositifs exceptionnels (taskforce, OpenLAB) en cas d’incident majeur, crise ou problème. - Participer à la définition du backlog produit : prioriser les fonctionnalités à développer en fonction de leur valeur ajoutée et des retours utilisateurs. - Contribuer au suivi et à l’évaluation de l’efficacité des projets locaux dans son périmètre. | Profil recherché : De formation supérieure de Bac + 3 à Bac + 4 vous avez une : • Expérience en gestion de la qualité ou support client • Maîtrise des outils de suivi et de gestion des incidents (Jira et/ou ServiceNow.) • Bonne connaissance des environnements applicatives (RH, Finances ..) • Bonne maîtrise des processus ITIL, notamment la gestion du changement (Change Management), ainsi que d'autres processus clés tels que la gestion des incidents, la gestion des problèmes et la gestion des configurations. • Excellente capacité d’analyse, de communication et de gestion de projet • Orientation client et sens du service",Recherche de nouveauté | Besoin de réflexion | Besoin d'autonomie | Implication au travail | Ambition,https://www.rekrute.com/offre-emploi-qos-analyst-hf-recrutement-axa-services-maroc-rabat-181793.html,N/A,2026-04-19T00:41:34.694376
rekrute,Chargé(e) de recrutement Junior | Casablanca (Maroc),Présent depuis 1997 au Maroc,Casablanca et région - Maroc,CDI,RH / Personnel / Formation                                                                 - Secteur Recrutement / Intérim,Débutant (-1 an),Bac +3 Minimum - Ecole de commerce,N/A,"Entreprise : Présent depuis 1997 au Maroc, Manpower Group est un acteur international incontournable de l’emploi et de l’insertion sociale dans le monde. Au sein du Royaume Chérifien, nous couvrons l’ensemble du territoire, de Tanger à Laayoune. Nos équipes sont formées pour appuyer les entreprises dans la promotion de l’excellence en matière de gestion du capital humain : Intérim, CDD/CDI, Solutions & Ingénierie RH, Développement du capital humain… Pour nos salariés intérimaires , nous proposons une expérience unique, notamment avec la déclaration de 100% des heures travaillées, la mise en place d’une mutuelle pour tous et un accompagnement personnalisé pour les démarches administratives (bancarisation, CNSS…). Pour nos candidats , nous offrons, conformément aux standards mondiaux de Manpower Group, un processus de sélection, d’évaluation et d’accompagnement à la réussite dans leur nouvelle mission. | Poste : - Gérer les demandes de recrutement des différentes filiales du groupe et des Clients. - Faire le sourcing dans les bases de données de la société ou sur les jobboards et les plateformes disponibles - Chasser les profils à haute valeur ajoutée Effectuer des présélections téléphoniques Réaliser des entretiens à distance. | Profil recherché : Nous sommes à la recherche des profils recruteurs à fort potentiel : - Passionné(e) par le monde du recrutement, la chasse et la détection des talents -un Diplôme supérieure (Bac+3 / Bac+4) avec une spécialité RH de préférence, Français : Bon niveau.",Recherche de nouveauté | Extraversion | Besoin d'objectivité | Besoin d'autonomie | Implication au travail,https://www.rekrute.com/offre-emploi-chargee-de-recrutement-junior-recrutement-manpower-agences-casablanca-181792.html,N/A,2026-04-19T00:41:39.066651
rekrute,Consultores catalanes/españoles - Back Office y llamadas salientes (H/F) | Casablanca (Maroc),N/A (confidentiel),Casablanca et région - Maroc,CDI,Commercial / Vente / Export - Centre d'appels (métiers de) - Secteur Offshoring / Nearshoring								- Offshoring / Nearshoring,Junior (1 à 3 ans),Bac +2 Minimum - Baccalauréat - Licence,N/A,"Entreprise : Créé en 2003, le groupe OUTSOURCIA est un opérateur spécialisé dans les métiers de l'outsourcing : gestion de la relation client à distance, multiservice, multilingue et multicanal (centres d'appels, gestion des e-mails, solutions de chats, télémarketing et relation client sur les réseaux sociaux), externalisation de métiers de Back Office (BPO), prestations digitales (développement d'applications spécifiques, web ou mobiles, communication digitale et Community Management) et études. À ce jour, OUTSOURCIA, emploie 3600 collaborateurs sur 12 sites de production au Maroc, en France, en Tunisie, à Madagascar et accompagne des clients de renom tels que : Aquarelle, Renault, Total, Orange, Histoire d'Or, Manutan, Marionnaud, Mister Auto, Seloger.com, Veepee, etc. Pour en savoir plus visitez www.outsourcia.com | Culture de l'entreprise : Outsourcia évolue dans une culture principalement orientée vers la performance et la compétition , où l’ambition, le goût du challenge et l’atteinte d’objectifs mesurables constituent des moteurs essentiels. L’entreprise valorise le dépassement de soi, la compétitivité et une forte orientation client, dans une logique de résultats et de positionnement sur le marché. Cette dynamique est complétée par une dimension humaine et collaborative , favorisant la cohésion des équipes, la responsabilisation et le management de proximité. L’innovation et des processus structurés viennent soutenir l’efficacité et l’adaptabilité de l’organisation. | Poste : ¿Te apasiona la relación con el cliente y dominas perfectamente el catalán y el español? ¿Buscas un entorno dinámico donde puedas desarrollar tus habilidades? ¡Esta oportunidad es para ti! Tu misión: - Gestionar solicitudes clientes en BackOffice - Realizar llamadas salientes (outbound) con profesionalismo y empatía - Garantizar una experiencia cliente de alta calidad - Tratar y resolver incidencias con eficacia | Profil recherché : - Dominio nativo o bilingüe de catalán y español (oral y escrito) - Experiencia previa en servicio al cliente y/o backoffice (muy valorada) - Excelentes habilidades de comunicación y orientación al cliente - Capacidad de organización, rigor y proactividad",Volonté de persuasion | Extraversion | Intuition / Spontanéité | Ambition | Recherche de nouveauté | Respect des règles | Distance émotionnelle | Implication au travail,https://www.rekrute.com/offre-emploi-consultores-catalanesespanoles---back-office-y-llamadas-salientes-hf-recrutement-outsourcia-casablanca-181791.html,N/A,2026-04-19T00:41:42.200640
rekrute,Talent Acquisition Specialist IT -RPO | Sala Al Jadida (Maroc),N/A (confidentiel),Rabat et région - Maroc,CDI,RH / Personnel / Formation - Informatique / Electronique - Secteur Informatique								- Internet / Multimédia,Junior (1 à 3 ans) - Intermédiaire (3 à 5 ans),Bac +5 et plus Minimum - Master,N/A,"Entreprise : Entreprise : Econocom est un groupe européen de services, spécialisé depuis plus de 25 ans dans la gestion des ressources informatiques et de télécommunications des entreprises. Les prestations d’Econocom comprennent les services d’exploitation (infogérance, maintenance et conseil), l’approvisionnement en produits et solutions IT, les services télécoms, le financement et la gestion d’actifs. Le centre de Rabat (Maroc), centre opérationnel du Remote Services Center européen de l’activité de Services d’Econocom, a pour mission d’assurer un support clients efficace auprès des comptes existants et de contribuer à la conquête de nouveaux clients. | Culture de l'entreprise : Econocom Maroc s’inscrit dans une culture principalement orientée vers la coopération , plaçant l’humain, la confiance et la qualité des relations au cœur de son fonctionnement. Le management de proximité favorise l’accompagnement, la responsabilisation et le développement des compétences au sein d’équipes solidaires. Cette dynamique est renforcée par une dimension de compétition , soutenant l’ambition, la performance et l’orientation résultats. Elle repose également sur une culture d’ organisation structurée, garantissant rigueur et fiabilité des processus, tout en intégrant une composante d’ innovation encourageant l’adaptabilité et l’initiative. | Poste : Vous serez responsable du process de recrutement IT, en étroite collaboration avec les équipes business et opérationnelles. Dans ce cadre, vos responsabilités seront notamment : Gestion du process de recrutement : Définition des besoins avec les opérationnels, Rédaction et diffusion des annonces, Recherche des profils (sourcing et chasse) via les cvthèques, les réseaux sociaux (LinkedIn) et nos partenaires, Mise en place d'opérations de cooptation, recrutement via événementiel Réalisation des entretiens et rédaction des comptes rendus d'entretiens, Suivi des candidatures transmises aux opérationnels et pilotage du vivier actif. Reporting et saisie de tableaux de bord. Vous aurez à disposition l'ensemble des outils de sourcing et de gestion de candidatures nécessaires pour mener à bien votre mission (accès jobboards, compte LinkedIn, ATS Beetween, plateforme interne d'intégration, etc.) | Profil recherché : Bac+5 en Management de Ressources Humaines ou équivalent Une expérience min de 2 ans dans le recrutement des profils IT Solide connaissance des outils de sourcing et job boards Bonne connaissance des outils de communication RH et marque enmployeur Bonnes connaissances des techniques de recrutement et d’interviewing Bonne communication écrite et orale (Vous maîtrisez parfaitement le français et vous parlez couramment l'anglais) Maîtrise de l’outil informatique Savoir être : L'écoute L'autonomie La rigueur La persuasion L'implication Un bon sens du relationnel Un esprit d'analyse et de synthèse Un bon sens d'organisation et du planning Esprit d'équipe Dynamique, Preneur (euse) d'initiatives",Recherche de nouveauté | Respect des règles | Travail en équipe | Equilibre personnel,https://www.rekrute.com/offre-emploi-talent-acquisition-specialist-it--rpo-recrutement-econocom-maroc-sala-al-jadida-181312.html,N/A,2026-04-19T00:41:44.804903
rekrute,Payroll & Reporting Sr Specialist | Kenitra (Maroc),YAZAKI’s,Kénitra et région - Maroc,CDI,RH / Personnel / Formation                                                                 - Secteur Automobile / Motos / Cycles,Intermédiaire (3 à 5 ans),Bac +5 et plus - Master,"La gestion complète du cycle de la paie , de la collecte des éléments variables à la génération des bulletins de salaire, en garantissant l'exactitude et le respect des réglementations en vigueur.","Entreprise : YAZAKI’s timeline of success dates back to 1929 when Sadami YAZAKI began selling wiring harnesses for automobiles. As a truly global company deeply rooted in Japanese cultural traditions and values, YAZAKI strives to be a reliable partner to its customers as well as a promoter of environmental sustainability throughout the world. We are especially proud to be the world's largest producer of wiring harnesses and at the same time offering environmental systems, with emphasis on energy-related equipment. As part of Yazaki activities growth in Morocco , we are hiring currently several positions ! | Culture de l'entreprise : Yazaki Morocco s’appuie sur une culture dominée par l’innovation , encourageant la créativité, l’expérimentation et l’initiative individuelle pour accompagner son évolution industrielle. Cette dynamique est soutenue par une culture collaborative affirmée , qui valorise la coopération, la confiance et le management de proximité. L’entreprise intègre également une exigence de performance et de compétitivité , orientée vers l’atteinte d’objectifs concrets. Enfin, une structure organisationnelle solide garantit la rigueur des processus et la fiabilité opérationnelle. | Poste : Rejoignez une entreprise dynamique du secteur de l' Automobile / Motos / Cycles en tant que Payroll & Reporting Sr Specialist . Ce poste stratégique est basé à Kenitra , au cœur de l'effervescence industrielle du Maroc. L'opportunité est idéale pour un professionnel expérimenté cherchant à relever de nouveaux défis et à contribuer activement à la performance d'une structure reconnue. Intégrer l'équipe des ressources humaines et prendre en charge l' excellence opérationnelle de la gestion de la paie. L'objectif principal est d'assurer la fiabilité et la conformité des processus paie et reporting, tout en apportant une expertise pour l'amélioration continue des systèmes et des procédures. Contribuer activement à la production d'informations clés pour la prise de décision stratégique. Vos missions principales incluront : La gestion complète du cycle de la paie , de la collecte des éléments variables à la génération des bulletins de salaire, en garantissant l'exactitude et le respect des réglementations en vigueur. La production des déclarations sociales et fiscales dans les délais impartis. L'élaboration et l'analyse de rapports RH pertinents (effectifs, absentéisme, masse salariale, etc.). La participation à l' optimisation des processus paie et administration du personnel. Le support aux collaborateurs et managers sur les questions relatives à la paie et aux avantages sociaux. La veille réglementaire pour assurer la conformité des pratiques de l'entreprise. La collaboration avec les équipes internes (finance, informatique) et les partenaires externes. | Profil recherché : Un diplôme de Bac +5 et plus est requis, idéalement dans le domaine des Ressources Humaines , de la Gestion du Personnel ou de la Formation. Une expérience professionnelle de 3 à 5 ans dans la gestion de la paie et le reporting RH est indispensable. Une expérience dans le secteur de l'automobile ou un environnement industriel similaire serait un atout majeur. Maîtrise approfondie de la législation sociale et fiscale marocaine. Excellente connaissance des logiciels de paie et des outils de reporting. Capacité avérée à analyser des données complexes et à produire des rapports synthétiques et pertinents . Rigueur , organisation et sens aigu du détail. Excellent relationnel et aptitude à travailler en équipe. Autonomie, proactivité et force de proposition. Maîtrise des outils bureautiques, notamment Excel . Si vous vous reconnaissez dans cette description et que ce nouveau challenge vous motive, n'attendez plus et postulez rapidement !",Respect des règles | Flexibilité | Travail en équipe | Organisation,https://www.rekrute.com/offre-emploi-payroll-reporting-sr-specialist-recrutement-yazaki-morocco-kenitra-181790.html,N/A,2026-04-19T00:41:48.517402
rekrute,Brand Manager | Casablanca (Maroc),Pionnier au Maroc et acteur de référence agro-industriel régional,Casablanca et région - Maroc,CDI,Marketing                                                                 - Secteur Agroalimentaire								- Autres Industries,Intermédiaire (3 à 5 ans),Bac +5 et plus Minimum - Ecole d'ingénieur,N/A,"Entreprise : Pionnier au Maroc et acteur de référence agro-industriel régional, Lesieur Cristal accompagne depuis près de 80 ans la modernisation des filières oléicole et oléagineuse au Maroc. L’entreprise se positionne également comme le levier de développement du groupe Avril sur le continent africain, capitalisant sur son savoir-faire historique afin de valoriser de nombreuses opportunités de croissance dans le domaine des produits de grande consommation. Intervenant de la graine jusqu’au produit final, Lesieur Cristal dispose d’un dispositif industriel puissant : trois sites de production au Maroc (trituration oléagineuse d’Aïn Sebaâ, complexe industriel d’Aïn Harrouda, trituration d’olives de Kelaat Sraghna), une usine de fabrication de margarine (Indusalim), et deux unités en Tunisie (Cristal Tunise) et au Sénégal (Oleosen). L’entreprise produit et distribue une large gamme d’huiles de table, d’huiles d’olive, de margarine et de savons, qui ont su conquérir l’adhésion et la fidélité renouvelée de plusieurs générations de consommateurs : Lesieur, Cristal, Huilor, Al Horra, Mabrouka, Magdor, Familia, Ledda, Taous, El Kef, El Menjel. Soucieuse de son impact social et environnemental, ouverte vers l’international, Lesieur Cristal investit sur le savoir-faire et l’engagement vers l’excellence de tous ses collaborateurs, acteurs de progrès dans leur environnement. | Culture de l'entreprise : Lesieur Cristal se distingue par une culture majoritairement orientée vers la coopération , où l’humain, la confiance et l’esprit d’équipe occupent une place centrale. L’entreprise favorise un management de proximité, axé sur l’accompagnement, la responsabilisation et l’engagement collectif. Cette dynamique est complétée par une forte dimension innovation , encourageant la créativité, l’initiative et l’adaptabilité face aux évolutions du marché. Les cultures de compétition et d’organisation , bien présentes, apportent un cadre structuré, orienté performance, efficacité et respect des processus. | Poste : Rattaché au Chef de Produit ,Développer une ligne de produits, en alignement avec la stratégie de l’entreprise et avec l’évolution des habitudes et des besoins des consommateurs. Le poste à pourvoir sera basé à Casablanca. Responsabilités du poste: - Elaboration des plans marketing - Analyser les évolutions potentielles du marché et identifier les axes de développement marketing pour sa ligne de produit - Participer à la définition du mix marketing pour l'ensemble des produits gérés en concertation avec le chef de groupe - Assurer une veille économique et technologique pour se tenir informé des nouveautés et tendances du marché - Étudier, développer et proposer des concepts de nouveaux produits - Construire, prioriser et valider les plans d’action marketing - Déploiement des plans marketing - Assurer le bon déroulement des actions marketing pour l'ensemble des produits gérés et dans les délais - Suivre les différents prestataires intervenant sur la chaîne marketing : agence de design, de communication média et digital et de production - Superviser l'ensemble des actions marketing, notamment la réalisation des campagnes publicitaires (télévision, radio, affichage, etc.) - Communiquer auprès de la direction commerciale et/ou de la force de vente afin d'assurer la promotion du produit (arguments, outils d'aide à la vente, opérations spéciales, etc.) - Proposer des actions marketing correctives en fonction de l’évolution du marché - Elaborer les budgets des actions marketing du portefeuille et en assurer le reporting budgétaire - Pilotage des plans marketing - Gérer les budgets sur l'ensemble des éléments du mix marketing - S'assurer de la réalisation des objectifs dans les délais fixés et analyser les résultats et les écarts éventuels | Profil recherché : Bac +4/5 Commerce, marketing 2 à 3 ans minimum dans le marketing produit.",Recherche de nouveauté | Extraversion | Flexibilité | Ambition | Organisation,https://www.rekrute.com/offre-emploi-brand-manager-recrutement-lesieur-cristal-casablanca-181789.html,N/A,2026-04-19T00:41:51.498572
rekrute,"Multi Service Line Architect (MSLA) (H/F) | Rabat-Salé-Kénitra, Maroc (Maroc)",DXC Technology,Rabat et région - Maroc,CDI,Commercial / Vente / Export - Informatique / Electronique - Secteur Informatique								- Internet / Multimédia,Confirmé (5 à 10 ans) - Expert (10 à 20 ans),Bac +5 et plus Minimum - Master,N/A,"Entreprise : DXC Technology est née en avril 2017 d'une fusion entre CSC (Computer Sciences Corporation), Géant du Conseil et HP Enterprise Services, Leader en Services IT. Le Groupe DXC enregistre 25 milliards $ de revenus, bénéficie de 60 ans d’expérience et emploie 170.000 collaborateurs dans plus de 70 pays qui servent plus de 6000 clients. DXC Technology au Maroc, implantée depuis 2007, est une joint-venture entre DXC Technology, leader mondial des services d'intégration & d'infogérance et le Groupe CDG ( Caisse de Dépôt et de Gestion). Avec 1200 collaborateurs répartis sur 3 sites de production (Technopolis & Casa NearShore), DXC Technology au Maroc a pour vocation d'accompagner les très grands comptes et donneurs d'ordre publics et privés dans leur transformation digitale et d'adresser ainsi l'ensemble des enjeux IT que sont l’Hébergement, l'Infogérance, la Modernisation Applicative, Business Intelligence & Analytics, Workplace & Mobilty Services, Business Process Services, la Cyber Sécurité et le Conseil. | Culture de l'entreprise : DXC – CDG se distingue par une culture fortement orientée vers la performance et la compétition , où l’ambition, le goût du challenge et l’orientation client structurent les priorités. Cette dynamique est équilibrée par une culture de coopération , favorisant la confiance, la responsabilisation et un management de proximité attentif aux équipes. Elle intègre également une dimension d’ innovation , encourageant l’initiative, l’adaptabilité et l’expérimentation. Enfin, une culture d’ organisation bien établie encadre l’ensemble, garantissant rigueur, fiabilité des processus et efficacité opérationnelle. | Poste : La mission du MSLA est le pilotage de la définition de solutions complexes qui s’appuie sur différentes Offering et l’élaboration des offres en collaboration avec les experts des services lines concernées avec une vision unifiée sur les aspects techniques et financiers. Responsabilités: Piloter la préparation de la réponse sur les volets administratifs, technique et financier. Animer, Organiser, coordonner et contrôler les actions des contributeurs concernant la production de l'offre (fond) et sa logistique (forme et remise de l'offre) Vérifier la cohérence complète des différentes composantes de l'offre entre elles (technique, financière, juridique) et sa conformité avec la vision et le positionnement Groupe Assurer l’intégrité de la solution de bout en bout. Collaborer avec les SL et les partenaires pour élaborer une solution compétitive, conforme au besoin, Dérouler la gouvernance de chaque Deal Préparer et participer aux présentations orales et aux négociations Assurer une interface avec les comptes et les clients Contribuer à l’industrialisation des offres techniques et financières Assurer le handover vers le Delivery pour exécuter le Solutioning élaboré. Compétences Technique: Bonnes connaissances en solutions et architectures Connaissances diverses sur le Delivery des différentes SL Connaissances généralistes sur une large gamme de technologies (APPS, Cloud, Workplace) Connaissances dans la gestion de projet notamment les transitions Capacité de conception même sur des sujets abstraits Aisance sur les aspects financiers Excellente capacité rédactionnelle Compétences Comportementales: Capacité à faire fédérer une équipe hétérogène interne et externe vers un même objectif Capacité à challenger les parties prenantes Agilité dans les précises de décisions Rigueur en particulier sur le volet financier Gestion du temps et du stress Capacité à se projeter sur l’attente réelle du client et l’appréciation de notre solution Capacité à se projeter par rapport à la concurrence Gestion du temps et du stress | Profil recherché : Profil recherché: Niveau de formation: BAC+5 Grande Ecole d’ingénieur Niveau d’expérience professionnelle : Min 10 ans d’expériences pertinentes pour le poste Langues requises : Français / Anglais",Recherche de nouveauté | Extraversion | Volonté de persuasion | Intuition / Spontanéité | Besoin de réflexion | Besoin d'autonomie | Implication au travail | Ambition,https://www.rekrute.com/offre-emploi-multi-service-line-architect-msla-hf-recrutement-dxc---cdg-rabat-sale-kenitra-maroc-181788.html,N/A,2026-04-19T00:41:54.563998
rekrute,Financial Controller | Tanger (Maroc),Relats,Tanger et région - Maroc,CDI,Gestion / Comptabilité / Finance                                                                 - Secteur Automobile / Motos / Cycles								- Banque / Finance,Intermédiaire (3 à 5 ans),Bac +5 et plus - Master - Université,N/A,"Entreprise : Relats est une multinationale qui fabrique des tubes isolants électriques et thermiques flexibles, des gaines de protection mécanique et de réduction du niveau sonore, et des composants d’isolation électromagnétique applicables par exemple dans les secteurs automobile, des transports en commun – aéronautique et ferroviaire –, de l’électricité, de l’électroménager et des énergies renouvelables. De plus, l’entreprise ouvre continuellement de nouveaux marché et crée des applications pour certaines industries spécifiques comme le secteur médical. Présent sur tous les continents à travers ses six usines de fabrication (la Catalogne , la Chine , le Mexique , Maroc , Vietnam et la Romania ), le Groupe Relats travaille pour les entreprises de composants et fournit les principales marques mondiales de l’industrie de l’automobile, de l’aéronautique, du chemin de fer, du secteur électrique et de l’électroménager, tous ayant homologué ses produits. Toujours attentifs au développement de nouvelles solutions techniques pour de nouveaux marchés grâce à un effort constant de recherche et d’innovation technologique, nous avons obtenu de nombreuses certifications de qualité comme la norme ISO 9001 pour la fabrication industrielle, la norme IATF pour le secteur de l’automobile et la norme EN 9100 de système de qualité totale pour le secteur aéronautique. | Poste : Rejoignez notre dynamique entreprise opérant dans le secteur automobile, basée à la zone franche de Tanger. Nous recherchons un Contrôleur Financier disposant d’une forte expertise en gestion de trésorerie, gestion des actifs, contrôle des CAPEX, gestion des stocks et optimisation du bilan. Le candidat idéal aura également une expérience en digitalisation des processus et en audit interne, ainsi que des compétences stratégiques lui permettant d’agir en véritable business partner au sein de l’entreprise. Principales responsabilités: Gestion financière & contrôle des actifs Piloter la gestion de la trésorerie en garantissant une liquidité optimale et des financements adaptés. Contrôler et analyser les immobilisations, les CAPEX et les stocks afin d’assurer une allocation efficace des ressources. Évaluer et améliorer les ratios financiers du bilan pour garantir la stabilité financière. Superviser et optimiser le besoin en fonds de roulement (BFR) afin de réduire les coûts financiers. Audit interne & conformité Veiller au respect des politiques comptables et financières. Coordonner et conduire les audits internes, en identifiant les risques et les axes d’amélioration. Mettre en place et suivre les contrôles internes pour renforcer l’efficacité opérationnelle. Digitalisation & amélioration des processus Piloter l’automatisation et la digitalisation des processus financiers afin d’améliorer l’efficacité. Développer des outils de reporting avancés pour un meilleur pilotage financier. Assurer la bonne intégration de SAP (modules FI, CO) et des autres plateformes digitales au sein de la fonction finance. Business partnering & reporting Agir en tant que business partner stratégique en fournissant des analyses financières pertinentes pour la prise de décision. Préparer des reportings détaillés sur la performance financière, la rentabilité et l’optimisation des ressources. Contribuer à la planification stratégique et accompagner les décisions de la direction. Profil recherché Formation & expérience Diplôme Bac+3 à Bac+5 en finance, gestion, économie ou domaine équivalent. Minimum 5 ans d’expérience en contrôle de gestion, audit interne ou gestion des actifs. Solide expertise en gestion de trésorerie, BFR et contrôle des CAPEX. Compétences techniques Maîtrise de SAP (modules FI, CO) et des outils digitaux de reporting financier. Capacité à piloter des projets de digitalisation financière. Forte compétence en analyse financière et en contrôle des ratios de bilan. Très bon niveau d’anglais professionnel. Compétences comportementales Profil proactif, dynamique et doté d’un excellent relationnel, capable d’influencer les décisions stratégiques. Esprit collaboratif et capacité à travailler efficacement en transverse. Fortes capacités de priorisation et de résolution de problèmes. | Profil recherché : Votre parcours académique vous a idéalement conduit à un niveau Bac +5 et plus , avec une spécialisation reconnue en Gestion, Comptabilité ou Finance . Vous justifiez d’une expérience professionnelle de 3 à 5 ans dans des fonctions similaires, idéalement acquise dans le secteur automobile ou au sein d’un environnement multinational. Maîtrise des techniques comptables et financières. Solides compétences en analyse financière et en modélisation. Excellente connaissance des outils informatiques, notamment Excel et des logiciels SAP/BI. Capacité à synthétiser et à présenter des informations complexes de manière claire et concise. Rigueur, autonomie et sens de l'organisation. Aisance relationnelle et capacité à travailler en équipe. Maîtrise des normes IFRS est un plus. La maîtrise de l'anglais est appréciée. Si vous vous reconnaissez dans ce profil et que cette aventure vous attire, n'hésitez pas à postuler dès maintenant en utilisant le bouton « Envoyer mon CV au recruteur ».",Recherche de nouveauté | Créativité | Distance émotionnelle | Flexibilité | Besoin d'autonomie | Implication au travail | Organisation,https://www.rekrute.com/offre-emploi-financial-controller-recrutement-relats-maroc-tanger-181787.html,N/A,2026-04-19T00:41:57.345198
rekrute,"Foundever Fès recrute des télévendeurs en émission d'appels (primes déplafonnées, challenges...) | Fès (Maroc)",Sitel Group devient officiellement Foundever™ . Foundever™,Fès et région - Maroc,CDI,Centre d'appels (métiers de)                                                                 - Secteur Centre d'appels,Junior (1 à 3 ans),Bac Minimum,N/A,"Entreprise : Sitel Group devient officiellement Foundever™ . Foundever™ est un leader mondial de l'expérience client (CX). Avec 170 000 collaborateurs dans le monde, nous sommes l’équipe derrière les meilleures expériences des 750 plus grandes marques internationales et digitales. Nos solutions CX innovantes, notre technologie et notre expertise sont conçues pour répondre aux besoins opérationnels de nos clients et leur offrir une expérience sans couture, partout et à tout moment. Prenant en charge 9 millions d’expériences chaque jour dans plus de 60 langues et 45 pays, Foundever combine la force d’une présence mondiale à une approche entrepreneuriale, permettant aux entreprises de toutes tailles et de tous secteurs de transformer leur CX. | Culture de l'entreprise : Foundever se caractérise par une culture fortement orientée vers l’ innovation , où la créativité, l’agilité et l’expérimentation occupent une place centrale dans la dynamique collective. Cette orientation est étroitement équilibrée par une culture de coopération , mettant en avant la bienveillance, l’esprit d’équipe et un management de proximité favorisant l’accompagnement et l’autonomie. Une dimension de compétition vient renforcer l’exigence de performance et l’orientation résultats, tandis que l’ organisation , plus modérée, apporte un cadre structurant aux pratiques. L’environnement s’adresse à des profils curieux, engagés et à l’aise dans des contextes évolutifs. | Poste : Foundever Fès recrute des Télévendeurs qui auront pour missions : • Développer le portefeuille clients, • Commercialiser et promouvoir des produits, • Détecter les besoins des clients, les conseiller et proposer des solutions adaptées à leurs besoins, tout en respectant une charte fixée par la direction, • Veiller à atteindre les objectifs qualitatifs et quantitatifs fixés par la direction. | Profil recherché : Issu (e) d'une formation niveau bac ou plus; Vous justifiez un excellent niveau de français à l’oral et à l’écrit ; Vous êtes dotés d'une fibre commerciale, d’un sens de l’écoute, et d’un esprit d’analyse ; Vous avez une capacité de négociation et persuasion; Une expérience dans une activité de vente est souhaitable ; Vous êtes rigoureux et dynamique ; Vous avez de bonnes connaissances de l’outil informatique.",Respect des règles | Ambition | Besoin d'objectivité | Flexibilité | Implication au travail | Organisation,https://www.rekrute.com/offre-emploi-foundever-fes-recrute-des-televendeurs-en-emission-dappels-primes-deplafonnees-challenges...-recrutement-foundever-ex-sitel-group-fes-181786.html,N/A,2026-04-19T00:41:59.842155
rekrute,Stage préembauche (RH/Recrutement) | Casablanca (Maroc),ORH Assessment,Casablanca et région - Maroc,Stage,RH / Personnel / Formation                                                                 - Secteur Recrutement / Intérim,Débutant (-1 an),Bac +5 et plus Minimum - Master,N/A,"Entreprise : ORH Assessment , filiale du groupe LMS ORH , est un cabinet conseil en recrutement qui offre également des prestations en Assessment et prend en charge l’organisation de concours pour le compte de grandes entreprises publiques et privées. | Poste : Rejoignez notre équipe dynamique dans le secteur du Recrutement / Intérim en tant que Stagiaire préembauche en recrutement. Cette opportunité passionnante se déroulera au cœur de Casablanca, offrant un environnement stimulant pour développer vos compétences. Ce stage vise à vous immerger dans les réalités du métier de recruteur. L'objectif principal est de vous permettre de comprendre et de maîtriser les différentes étapes du processus de recrutement, tout en contribuant activement à la recherche et à la sélection de talents. Au cours de ce stage, vous serez amené(e) à : Participer activement à la diffusion des offres d'emploi sur divers canaux. Effectuer le tri et la présélection des candidatures reçues. Mener des entretiens téléphoniques et en face-à-face pour évaluer les candidats. Contribuer à la rédaction des comptes-rendus d'entretien. Assister dans la gestion administrative liée au recrutement. Se familiariser avec les outils et méthodes de recherche de candidats. | Profil recherché : Pour prétendre à ce poste, une formation de niveau Bac +5 et plus est requise, idéalement dans les domaines des Ressources Humaines, Personnel ou Formation. Une première expérience, même courte, dans un rôle similaire ou dans le domaine des ressources humaines est souhaitée. Cela peut inclure des stages significatifs. Nous recherchons une personne dotée des compétences suivantes : Excellente communication orale et écrite. Capacité d'analyse et de synthèse. Sens de l'organisation et rigueur. Très bon relationnel et capacité d'écoute. Forte motivation et désir d'apprendre. Maîtrise des outils informatiques de base. Si vous vous reconnaissez dans cette description et que vous souhaitez démarrer votre carrière dans un environnement dynamique, n'attendez plus !",Recherche de nouveauté | Extraversion | Besoin d'objectivité | Ténacité | Besoin d'autonomie | Implication au travail | Ambition,https://www.rekrute.com/offre-emploi-stage-preembauche-rhrecrutement-recrutement-orh-assessment-casablanca-181785.html,N/A,2026-04-19T00:42:03.107444
rekrute,Concepteur Développeur PHP (F/H) | Casablanca (Maroc),N/A (confidentiel),Casablanca et région - Maroc,CDI,Informatique / Electronique                                                                 - Secteur Telecom,Confirmé (5 à 10 ans),Bac +5 et plus Minimum - Ecole d'ingénieur - Master,N/A,"Entreprise : Vous êtes en quête de nouveaux défis et souhaitez donner un nouvel élan à votre carrière ? Rejoignez Sofrecom , une entreprise où l’agilité, l’audace et l’esprit d’équipe sont au cœur de notre culture, et où chacun peut s’épanouir pleinement. Filiale du groupe Orange, Sofrecom est une société de conseil et d’ingénierie spécialisée dans les télécommunications. Nous accompagnons nos clients dans leur transformation numérique, en les aidant à anticiper les évolutions technologiques, adapter leurs activités, moderniser leurs organisations et développer des solutions durables et performantes. Avec plus de 3 000 consultant(e)s et expert(e)s issus de 34 nationalités et répartis sur 9 implantations dans le monde, Sofrecom s’appuie sur la richesse des parcours et des talents pour stimuler l’innovation et viser l’excellence. Notre culture d’entreprise valorise un environnement inclusif, diversifié et équitable, où chaque personne est encouragée à s’épanouir pleinement. Nous favorisons l’intégration des jeunes talents, soutenons l’évolution des collaboratrices et collaborateurs expérimentés, et promouvons l’égalité professionnelle pour toutes et tous. Nous nous engageons également à créer des conditions propices à la pleine participation des personnes en situation de handicap. Ainsi, chacun·e peut développer ses compétences, contribuer activement et progresser dans sa carrière, dans un cadre bienveillant, stimulant et respectueux de la diversité. Rejoindre Sofrecom , c’est participer à des projets passionnants, explorer des parcours variés et évoluer dans un environnement qui valorise vos idées, vos compétences et vos ambitions. Postulez dès maintenant et intégrez un lieu où chacun peut s’exprimer librement et trouver sa place. Toutes les données à caractère personnel partagées avec Sofrecom Services Maroc sont traitées conformément à la loi n° 09 08 relative à la protection des données à caractère personnel. Pour exercer vos droits d’accès, de rectification ou d’opposition, merci de contacter la DRH au 05 37 27 99 00. Ensemble, nous contribuons au développement du numérique dans le monde ! | Culture de l'entreprise : Sofrecom Maroc se caractérise par une culture fortement orientée vers la coopération , plaçant l’humain, la confiance et le bien-être des collaborateurs au cœur de son fonctionnement. Le management de proximité encourage l’accompagnement, la responsabilisation et des relations de travail durables au sein d’équipes solidaires. Cette dynamique collaborative est enrichie par une dimension innovation , favorisant l’initiative, l’agilité et l’ouverture aux nouvelles idées. Des processus structurés viennent compléter l’ensemble pour garantir fiabilité et efficacité, tandis que la performance reste présente de manière plus mesurée. | Poste : Vous allez rejoindre la direction DISU de Orange France, une solution importante pour le Si orange, équipe projet expérimentée, votre mission consistera à: Monter en compétences sur l’application et le fonctionnel Réaliser la conception logicielle: Bdd, IHM, Batch d’alimentations, API Réaliser le codage du logiciel et les tests unitaires sur les composants (Bdd, IHM, …) Etre en soutien pour les recettes Assurer la maintenance applicative Rédiger les documentations techniques Participation aux cérémonies Agile Résolution de problèmes techniques complexes : identification des causes profondes et déploiement de solutions adaptées. Supervision des environnements de développement, de test et de production : configuration, maintenance et optimisation. | Profil recherché : Vous êtes Ingénieur de formation BAC+5, motivé pour rejoindre un groupe leader dans le domaine des télécommunication, nous sommes à la recherche d'un profile engagé, force de proposition et à un savoir faire autour de: Une maitrise opérationnelle du Processus de gestion de référentiel, Réalisation d’architecture de services Une maitrise avancée du développement orienté objet dans un environnement web (Php, SYMFONY, WebService,JavaScript, HTML5, CSS, Angular 8 et +Sonar, Ansible) Design et mise en place d’API Rest (JSON) Très bonnes compétences en SQL et transactionel Connaissance & pratique (mise en œuvre): MySQL, MariaDB, … Bonne compétences en modélisation rédaction de spécifications logicielles et techniques Gestion de conf : GIT Réalisation de batchs JUnit, Jenkins, robotframework … Développement en Agile",Recherche de nouveauté | Besoin de réflexion | Besoin d'autonomie | Implication au travail | Ambition,https://www.rekrute.com/offre-emploi-concepteur-developpeur-php-fh-recrutement-sofrecom-maroc-casablanca-181783.html,N/A,2026-04-19T00:42:05.422416
rekrute,Commercial prospection immobiliére | Casablanca (Maroc),N/A (confidentiel),Casablanca et région - Maroc,CDI,Commercial / Vente / Export - Distribution (métiers de la) - Secteur Indifférent,Intermédiaire (3 à 5 ans) - Confirmé (5 à 10 ans),Bac +5 et plus Minimum - Master - Université,N/A,"Entreprise : Rejoignez une entreprise marocaine de référence, acteur clé dans des secteurs stratégiques. Engagé en faveur du développement durable et de l’innovation, le groupe offre à ses talents un environnement stimulant, des parcours de carrière diversifiés et une culture d’entreprise fondée sur la performance et la responsabilité. Vous souhaitez donner du sens à votre parcours professionnel ? Venez construire l’avenir avec nous. | Poste : Rejoignez notre dynamique entreprise dans son secteur , située au cœur de Casablanca , pour un poste de Commercial prospection immobilière . En tant que membre clé de notre équipe, votre mission sera d'identifier et de développer de nouvelles opportunités immobilières stratégiques pour notre croissance. L'objectif principal est d'accroître notre portefeuille immobilier en identifiant des biens de qualité et en négociant des transactions avantageuses, contribuant ainsi directement à l'expansion et à la performance de l'entreprise sur le marché. Vos journées seront rythmées par des missions stimulantes : Prospection active de nouveaux biens immobiliers et de terrains constructibles. Analyse approfondie du marché et veille concurrentielle. Établissement et maintien de relations solides avec les propriétaires, les agences et les partenaires potentiels. Conduite des négociations et finalisation des accords commerciaux. Suivi des dossiers jusqu'à la signature des actes authentiques. Présentation des opportunités d'investissement à la direction. | Profil recherché : Votre parcours académique est solide avec un niveau Bac +5 et plus , idéalement orienté vers des spécialisations en Commercial, Vente, Export, Distribution ou métiers liés . Fort d'une expérience significative de 3 à 10 ans , vous avez déjà fait vos preuves dans des rôles similaires, démontrant une capacité à générer des résultats concrets dans la prospection et la négociation immobilière. Pour exceller dans ce rôle, il est essentiel de posséder : Une excellente capacité de communication et de négociation . Un sens aigu des affaires et une forte aptitude à la prospection . Une grande autonomie et une détermination sans faille pour atteindre vos objectifs. Une excellente connaissance du marché immobilier local. La capacité à travailler sous pression et à gérer plusieurs projets simultanément. Une parfaite maîtrise des outils informatiques et des techniques de vente. Si vous êtes prêt(e) à relever ce défi passionnant et que votre profil correspond à ces attentes, n'attendez plus pour postuler ! Envoyez votre CV au recruteur dès que possible.",Volonté de persuasion | Rationalisme | Ténacité | Besoin d'action | Travail en équipe | Implication au travail | Ambition | Organisation,https://www.rekrute.com/offre-emploi-commercial-prospection-immobiliere-recrutement-confidentiel-casablanca-181782.html,N/A,2026-04-19T00:42:07.992885
rekrute,Agent de Trésorerie | CASABLANCA (Maroc),N/A (confidentiel),Casablanca et région - Maroc,CDI,Assistanat de Direction / Services Généraux - Gestion / Comptabilité / Finance - Secteur Banque / Finance								- Matériel Médical,Débutant (-1 an) - Junior (1 à 3 ans),Bac +2 Minimum - BTS / DUT - Formation professionnelle,N/A,"Entreprise : Entreprise spécialisé dans l'importation des équipement laboratoire | Poste : Rejoignez notre équipe dynamique dans le secteur du Matériel Médical en tant qu' Agent de Trésorerie . Ce poste basé à CASABLANCA vous offre l'opportunité de contribuer activement à la gestion financière d'une entreprise en pleine croissance. Votre rôle sera essentiel dans le maintien de la fluidité financière et le suivi rigoureux des opérations. L'objectif principal de ce rôle est d'assurer une gestion de trésorerie efficace et précise, en participant activement aux opérations quotidiennes. Il s'agit de garantir la disponibilité des fonds, d'optimiser les flux financiers et de fournir des informations fiables pour la prise de décision. Vos missions principales incluront : Responsabilités principales 1. Gestion des règlements fournisseurs. • Préparer et exécuter les campagnes de paiements (virements, prélèvements, chèques, plateformes). • Traiter les factures validées selon les échéances convenues. • Effectuer les rapprochements entre factures, bons de commande et réceptions. • Gérer les litiges simples en lien avec les fournisseurs ou les services internes. • Assurer le suivi des comptes fournisseurs (soldes, relances, lettrages). • Contrôler la conformité des documents comptables avant mise en paiement. • Répondre aux demandes des fournisseurs concernant les paiements. • Collaborer avec les services achats, comptabilité et opérationnels pour résoudre les écarts ou litiges. ________________________________________ Compétences requises Compétences techniques • Maîtrise des processus de règlement fournisseurs. • Connaissance des outils de trésorerie et ERP (ODOO .... • Bonne compréhension des flux bancaires et des moyens de paiement. • Maîtrise d’Excel . Compétences comportementales • Rigueur et sens de l’organisation. • Réactivité et respect des délais. • Fiabilité et confidentialité. • Bon relationnel, sens du service. | Profil recherché : Formation et expérience • Bac+2 à Bac+3 en Comptabilité, Finance, Gestion (BTS, DUT, licence). • Une première expérience en comptabilité fournisseurs ou trésorerie est appréciée. ________________________________________ Objectifs du poste • Assurer des paiements fiables et ponctuels. • Améliorer la visibilité et la fluidité des flux de trésorerie. • Réduire les retards de paiement et les litiges. • Contribuer à une gestion financière saine et conforme.",Conventionnel | Créativité | Introversion | Sensibilité émotionnelle | Rationalisme | Besoin d'action | Travail en équipe | Equilibre personnel,https://www.rekrute.com/offre-emploi-agent-de-tresorerie-recrutement-confidentiel-casablanca-180681.html,N/A,2026-04-19T00:42:11.185314
rekrute,Ingénieur Secops IGA | Casablanca (Maroc),IPANEMA,Casablanca et région - Maroc,Freelance,Informatique / Electronique                                                                 - Secteur Informatique,Junior (1 à 3 ans) - Intermédiaire (3 à 5 ans),Bac +5 et plus - Ecole d'ingénieur,N/A,"Entreprise : IPANEMA est un cabinet d’accompagnement à la transformation numérique qui fédère des talents autour du développement web, de la Data, ainsi que du Cloud. Au sein d’ IPANEMA , la révolution numérique est une opportunité à saisir pour chaque entreprise. Nous plaçons la technologie et l’humain au cœur de la transition numérique Avec plus de 30 ans d’expérience dans le domaine informatique, le projet d’ Ipanema est d’accompagner les entreprises à 360° dans la transformation digitale. Nos équipes s’engagent à proposer les solutions les plus pertinentes. Ceci afin d’améliorer l’image, la visibilité et la productivité des entreprises. Cette nouvelle entité, basée à Casablanca, nous permet de consolider notre présence et de nous agrandir, tout en continuant à fournir des services de haute qualité à nos clients. Avec une équipe dédiée et une vision axée sur l'avenir, nous sommes prêts à relever de nouveaux défis et à écrire le prochain chapitre passionnant de notre croissance. | Poste : Ingénieur SecOps IGA – KPMG France, Direction des systèmes d’information Dans le cadre de la mise en place de la gestion des habilitations et de l’exploitation, du maintien en conditions opérationnelles, de sécurité de la solution SailPoint IdentityNow et plus largement dans le cadre du respect des politiques locales et globales de sécurité chez KPMG, l’ingénieur SecOps IGA interviendra sur les points suivants : Concevoir, développer, tester et intégrer la solution IGA SailPoint IdentityNow avec les applications métiers, les annuaires ainsi que les systèmes du cabinet Accompagner les utilisateurs métiers dans l’adoption et l’utilisation de la solution Assurer un support N3 de l’outil Mettre en place des workflows, des connecteurs, des politiques et des rapports basés sur les exigences de l'entreprise. Rédiger les documentations associées à l’intégration, le MCO et le MCS de la solution Monter en compétences et intervenir en support sur le MCO de la solution de PAM CyberArk INTERACTIONS : DSI o Equipes SecOps o Equipes d’architecture et de production de la DSI, o Business Relation Managers de la DSI, o Responsable de la sécurité SI, Utilisateurs des solutions d’identité. Compétences techniques : Expertise (impérative) de SailPoint IdentityNow Gestion des comptes à privilèges : CyberArk Technologie d'Annuaire : AD, LDAP Solutions d'authentification : SSO, fédération d’identités, MFA Connaissance des environnements Microsoft (Azure et Windows), Linux Maitrise du Scripting PowerShell et Java BeanShell Avoir une bonne culture générale des Opérations Informatiques (contraintes, complexités…) Compétences relationnelles : Orientation client, Rigueur et Organisation, Travail d'équipe, Adaptabilité et Flexibilité, Analyse et Synthèse, Communication orale et écrite Langues : Anglais courant, indispensable pour communiquer avec les collègues à travers le monde. | Profil recherché : PROFIL Niveau étude et expérience requise : Bac + 5 : une formation école d’ingénieur ou master Expérience : 3 ans minimum Une première expérience confirmée sur la solution IdentityNow de Sailpoint, une certification serait un plus. Bonne connaissance des différentes solutions d’IAM : Active Directory, Entra ID (Azure AD), CyberArk, ou équivalent. Expérience dans le développement et la configuration des connecteurs les plus courants : Active Directory (AD), LDAP, JDBC, Entra ID (Azure AD), SCIM, Web Services.",Créativité | Besoin d'action | Besoin d'autonomie,https://www.rekrute.com/offre-emploi-ingenieur-secops-iga-recrutement-ipanema-consulting-casablanca-181781.html,N/A,2026-04-19T00:42:13.599526
rekrute,Chargé QHSE | Casablanca (Maroc),Au cœur de la transformation du paysage médical marocain,Tout le Maroc - Maroc,CDI,Production / Qualité / Sécurité / Maintenance - Santé / Social (métiers de) - Secteur Pharmacie / Santé								- Autres services,Junior (1 à 3 ans) - Intermédiaire (3 à 5 ans),Bac +3 Minimum - Licence,N/A,"Entreprise : Au cœur de la transformation du paysage médical marocain, le Groupe AKDITAL incarne une nouvelle génération d’institutions de santé : modernes, humaines et résolument tournées vers l’avenir. Leader du secteur privé de la santé, AKDITAL œuvre depuis sa création à rendre les soins de haute qualité accessibles à tous, en s’appuyant sur une expertise médicale d’exception, des technologies de pointe et une gouvernance fondée sur les meilleurs standards internationaux. Aujourd’hui, notre vision dépasse les frontières. En poursuivant son expansion à l’international, le Groupe confirme sa vocation : faire rayonner le savoir-faire marocain et placer la médecine du futur à portée de chaque patient, partout où nous intervenons. Pourquoi rejoindre AKDITAL ? Parce que vous souhaitez contribuer à une vision moderne et ambitieuse de la santé. Parce que vous partagez nos valeurs : excellence, innovation, humanité et engagement. Et parce que vous croyez, comme nous, qu’un soin peut changer une vie. | Culture de l'entreprise : Akdital porte une culture fortement orientée performance , où l’ambition, l’exigence et le dépassement de soi sont au cœur du quotidien pour garantir un niveau de service irréprochable. Cette dynamique est enrichie par une vraie ouverture à l’ innovation , essentielle pour moderniser la santé privée et développer de nouvelles pratiques médicales et organisationnelles. La coopération complète cet ensemble, avec un esprit d’équipe solide et un management qui soutient les collaborateurs dans un environnement exigeant. Enfin, une culture structurée et rigoureuse assure la qualité, la sécurité et la fiabilité indispensables au secteur médical. | Poste : Rejoignez une entreprise dynamique du secteur de Santé en tant que Chargé QHSE à Casablanca . Votre rôle sera essentiel dans le maintien et l'amélioration constante de nos standards de qualité, d'hygiène, de sécurité et d'environnement. L'objectif principal de ce poste est de garantir la conformité de l'entreprise aux réglementations en vigueur en matière de qualité, d'hygiène, de sécurité et d'environnement, tout en contribuant activement à la prévention des risques et à l'amélioration continue des processus. Vos missions principales incluront : Mise en œuvre et suivi des procédures QHSE. Réalisation d'audits internes et externes. Gestion des non-conformités et mise en place d'actions correctives et préventives. Animation de formations sur la sécurité et l'hygiène. Veille réglementaire dans les domaines de la qualité, de l'hygiène, de la sécurité et de l'environnement. Participation à l'analyse des risques et à l'élaboration des plans de prévention. Suivi des indicateurs QHSE. | Profil recherché : Pour ce rôle, une formation de niveau Bac +3 est requise. Une expérience professionnelle de 1 à 5 ans dans un poste similaire est recherchée, idéalement dans le secteur de la production ou dans des métiers liés à la qualité, la sécurité, la maintenance ou le domaine de la santé. Les compétences attendues pour ce poste sont les suivantes : Excellente connaissance des normes et réglementations QHSE. Capacité d'analyse et de résolution de problèmes. Rigueur et organisation. Aptitudes relationnelles et pédagogiques pour animer des formations et sensibiliser les équipes. Maîtrise des outils informatiques et des logiciels de gestion QHSE. Esprit d'initiative et autonomie. Une spécialisation dans les domaines de la Production / Qualité / Sécurité / Maintenance ou en Santé / Social serait un atout majeur.",Flexibilité | Travail en équipe,https://www.rekrute.com/offre-emploi-charge-qhse-recrutement-akdital-casablanca-181780.html,N/A,2026-04-19T00:42:16.014226
rekrute,Visiteur médical Région orientale  (Expérience en délégation obligatoire) | Fès (Maroc),Redonner voix aux instants,Fès et région - Maroc,CDI,Médical / Paramédical - Santé / Social (métiers de) - Secteur Matériel Médical								- Pharmacie / Santé,Junior (1 à 3 ans) - Intermédiaire (3 à 5 ans),Bac +5 et plus - Licence - Master,N/A,"Entreprise : Redonner voix aux instants, redonner goût à la vie. Présentation de l’entreprise Auditec Depuis 2004, Auditec s’est imposée comme un réseau de référence en correction auditive au Maroc, en se démarquant par la qualité de ses produits et ses exigences élevées en matière de service client. Forte de plus de 20 ans d’expérience, l’entreprise poursuit sa mission : offrir à chaque patient des solutions auditives sur mesure, pour leur permettre de retrouver le plaisir de bien entendre et le confort d’une vie épanouie et en pleine santé. Chez Auditec, nos audioprothésistes exercent leur métier avec passion et dévouement, guidés par nos valeurs fondamentales : l’écoute, l’empathie, l’engagement et l’enthousiasme. Pourquoi rejoindre Auditec ? Pour intégrer un réseau humain, engagé au service de la santé auditive au Maroc. Pour travailler dans un environnement où les valeurs d’écoute et de respect guident chaque action. Pour évoluer aux côtés de professionnels passionnés et participer à une mission à fort impact humain. Pour bénéficier d’un cadre de travail stimulant, avec des perspectives d’évolution et une culture d’entreprise bienveillante. Pour intégrer un parcours de développement professionnel complet, où chaque nouvelle recrue bénéficie de formations initiales et continues ainsi que de séminaires trimestriels animés par les meilleurs experts du domaine auditif, au Maroc comme à l’étranger. Cette démarche favorise l’acquisition et le maintien de compétences techniques et relationnelles de haut niveau, essentielles à la réussite et à l’évolution au sein de notre entreprise. | Poste : 1. Missions : - Le visiteur médical a pour mission d'assurer l'information médicale auprès des médecins ORL et entretenir une relation professionnelle avec ceux-ci pour promouvoir les produits et leur bon usage dans le respect de l'éthique - Développer et relancer le partenariat avec les ORL de la région (Fès, Meknès, Oujda, Nador, Berkane). 2. Responsabilités : - Prospecter de nouveaux partenaires médicaux tels que les médecins ORL - Réalisation de rendez-vous d'information, de promotion et de conseil auprès des professionnels de santé, répondre à leurs questions sur un ou plusieurs produits et services (caractéristiques, avantages différentiels) - Développement de relations avec les différents professionnels de santé - Gestion des visites dans le cadre d'un plan d'action et d'un travail en équipe - Rédaction de rapports d'activité - Assurer un suivi rigoureux des actions de prospection et des visites auprès des professionnels de la santé - Veille concurrentielle et remontée des informations auprès de sa hiérarchie - Proposition et/ou élaboration d'un plan d'action sectoriel à partir des objectifs nationaux et régionaux - Analyse des résultats et mise en place des actions correctives et de développement - Développer des partenariats et conventions - Participer à des événements médicaux et des salons professionnels pour représenter l’entreprise | Profil recherché : 3. Compétences : Formation Initiale : Bac+3/4 Expérience : Expérience préalable en visite médicale obligatoire 4.Savoir-faire : Maîtrise des techniques de vente et de négociation Maîtrise des techniques et outils de communication Excellentes compétences en communication et en relations interpersonnelles Capacité à comprendre et à expliquer des concepts techniques en audiologie de manière claire et accessible 5. Autres qualités requises : Aisance relationnelle Sens de la communication et bon contact humain Capacité à travailler de manière autonome tout en collaborant efficacement avec les équipes internes Rigueur et organisation dans la gestion des tâches et des priorités Esprit d’équipe et engagement envers les objectifs de l’entreprise Si vous êtes passionné(e) par le secteur de la santé et que vous souhaitez relever de nouveaux défis, votre profil nous intéresse.",Recherche de nouveauté | Extraversion | Besoin d'objectivité | Rationalisme | Besoin de réflexion | Implication au travail | Humilité,https://www.rekrute.com/offre-emploi-visiteur-medical-region-orientale-experience-en-delegation-obligatoire-recrutement-obk-technologies-auditec-fes-181778.html,N/A,2026-04-19T00:42:18.662285
rekrute,.NET Full Stack Developer H/F | Rabat (Maroc),AFD.TECH part of Accenture,Rabat et région - Maroc,CDI,Informatique / Electronique                                                                 - Secteur Informatique,Intermédiaire (3 à 5 ans) - Confirmé (5 à 10 ans),Bac +5 et plus - Master,N/A,"Entreprise : AFD.TECH part of Accenture, spécialiste du conseil en IT et Télécommunications, a rejoint le groupe Accenture en 2022. Accenture est le Leader mondial des services aux entreprises et administrations, avec une expertise de pointe dans les domaines du numérique, du cloud, et de la sécurité. C’est aussi une communauté de plus de 730 000 talents et une mission commune : réaliser la promesse technologique alliée à l’ingéniosité humaine. En 2026, AFD.Tech, filiale d’Accenture, regroupe plus de 2000 talents répartis dans 3 pays (France, Belgique et Maroc), pour un chiffre d’affaires annuel de plus de 130M€. | Culture de l'entreprise : AFD.Tech se distingue par une culture profondément humaine et collaborative , où la solidarité, la confiance et le soutien mutuel sont au cœur du fonctionnement quotidien. Les équipes évoluent dans un environnement où le management de proximité joue un rôle fort, favorisant l’accompagnement, l’écoute et la montée en compétences. Cette dimension humaine est renforcée par une organisation structurée, orientée process et qualité , qui assure rigueur et efficacité. L’ innovation et la créativité complètent cet ensemble, encouragées sans être dominantes, tandis que la performance et le challenge restent présents mais mesurés. | Poste : Responsabilités principales: Concevoir, développer, livrer et maintenir des applications .NET full stack Traiter les tickets de support L2/L3 ainsi que les évolutions mineures et majeures Participer aux rotations 24h/24 et 7j/7 ainsi qu’au support d’astreinte pour les incidents critiques (P1/P2) Élaborer des conceptions techniques détaillées (low-level design) et implémenter les solutions Réaliser des analyses des causes racines (Root Cause Analysis) et proposer des correctifs préventifs Garantir la conformité aux standards Accenture, aux exigences de qualité logicielle du client et aux réglementations Collaborer avec les équipes client, Accenture et les fournisseurs à l’échelle internationale Être disposé à monter en compétences sur de nouvelles technologies selon les besoins | Profil recherché : Compétences techniques: • Frontend : AngularJS ou ReactJS • Backend : .NET / .NET Core, C# • Base de données : SQL Server ou Oracle ; procédures stockées en T-SQL ou Oracle PL/SQL • Intégration : API REST • Outils de build : MSBuild, .NET CLI, NuGet • DevOps & outils : Azure DevOps, GitHub, TFS Compétences comportementales (Soft Skills): Esprit d’analyse et de résolution de problèmes, flexibilité concernant les horaires (shifts), capacité d’apprentissage, collaboration dans un environnement international Langues (oral et écrit) : Anglais et français obligatoires ; la maîtrise de l’arabe est un plus Votre parcours candidat optimal, en 10 jours maximum ! 1. Un premier échange par téléphone et par Teams (ou dans nos locaux) avec un membre de l’équipe People & Project pour parler de votre profil, du poste, et de l’entreprise 2. Un second entretien avec un Business Manager ou un Expert technique (par Teams ou dans nos locaux) De la réactivité, des échanges rythmés, une expérience candidat optimale garantie avec une proposition dans les 10 jours maximum. Les raisons de rejoindre AFD.Tech part of Accenture, et tous nos avantages : Bénéficiez d’un accompagnement personnalisé dès votre 1er jour d’arrivée par notre équipe Onboarding et votre futur Manager (accueil au sein de nos locaux à Rabat, journée d’Onboarding, petit-déjeuner convivial). Développez vos compétences techniques, fonctionnelles ou de management, grâce au catalogue de formations Accenture et des formations spécialisées grâce à nos partenariats écoles. Faîtes évoluer votre carrière grâce à notre politique de mobilité. Vivez des expériences hors du commun avec des événements réguliers et une ambiance familiale (Tournoi Nintendo Switch, Shooting photos, Anniversaires mensuels, tournoi de football (CAM), Coaching et développement personnel, Top cake, Barbecue Day, Jeux de Société, soirée annuelle…) Nos recrutements sont fondés sur les compétences, sans distinction d’origine, d’âge, ou de genre et tous nos postes sont ouverts aux personnes en situation de handicap. A très bientôt chez AFD.Tech part of Accenture !",Créativité | Besoin d'autonomie,https://www.rekrute.com/offre-emploi-.net-full-stack-developer-hf-recrutement-afd.tech-rabat-181777.html,N/A,2026-04-19T00:42:21.243729
rekrute,Chargé(e) d'administration du personnel (F/H) | Casablanca (Maroc),N/A (confidentiel),Casablanca et région - Maroc,Intérim,RH / Personnel / Formation                                                                 - Secteur Informatique,Confirmé (5 à 10 ans),Bac +3 Minimum,N/A,"Entreprise : Vous êtes en quête de nouveaux défis et souhaitez donner un nouvel élan à votre carrière ? Rejoignez Sofrecom , une entreprise où l’agilité, l’audace et l’esprit d’équipe sont au cœur de notre culture, et où chacun peut s’épanouir pleinement. Filiale du groupe Orange, Sofrecom est une société de conseil et d’ingénierie spécialisée dans les télécommunications. Nous accompagnons nos clients dans leur transformation numérique, en les aidant à anticiper les évolutions technologiques, adapter leurs activités, moderniser leurs organisations et développer des solutions durables et performantes. Avec plus de 3 000 consultant(e)s et expert(e)s issus de 34 nationalités et répartis sur 9 implantations dans le monde, Sofrecom s’appuie sur la richesse des parcours et des talents pour stimuler l’innovation et viser l’excellence. Notre culture d’entreprise valorise un environnement inclusif, diversifié et équitable, où chaque personne est encouragée à s’épanouir pleinement. Nous favorisons l’intégration des jeunes talents, soutenons l’évolution des collaboratrices et collaborateurs expérimentés, et promouvons l’égalité professionnelle pour toutes et tous. Nous nous engageons également à créer des conditions propices à la pleine participation des personnes en situation de handicap. Ainsi, chacun·e peut développer ses compétences, contribuer activement et progresser dans sa carrière, dans un cadre bienveillant, stimulant et respectueux de la diversité. Rejoindre Sofrecom , c’est participer à des projets passionnants, explorer des parcours variés et évoluer dans un environnement qui valorise vos idées, vos compétences et vos ambitions. Postulez dès maintenant et intégrez un lieu où chacun peut s’exprimer librement et trouver sa place. Toutes les données à caractère personnel partagées avec Sofrecom Services Maroc sont traitées conformément à la loi n° 09 08 relative à la protection des données à caractère personnel. Pour exercer vos droits d’accès, de rectification ou d’opposition, merci de contacter la DRH au 05 37 27 99 00. Ensemble, nous contribuons au développement du numérique dans le monde ! | Culture de l'entreprise : Sofrecom Maroc se caractérise par une culture fortement orientée vers la coopération , plaçant l’humain, la confiance et le bien-être des collaborateurs au cœur de son fonctionnement. Le management de proximité encourage l’accompagnement, la responsabilisation et des relations de travail durables au sein d’équipes solidaires. Cette dynamique collaborative est enrichie par une dimension innovation , favorisant l’initiative, l’agilité et l’ouverture aux nouvelles idées. Des processus structurés viennent compléter l’ensemble pour garantir fiabilité et efficacité, tandis que la performance reste présente de manière plus mesurée. | Poste : Le/la Chargé(e) d'Administration du Personnel intervient principalement sur les missions suivantes : • Gestion administrative des dossiers du personnel : constitution, mise à jour et suivi des dossiers (embauche, contrats, avenants, attestations, etc.) • Suivi des entrées et sorties des collaborateurs : gestion des départs, intégrations, et mise à jour des bases de données • Mise à jour des données RH et des outils internes : assurer la fiabilité et la cohérence des informations • Gestion des documents RH et archivage : organisation, classement et conservation des documents administratifs • Réponse aux demandes administratives des collaborateurs : fournir un support administratif et répondre aux questions • Support à l’équipe RH: assistance dans la gestion quotidienne des tâches administratives | Profil recherché : • Formation Bac+3/5 en Ressources Humaines, Sciences Économiques ou domaine connexe • Minimum 3 ans d’expérience réussie dans un poste similaire • Maîtrise des outils bureautiques (Word, Excel, Outlook, etc.) • Rigueur, précision et fiabilité • Bonnes qualités relationnelles et capacité d’adaptation • Sens du service et esprit d’équipe • Organisation et gestion des priorités Compétences clés • Connaissance du droit du travail et des procédures RH • Capacité à gérer plusieurs dossiers simultanément • Discrétion et confidentialité",Recherche de nouveauté | Extraversion | Besoin d'objectivité | Besoin d'autonomie | Implication au travail,https://www.rekrute.com/offre-emploi-chargee-dadministration-du-personnel-fh-recrutement-sofrecom-maroc-casablanca-181608.html,N/A,2026-04-19T00:42:23.508638
rekrute,Sales | El Jadida (Maroc),Forbon is a listed company,Casablanca et région - Maroc,CDD,Commercial / Vente / Export                                                                 - Secteur Agriculture / Environnement 								- Chimie / Parachimie / Peintures,Confirmé (5 à 10 ans),Bac +3 Minimum - Université,N/A,"Entreprise : Forbon is a listed company, stock code 300387. In the traditional fertilizer additives, Forbon is the Asia‘s largest fertilizer additives and service enterprise. Forbon  merged  Holland Novochem company which is the leading additives European enterprises  in 2015.  Forbon  merged  french PST company which is the LDAN  additives enterprises  in 2017. Forbon became the leading company in the fertilizer additives all over the world. In the agriculture big data and intelligent agriculture, Forbon holding  the SoilOptix company in Canada with the rapid soil detection technology which is similar to soil CT scanning technology; ,Forbon invested Wuhan Heda science and technology limited company which is a agricultural intelligent platform. In global talent development, Forbon has established an integrated team of over 10 specialists based in Morocco,comprising both Moroccan local experts and Chinese expatriates.Forbon maintains regular cross-border collaboration,with China-based teams frequently traveling to Morocco for project support, including R&D personnel headed by 5 PhDs. In our El Jadida office, Forbon provides competitive salary packages benchmarked against multinational peers; Forbon maintains superior working environments with modern amenities for optimal productivity. | Poste : 1.Responsible for business development in the Moroccan market, independently handling customer acquisition, commercial negotiation, and end-to-end order procurement. 2.Accurately convey order requirements in Arabic/French/English to both Chinese teams and local clients. 3.Coordinate with the order follow-up team to ensure order execution, monitor delivery progress, and resolve exceptions. 4.Maintain key client relationships and analyze local market dynamics and competitor strategies. 5.Support executive business reception activities and participate in cross-cultural business meeting coordination. | Profil recherché : 1. bachelor's degree or higher (BAC+3). 2.3+ years local sales experience, preferably in chemical/agricultural sectors. 3.Proficient in French and Arabic, fluent in English (Chinese communication skills are a strong plus).",Recherche de nouveauté | Extraversion | Volonté de persuasion | Ambition | Intuition / Spontanéité,https://www.rekrute.com/offre-emploi-sales-recrutement-hubei-forbon-technology-el-jadida-181776.html,N/A,2026-04-19T00:42:26.273419
rekrute,DevOps Engineer Cloud / Kubernetes / GCP F/H | Casablanca (Maroc),Fondée en 1976,Casablanca et région - Maroc,CDI,Informatique / Electronique - Internet / Multimédia - Secteur Informatique								- Internet / Multimédia,Confirmé (5 à 10 ans) - Expert (10 à 20 ans),Bac +5 et plus - Ecole d'ingénieur,N/A,"Entreprise : Fondée en 1976 , CGI figure parmi les plus importantes entreprises indépendantes de services de conseil en technologie de l’information (TI) et en management au monde. CGI compte 90 000 conseillers et autres professionnels établis partout dans le monde grâce auxquels l’entreprise offre un portefeuille complet de services et de solutions : des services de conseil en management et en stratégie TI, de l’intégration de systèmes, des services en TI et en gestion des processus d’affaires en mode délégué ainsi que des solutions de propriété intellectuelle. La collaboration de CGI avec ses clients repose sur un modèle axé sur les relations locales, conjugué à un réseau mondial de prestation de services, qui permet aux clients de réaliser la transformation numérique de leur organisation et d’accélérer l’obtention de résultats. Au cours de l’exercice financier 2023, CGI a généré des revenus de 14,30 milliards $ CA. Les actions de CGI sont inscrites à la Bourse de Toronto (GIB.A) ainsi qu’à la Bourse de New York (GIB). Apprenez-en davantage sur cgi.com. La vie chez CGI est ancrée dans l’actionnariat, le travail d’équipe, le respect et un sentiment d’appartenance. Chez nous, vous pourrez parfaire vos compétences, partager votre point de vue et exploiter votre plein potentiel parce que… Nous vous invitons à devenir propriétaire dès votre première année et à continuellement puiser dans cette culture d’actionnariat pour tirer profit des retombées de notre succès collectif alors que nous travaillons ensemble à faire de notre rêve une réalité : « créer un environnement où nous avons du plaisir à travailler ensemble et où, en tant que propriétaires, nous participons au développement d’une entreprise dont nous sommes fiers ». C’est pourquoi nous nous désignons comme associés de CGI, plutôt que comme employés. Être un associé de CGI vous donne l’opportunité et la responsabilité de participer à tous les aspects de l’entreprise, y compris en contribuant activement à son orientation et à sa stratégie. Votre travail crée de la valeur alors que vous mettez à profit votre expérience et travaillez en étroite collaboration avec vos collègues et clients en les conseillant, en élaborant et en proposant des solutions novatrices qui répondent aux défis les plus complexes de nos clients. Vous développerez des relations durables et de confiance avec vos pairs et clients dans votre communauté, tout en ayant accès à des capacités mondiales pour concrétiser vos idées, saisir de nouvelles opportunités, et bénéficier d’une expertise sectorielle et technologique de pointe. Vous ferez évoluer votre carrière en vous joignant à une entreprise bâtie pour croître et durer, qui vous offre sans cesse des options de croissance. Qu’il s’agisse de programmes pour parfaire vos compétences ou d’affectations intéressantes qui élargissent les horizons, vous ferez évoluer votre carrière en partenariat avec des leaders qui appuieront vos objectifs de perfectionnement, et de santé et bien-être. Joignez-vous à nous. Ensemble, en tant que propriétaires, mettons notre savoir-faire à l’œuvre pour répondre aux besoins et tenir compte des intérêts de nos clients, de nos actionnaires, de nos communautés et de chacun d’entre nous. | Culture de l'entreprise : CGI Technologies et Solutions Maroc s’appuie sur une culture majoritairement orientée vers la coopération , plaçant l’humain, la confiance et le travail d’équipe au cœur de son fonctionnement. Le management de proximité favorise l’accompagnement, la responsabilisation et le développement des compétences dans un environnement bienveillant. Cette dynamique est soutenue par une culture d’ organisation structurée, garantissant rigueur des processus, fiabilité et efficacité opérationnelle. Elle est complétée par une dimension d’ innovation , encourageant l’adaptabilité et l’initiative, tandis que la compétition , plus modérée, soutient une orientation résultats mesurée. | Poste : Dans le cadre du développement de nos activités, nous recherchons un DevOps Engineer ayant plus de 7 ans d'expérience en DevOps pour rejoindre nos équipes et intervenir sur un programme stratégique de transformation digitale. Vous intégrerez une Digital Factory dédiée à la transformation des processus RH, dont l’objectif est de digitaliser, automatiser et harmoniser les outils et applications métiers afin d’améliorer l’efficacité opérationnelle et l’expérience des utilisateurs. Au sein d’un environnement technologique moderne, vous contribuerez à la modernisation des infrastructures et à la migration vers des environnements Cloud, tout en participant à l’industrialisation des pratiques DevOps. En tant que DevOps Engineer, vos principales missions seront : Automatiser et déployer les infrastructures Cloud via Terraform Concevoir et maintenir les pipelines CI/CD (notamment avec GitLab CI) Accompagner les équipes de développement dans la mise en place de pratiques Infrastructure as Code Participer à l’industrialisation et à la sécurisation des flux de données entre les différentes applications Contribuer à la qualité et la fiabilité des mises en production Mettre en place des solutions de supervision et monitoring (Grafana, ELK) Participer à l’optimisation des performances et des coûts des infrastructures Cloud Garantir la sécurité et la cohérence technique des environnements Documenter les solutions et partager les bonnes pratiques avec les équipes | Profil recherché : Expérience - Formation Bac+5 en informatique ou équivalent - plus de 7 ans d’expérience en environnement DevOps / Cloud Compétences techniques - Cloud : GCP (Google Cloud Platform), notions Azure appréciées - DevOps : Terraform, Kubernetes, GitLab CI/CD, Jenkins, Ansible, Helm - Systèmes : Linux (Debian, Ubuntu, CentOS, RHEL) - Monitoring : Grafana, ELK - Langages : Python, Bash ou équivalent - Connaissances réseaux : TCP/IP, DNS, Proxy, Load Balancing Compétences comportementales - Bon esprit d’analyse et de résolution de problèmes - Capacité à travailler dans un environnement agile et collaboratif - Bonne communication en français et en anglais - Curiosité technique et intérêt pour les nouvelles technologies CGI est un employeur inclusif et attentif aux candidatures des personnes en situation de handicap et à l’évolution de carrières des hommes et des femmes.",Conventionnel | Créativité | Extraversion | Volonté de persuasion | Distance émotionnelle | Intuition / Spontanéité | Flexibilité | Travail en équipe,https://www.rekrute.com/offre-emploi-devops-engineer-cloud-kubernetes-gcp-fh-recrutement-cgi-technologies-et-solutions-maroc-casablanca-181775.html,N/A,2026-04-19T00:42:29.638199
rekrute,Chef D'Agence - Recrutement National ( Maroc ) | Maroc (Maroc),Avec plus de 30 ans d’expertise,Tout le Maroc - Maroc,CDI,Banque (métiers de la) - Gestion / Comptabilité / Finance - Secteur Banque / Finance,Intermédiaire (3 à 5 ans),Bac +3 Minimum - Licence - Master,Une politique de rémunération équitable,"Entreprise : Avec plus de 30 ans d’expertise, la Fondation Arrawaj est un acteur économique et social majeur dans le secteur de la micro-finance. Basée au Maroc et avec plus de 2 000 collaborateurs répartis sur plus de 260 agences et 15 régions , la Fondation Arrawaj est fière de contribuer à l’inclusion financière des porteurs de projets et des micro-entrepreneurs exclus des circuits de financements classiques en leur offrant des produits et des services diversifiés, de proximité, adaptés et innovants. Le succès de notre institution repose sur un socle de valeurs fondamentales qui inspirent l’action de l’ensemble de nos collaborateurs et guident nos relations avec les parties prenantes : Engagement : Nous sommes déterminés ensemble à aller jusqu'au bout. Respect : Pour mieux d'apprécier mutuellement Ethique : Le socle de notre conduite Responsabilité : Le sens du devoir au centre de notre mission Rejoignez- nous vite, donnez un élan à votre carrière ! Ce que nous vous offrons : Une politique de développement de carrière équitable et orientée sur les compétences avec un accompagnement personnalisé. Des formations sur mesure pour développer vos compétences à la fois au sein de notre centre ""Talent Academy"", Plateforme E-learning ou à travers des partenaires d'excellence reconnue. Une politique de rémunération équitable et compétitive, centrée sur la performance Individuelle et Collective. Une couverture sociale multi-dimension couvrant les aléas de la vie et assurant votre future et celui de vos enfants. Un environnement de travail convivial et stimulant, axé sur la reconnaissance des initiatives. | Culture de l'entreprise : Fondation Arrawaj présente une culture majoritairement orientée vers l’ innovation , mettant en avant la créativité, l’agilité et l’expérimentation au service de l’impact et de la transformation. Cette orientation est renforcée par une dimension de compétition , traduisant une forte exigence de performance et d’atteinte des résultats. Les registres de coopération et d’ organisation complètent cet équilibre en favorisant le travail collectif, la responsabilisation et la structuration des pratiques. L’environnement s’adresse ainsi à des profils autonomes, engagés et attirés par des contextes dynamiques et évolutifs. | Poste : Fondation ARRAWAJ, est un acteur économique et social majeur dans le secteur de la micro-finance, elle s’appuie sur un capital humain fort de plus de 2000 collaborateurs, réparti sur un réseau de plus de 208 agences. Dans le cadre de la mise en œuvre de son plan d’expansion vers le Sud du Maroc, la Fondation ARRAWAJ recrute un Chef D’Agence pour tout le Maroc . - Superviser et coordonner toutes les activités de l’agence et être le garant de la réalisation des objectifs de l’agence et des objectifs individuels de votre équipe. - Mettre en œuvre et animer la stratégie commerciale de votre agence ; - Suivre les indicateurs de performance clés de votre agence et élaborer des plans d'action pour atteindre les objectifs fixés ; - Assurer le développement des activités de crédit ainsi que les produits et services d’inclusion financière, selon les objectifs arrêtés ; - Garantir un service client de qualité, et promouvoir une culture centrée sur le client au sein de l’agence ; - Veiller à une bonne gestion administrative de l’agence et à la sécurité des locaux ; - Planifier les horaires de travail, former le personnel et évaluer les performances individuelles ; - Veiller au respect des procédures et politiques internes au niveau des agences sous votre responsabilité ; - Identifier et signaler les risques opérationnels potentiels au Responsable du Groupe d’Agence. | Profil recherché : - Vous justifiez d’une expérience probante, de 1 à 3ans dans un poste avec un périmètre managériale; - Vous disposez de compétences en gestion d’équipe et en leadership ; - Vous êtes dynamique et rigoureux ; - Vous avez la capacité de travailler en toute autonomie ; - Vous êtes doté d’une aisance relationnelle et de bonnes capacités de communication.",Conventionnel | Respect des règles | Rationalisme | Flexibilité | Implication au travail | Organisation,https://www.rekrute.com/offre-emploi-chef-dagence---recrutement-national-maroc-recrutement-fondation-arrawaj-maroc-181774.html,N/A,2026-04-19T00:42:32.818229
rekrute,Technicien IT Junior CDI | Tanger (Maroc),Présent depuis 1997 au Maroc,Tanger et région - Maroc,Autre,Télécom / Réseaux                                                                 - Secteur Autres services,Débutant (-1 an) - Junior (1 à 3 ans),Bac +3 Minimum - DEUG,N/A,"Entreprise : Présent depuis 1997 au Maroc, Manpower Group est un acteur international incontournable de l’emploi et de l’insertion sociale dans le monde. Au sein du Royaume Chérifien, nous couvrons l’ensemble du territoire, de Tanger à Laayoune. Nos équipes sont formées pour appuyer les entreprises dans la promotion de l’excellence en matière de gestion du capital humain : Intérim, CDD/CDI, Solutions & Ingénierie RH, Développement du capital humain… Pour nos salariés intérimaires , nous proposons une expérience unique, notamment avec la déclaration de 100% des heures travaillées, la mise en place d’une mutuelle pour tous et un accompagnement personnalisé pour les démarches administratives (bancarisation, CNSS…). Pour nos candidats , nous offrons, conformément aux standards mondiaux de Manpower Group, un processus de sélection, d’évaluation et d’accompagnement à la réussite dans leur nouvelle mission. | Poste : Technicien IT – Tanger – CDI Dans le cadre du renforcement de notre équipe IT, nous recrutons un Technicien IT basé à Tanger. Missions : Rattaché au service informatique, vous aurez pour principales missions : Assurer l’installation, la configuration et la maintenance des équipements informatiques Fournir un support technique aux utilisateurs (niveau 1 et 2) Diagnostiquer et résoudre les incidents matériels et logiciels Gérer et maintenir les réseaux (LAN/WAN, Wi-Fi) Participer à la gestion des accès et à la sécurité des systèmes Assurer le suivi et la mise à jour des outils informatiques Rédiger la documentation technique | Profil recherché : Profil recherché : Bac+2/3 en informatique (réseaux, systèmes ou équivalent) Expérience de 1 à 3 ans dans un poste similaire Bonne maîtrise des environnements Windows Connaissances en réseaux (TCP/IP, DNS, DHCP) Sens du service, autonomie et esprit d’équipe Bon relationnel et capacité à gérer les priorités Informations complémentaires : Poste basé à Tanger Contrat : CDI Disponibilité : immédiate",Recherche de nouveauté | Besoin de réflexion | Besoin d'autonomie | Implication au travail | Ambition,https://www.rekrute.com/offre-emploi-technicien-it-junior-cdi-recrutement-manpower-agences-tanger-181773.html,N/A,2026-04-19T00:42:35.982368
rekrute,Directeur de Restaurant H/F | Tout le Maroc (Maroc),McDonald’s Maroc,Tout le Maroc - Maroc,CDI,Hôtellerie / Restauration (métiers de)                                                                 - Secteur Hôtellerie / Restauration								-,Confirmé (5 à 10 ans),Bac +3 Minimum - Ecole de commerce,N/A,"Entreprise : McDonald’s Maroc est une entreprise 100% marocaine. Notre mission est d’offrir une expérience agréable, facile et conviviale pour tous les Marocains et ce depuis plus de 30 ans. Notre enseigne compte aujourd’hui,  81 restaurants dans 26 villes, avec plus de 5 000 collaborateurs engagés pour offrir la meilleure expérience à nos clients. L’accélération de notre plan de développement est accompagnée d'une stratégie de recrutement, intégration, formation et plan de carrière et ce dans un cadre favorisant la diversité, l’équité, l’inclusion ainsi que la sécurité de nos collaborateurs. Nous évoluons tous ensemble dans un cadre de travail bienveillant porté par les valeurs : service, inclusion, intégrité, communauté et famille. Que ce soit une première expérience professionnelle ou une nouvelle expérience, McDonald’s Maroc est très engagé pour la rendre agréable et bénéfique en termes d’apprentissage et d’épanouissement pour ses jeunes talents. | Culture de l'entreprise : McDonald’s Maroc s’appuie sur une culture coopérative , où l’humain, l’esprit d’équipe et la solidarité structurent le quotidien des équipes. Le management de proximité favorise l’accompagnement, la responsabilisation et l’engagement collectif. Cette base collaborative est renforcée par une forte orientation performance , tournée vers l’atteinte d’objectifs et la satisfaction client. Elle s’inscrit dans un cadre organisationnel rigoureux , garantissant efficacité, qualité et fiabilité, tandis que l’innovation reste présente de manière plus ciblée. | Poste : Responsable d’un centre de profit, il est garant de la gestion globale du restaurant : managériale, opérationnelle, financière, commerciale, sécuritaire, et des ressources humaines, notamment quant à la formation et à la gestion du personnel (QSP, CA, ventes, développement des équipes, …). Ambassadeur de la marque, au service de nos clients dans le respect de la culture service de l’Enseigne, le Directeur de Restaurant est aussi en charge de l’accueil de notre clientèle et de leur entière satisfaction en étant en mesure d’analyser leurs besoins et de les conseiller dans leurs choix. Sous la responsabilité du Superviseur Région, le Directeur peut être amené à effectuer toute autre tâche de polyvalence opérationnelle qui pourrait s'avérer nécessaire à la bonne marche du restaurant. Adoptant en toute circonstance, une présentation soignée et professionnelle, et un comportement en cohérence avec l’image de l’enseigne, le Directeur de restaurant veille à chaque instant à véhiculer une image employeur positive. Il gère l’ensemble des domaines suivants au sein du centre de profit dont il a la responsabilité: - Gestion d’un centre de profit : Pilote et contrôle l’activité du restaurant grâce aux outils de gestion et d’analyse mis à sa disposition; Décline les orientations stratégiques de l’enseigne au sein du restaurant (full restaurant, commande en ligne, service à table, etc…); Anticipe les risques (techniques, financiers, juridiques, contractuels, clients…) et met en place des actions préventives et évolutives afin de les gérer. Assure le reporting auprès de sa hiérarchie. Analyse les résultats du restaurant dans l’ensemble des domaines. - Service à la clientèle; - Sécurité : Sécurité alimentaire; Sécurité des biens et des personnes. - Gestion des ressources et du personnel restaurant. | Profil recherché : Études : Formation Bac +3/5 souhaitée en gestion, hôtellerie, restauration ou commerce. Expérience : Expérience de 5 ans minimum dans la restauration/Hôtellerie ou la grande distribution; Expérience réussie dans la gestion d’un centre de profit et le management d’une équipe. Compétences essentielles : Maitrise du pack office et avec une bonne maitrise en gestion de projet; Sens du service à la clientèle (clients internes et externes); Bonne élocution et présentation avec une communication orale et écrite transparente; Management : fait constamment preuve de symétrie des attentions dans son management tout en faisant preuve de leadership, de discernement, de conviction, d’influence, de détermination, de persuasion, d’optimisme, de reconnaissance, d’encouragement, de prise en charge et d’engagement pour obtenir les résultats; Esprit de synthèse et d’analyse; Créatif, innove et conduit le changement : identifie et communique les possibilités d’amélioration des processus ou des façons de travailler, sait faire adhérer son équipe au changement; Sens de la pédagogie et aptitude à transmettre ses connaissances et à développer les compétences des salariés placés sous sa responsabilité afin de les motiver et de les encourager à progresser professionnellement; Délègue le travail à effectuer à ses équipes de manière cohérente et en les accompagnant; Laisse place à l’initiative de ses collaborateurs et les encourage dans le respect des règles établies; Présentation professionnelle propre et soignée. Compétence souhaitable : Bonne connaissance du digital. Compétences comportementales : Courtois, coopératif, posé, réfléchi, pondéré, disponible et souriant, il est doté d’un sens accru de la confidentialité et sait faire preuve de patience et d’objectivité; Rigoureux et organisé : il a le sens des priorités, identifie les ressources nécessaires à la réalisation du travail et à l’atteinte des résultats du restaurant; Sens du travail en équipe : organise, définit et communique les priorités; Aisance et qualités relationnelles, Langues : Français / Anglais souhaitable A compétence égale, ce poste est ouvert aux personnes en situation de handicap.",Respect des règles | Besoin d'objectivité | Flexibilité | Implication au travail | Organisation,https://www.rekrute.com/offre-emploi-directeur-de-restaurant-hf-recrutement-mcdonalds-maroc-tout-le-maroc-180577.html,N/A,2026-04-19T00:42:38.780320
rekrute,Software Developer | Rabat (Maroc),Joining Cnexia,Rabat et région - Maroc,CDI,Informatique / Electronique                                                                 - Secteur Informatique,Confirmé (5 à 10 ans),Bac +5 et plus Minimum,N/A,"Entreprise : Joining Cnexia is choosing to be part of an ambitious project that values Innovation, promotes Continuous Learning and enables all tech champions to fulfill their creative dreams. At Cnexia, we do more than support the clients of our world-class network and services. We develop innovative solutions and create original multiplatform media content. In fact, we're revolutionizing how Canadians communicate on the web, interact with Mobile Apps or benefit from an AI-enhanced experience. Proud of our status as a fully owned Moroccan subsidiary of the largest Canadian Telecom company, we have been ceaselessly growing our team since 2021. With over 1100 employees, mainly based in Fez, we have expanded in the northern region of the kingdom with our Brand-new state of the art site in Technopolis Rabat. If you are ready for this challenge, we invite you to join a community that values bold ideas and professional growth all in an engaging multi cultural world-class environment. | Culture de l'entreprise : Cnexia Tech évolue dans une culture résolument orientée vers la performance et la compétition , où l’ambition, le goût du challenge et l’atteinte d’objectifs chiffrés constituent des moteurs clés. Cette dynamique est complétée par une dimension de coopération , favorisant la confiance, la solidarité et un management de proximité attentif à l’accompagnement des équipes. Elle intègre également une composante d’ innovation , encourageant l’initiative, l’adaptabilité et l’expérimentation dans un environnement technologique en constante évolution. Enfin, une culture d’ organisation structurée soutient l’ensemble par la rigueur des processus, la fiabilité et l’efficacité opérationnelle. | Poste : Strong experience building, validating, and maintaining enterprise backend services and RESTful APIsProven ability to design, test, and troubleshoot realtime event processing, message reliability, and integration workflowsHands-on experience with containerized service deployment, scaling, and environment consistencyExperience validating data integrity, performance tuning, and database behavior across integrated servicesEnsure compliance with TMF OpenAPI standards for service, data, and process modeling in telecom ecosystems | Profil recherché : Main Job Reponsibilities: Develop, enhance, and maintain backend services and APIs using Java 21, Spring Framework 5/6, and Spring Boot 3/4, following industry best practices. Design, implement, and document RESTful APIs, ensuring reliable integration with downstream and upstream systems. Build and maintain event-driven and streaming solutions using Apache Kafka, including Kafka Streams for real-time data processing and Kafka Connect for system integration. Ensure service interoperability and standardization by implementing TMF Forum OpenAPI specifications for service, data, and process modeling. Work extensively with containerized applications, leveraging Docker and deploying to OpenShift platforms in cloud-native environments. Design, develop, and optimize database schemas and queries using PostgreSQL, including performance tuning and index optimization. Deploy and manage applications in Google Cloud Platform (GCP), utilizing Cloud SQL and aligning with cloud security and resilience best practices. Apply Secure Software Development Lifecycle (SSDLC) practices to produce clean, maintainable, scalable, and secure code. Implement automated testing strategies, including unit tests, integration tests, and service-level testing, to ensure reliability and quality of deliverables. Participate actively in Agile delivery practices, including sprint planning, daily stand-ups, backlog refinement, reviews, and retrospectives. Troubleshoot, diagnose, and optimize application and platform performance, including messaging throughput, database performance, and resource utilization. Monitor and support application observability and operational health, using tools such as ElasticSearch, Grafana, Dynatrace (where applicable), and platform-native monitoring solutions. Collaborate closely with cross-functional teams, including architecture, QA, platform, and operations, to ensure successful end-to-end service delivery. Skills: 1. Java & Spring-Based Service Developmen 2. EventDriven Architecture & Messaging (Apache Kafka, Kafka Streams) 3. Microservices & Containerization (Docker, OpenShift, Kafka) 4. Database Expertise (Oracle PL/SQL, Postgres, NoSQL) 5. TMF Forum Standards (OpenAPI, SID, eTOM)",Besoin d'autonomie | Besoin de réflexion | Ambition | Implication au travail | Recherche de nouveauté,https://www.rekrute.com/offre-emploi-software-developer-recrutement-cnexia-tech-rabat-181771.html,N/A,2026-04-19T00:42:42.460892
rekrute,Nous recrutons a fes des conseillers clients francophones | Fes (Maroc),N/A (confidentiel),Fès et région - Maroc,CDI,Centre d'appels (métiers de)                                                                 - Secteur Centre d'appels,Débutant (-1 an),Bac Minimum,N/A,"Entreprise : Rejoignez Cnexia et faites le choix de faire partie d'un projet qui valorise l'innovation, promeut le developpement continu des competences et donne l'opportunite aux personnes creatives et ambitieuses du domaine des hautes technologies de realiser leurs objectifs professionnels. Fiers de notre statut de filiale Marocaine exclusive de l'operateur telecom historique du Canada, nous n'avons cesse d'elargir nos equipes depuis 2021 avec plus de 1300 employes principalement bases a Fes. Nous venons d'etendre nos activites dans la partie nord du royaume en inaugurant un nouveau site a Rabat afin d'y poursuivre notre croissance avec comme objectif de plus que doubler nos effectifs a l'horizon 2024. A Cnexia nous faisons plus que supporter les clients de notre reseau a taille mondiale et les beneficiaires de nos divers services. Nous developpons des solutions innovantes et creons continuellement du contenu media multiplateforme original. Grace a cela, nous revolutionnons tous les jours la facon avec laquelle les Canadiens communiquent a travers le web et interagissent via des applications mobiles en les faisant beneficier d'une experience amelioree. Si vous etes prets a relever ce defi, nous vous invitons a rejoindre une communaute qui valorise les idees audacieuses et vous donne de multiples opportunites d'accomplissement de carriere dans un environnement multiculturel de classe mondiale ! « Chez Cnexia, nous offrons des opportunites egales a tous, sans distinction de race, couleur, origine, religion, sexe, nationalite, age, citoyennete, statut matrimonial ou handicap. » | Culture de l'entreprise : Cnexia s’inscrit dans une culture fortement orientée vers la performance et la compétition , où l’ambition, le goût du challenge et l’orientation client constituent des moteurs clés de réussite. Cette dynamique est complétée par une dimension de coopération , favorisant la confiance, la solidarité et un management de proximité attentif à l’accompagnement des équipes. Elle intègre également une composante d’ innovation , encourageant l’initiative, l’adaptabilité et l’expérimentation. Enfin, une culture d’ organisation structurée soutient l’ensemble par la rigueur des processus, la fiabilité et l’efficacité opérationnelle. | Poste : Rejoignez Cnexia et faites le choix de faire partie d'un projet qui valorise l'innovation, promeut le developpement continu des competences et donne l'opportunite aux personnes creatives et ambitieuses du domaine des hautes technologies de realiser leurs objectifs professionnels. Fiers de notre statut de filiale Marocaine exclusive de l'operateur telecom historique du Canada, nous n'avons cesse d'elargir nos equipes depuis 2021 avec plus de 1300 employes principalement bases a Fes. | Profil recherché : Fiers de notre statut de filiale Marocaine exclusive de l'operateur telecom historique du Canada, nous n'avons cesse d'elargir nos equipes depuis 2021 avec plus de 1300 employes principalement bases a Fes. Nous venons d'etendre nos activites dans la partie nord du royaume en inaugurant un nouveau site a Rabat afin d'y poursuivre notre croissance avec comme objectif de plus que doubler nos effectifs a l'horizon 2024. A Cnexia nous faisons plus que supporter les clients de notre reseau a taille mondiale et les beneficiaires de nos divers services. Nous developpons des solutions innovantes et creons continuellement du contenu media multiplateforme original. Grace a cela, nous revolutionnons tous les jours la facon avec laquelle les Canadiens communiquent a travers le web et interagissent via des applications mobiles en les faisant beneficier d'une experience amelioree. Si vous etes prets a relever ce defi, nous vous invitons a rejoindre une communaute qui valorise les idees audacieuses et vous donne de multiples opportunites d'accomplissement de carriere dans un environnement multiculturel de classe mondiale ! « Chez Cnexia, nous offrons des opportunites egales a tous, sans distinction de race, couleur, origine, religion, sexe, nationalite, age, citoyennete, statut matrimonial ou handicap. »",Respect des règles | Volonté de persuasion | Distance émotionnelle | Implication au travail | Ténacité | Besoin d'action | Organisation | Travail en équipe,https://www.rekrute.com/offre-emploi-nous-recrutons-a-fes-des-conseillers-clients-francophones-recrutement-cnexia-fes-181769.html,N/A,2026-04-19T00:42:45.425725
rekrute,Service client bilingue (FR/EN) | Fes (Maroc),N/A (confidentiel),Fès et région - Maroc,CDI,Centre d'appels (métiers de)                                                                 - Secteur Centre d'appels,Débutant (-1 an),Bac Minimum,N/A,"Entreprise : Rejoignez Cnexia et faites le choix de faire partie d'un projet qui valorise l'innovation, promeut le developpement continu des competences et donne l'opportunite aux personnes creatives et ambitieuses du domaine des hautes technologies de realiser leurs objectifs professionnels. Fiers de notre statut de filiale Marocaine exclusive de l'operateur telecom historique du Canada, nous n'avons cesse d'elargir nos equipes depuis 2021 avec plus de 1300 employes principalement bases a Fes. Nous venons d'etendre nos activites dans la partie nord du royaume en inaugurant un nouveau site a Rabat afin d'y poursuivre notre croissance avec comme objectif de plus que doubler nos effectifs a l'horizon 2024. A Cnexia nous faisons plus que supporter les clients de notre reseau a taille mondiale et les beneficiaires de nos divers services. Nous developpons des solutions innovantes et creons continuellement du contenu media multiplateforme original. Grace a cela, nous revolutionnons tous les jours la facon avec laquelle les Canadiens communiquent a travers le web et interagissent via des applications mobiles en les faisant beneficier d'une experience amelioree. Si vous etes prets a relever ce defi, nous vous invitons a rejoindre une communaute qui valorise les idees audacieuses et vous donne de multiples opportunites d'accomplissement de carriere dans un environnement multiculturel de classe mondiale ! « Chez Cnexia, nous offrons des opportunites egales a tous, sans distinction de race, couleur, origine, religion, sexe, nationalite, age, citoyennete, statut matrimonial ou handicap. » | Culture de l'entreprise : Cnexia s’inscrit dans une culture fortement orientée vers la performance et la compétition , où l’ambition, le goût du challenge et l’orientation client constituent des moteurs clés de réussite. Cette dynamique est complétée par une dimension de coopération , favorisant la confiance, la solidarité et un management de proximité attentif à l’accompagnement des équipes. Elle intègre également une composante d’ innovation , encourageant l’initiative, l’adaptabilité et l’expérimentation. Enfin, une culture d’ organisation structurée soutient l’ensemble par la rigueur des processus, la fiabilité et l’efficacité opérationnelle. | Poste : Rejoignez Cnexia et faites le choix de faire partie dun projet qui valorise linnovation, promeut le developpement continu des competences et donne lopportunite aux personnes creatives et ambitieuses du domaine des hautes technologies et de la relation client de realiser leurs objectifs professionnels. | Profil recherché : Rejoignez Cnexia et faites le choix de faire partie dun projet qui valorise linnovation, promeut le developpement continu des competences et donne lopportunite aux personnes creatives et ambitieuses du domaine des hautes technologies et de la relation client de realiser leurs objectifs professionnels. Fiers de notre statut de filiale Marocaine exclusive de loperateur telecom historique du Canada , nous navons cesse delargir nos equipes depuis 2021 avec pres de 4000 employes principalement bases a Fes et Rabat . Nous venons detendre nos activites dans la partie sud du royaume en inaugurant un nouveau site a Casablanca afin dy poursuivre notre croissance avec comme objectif de devenir la plus grande compagnie de services au Maroc qui dessert le marche Canadien. Outre notre cadence de croissance qui est une des plus fortes et des plus ambitieuses au Maroc, nous sommes conscients que cela naurait pu etre possible sans lengagement quotidien et le talent de nos collaborateurs. Pour cela, nous accordons une grande importance a lequite, le bien etre au travail et le developpement de carriere de nos employes. Ainsi nous avons ete certifies Best place to work. Nous comptons actuellement une soixantaine de nos employes qui beneficient de nos differents programmes de parcours qualifiants, 80% de notre staff managerial emane de linterne et selon le dernier sondage interne de satisfaction, 86% de nos collaborateurs recommanderai cnexia a un ami. Si vous etes prets a relever ce defi, nous vous invitons a rejoindre une communaute qui valorise les idees audacieuses et vous donne de multiples opportunites daccomplissement de carriere dans un environnement multi culturel de classe mondiale ou lexcellence du service rendu cotoie une creativite et un talent sans equivoque ! « Chez Cnexia, nous offrons des opportunites egales a tous, sans distinction de race, couleur, origine, religion, sexe, nationalite, age, citoyennete, statut matrimonial ou handicap. »",Respect des règles | Volonté de persuasion | Distance émotionnelle | Implication au travail | Ténacité | Besoin d'action | Organisation | Travail en équipe,https://www.rekrute.com/offre-emploi-service-client-bilingue-fren-recrutement-cnexia-fes-181770.html,N/A,2026-04-19T00:42:52.420104
rekrute,Contrôleur Interne | Casablanca (Maroc),PwC,Casablanca et région - Maroc,CDI,Audit / Conseil - Gestion / Comptabilité / Finance - Secteur Comptabilité / Audit,Junior (1 à 3 ans) - Intermédiaire (3 à 5 ans),Bac +5 et plus Minimum - Master,N/A,"Entreprise : PwC est le leader mondial sur le marché de l’audit financier, et compte plus de 236 000 collaborateurs dans le monde. Il réalise des missions d'audit, d'expertise comptable et de conseil pour des organisations de toutes tailles et de tous secteurs d’activité. Succursale de PwC audit France, PwC Services (SDC Casablanca) a été créé en 2011 et installée à Casanearshore, dans le but de réaliser à distance un certain nombre de services. Forte de plus de 140 collaborateurs, PwC Services opère aujourd’hui dans des missions d’audit et de commissariat aux comptes dédiés au marché français.  Ses équipes possèdent une très bonne connaissance de l’environnement juridique, fiscal, économique et financier de la France, leur permettant d’apporter le support nécessaire au bon fonctionnement des travaux. | Culture de l'entreprise : PwC se caractérise par une culture fortement structurée et orientée organisation , où la rigueur des processus, la fiabilité et l’exigence de qualité constituent des piliers de la performance. Cette approche est étroitement complétée par une dimension collaborative de même intensité , favorisant la confiance, l’engagement collectif et un management de proximité axé sur l’accompagnement des talents. La recherche de résultats mesurables et la réputation du cabinet introduisent une logique de compétition maîtrisée , tandis que l’innovation, bien que présente, demeure plus encadrée et secondaire. | Poste : Dans le cadre de nos activités, nous recrutons un Contrôleur Interne confirmé principalement chargé de missions auprès d’une clientèle composée de grands acteurs nationaux et internationaux. Les missions et responsabilités : Participer à l’évaluation et à l’amélioration des processus financiers et comptables. Identifier les risques et proposer des plans d’action correctifs. Réaliser des missions de contrôle de conformité et d’audit interne. Collaborer avec les équipes comptables, financières et opérationnelles. Contribuer à la rédaction et à la mise à jour des procédures internes. | Profil recherché : 3 à 4 ans d’expérience, dont au moins 2 ans dans des fonctions decontrôle interne, audit interne ou une fonction similaire. Bac+5 en finance, audit, contrôle de gestion ou équivalent. Bonne connaissance des normes de contrôle interne. Esprit d’analyse, rigueur, autonomie et sens de la confidentialité. Excellentes capacités rédactionnelles et relationnelles.",Conventionnel | Respect des règles | Besoin d'objectivité | Rationalisme | Flexibilité | Besoin de réflexion | Organisation,https://www.rekrute.com/offre-emploi-controleur-interne-recrutement-pwc-casablanca-181768.html,N/A,2026-04-19T00:42:57.305804
rekrute,Conseiller Commercial en Regroupement de Crédits - Tanger | Tanger (Maroc),L'expert des solutions financières Créée en 1996,Tanger et région - Maroc,CDI,Banque (métiers de la) - Centre d'appels (métiers de) - Secteur Banque / Finance								- Centre d'appels,Junior (1 à 3 ans),Bac +3 Minimum - Licence - Master,- Salaire Net 5000 Dhs + Primes déplafonnées pouvant atteindre 30.000 Dhs et +,"Entreprise : L'expert des solutions financières Créée en 1996, PARTNERS FINANCES est une société experte en solutions financières de restructuration et de réaménagement de crédits. Leader de l’intermédiation en regroupement de crédits sur le marché français en tant que IOBSP, elle doit sa notoriété à son savoir-faire et à son engagement au service de la clientèle et de ses partenaires. Son implantation sur l’hexagone, son expertise et son respect du cadre législatif et réglementaire en ont fait un acteur incontournable de l’intermédiation bancaire. Nous sommes une entreprise ambitieuse, toujours en quête de développement, valorisant les efforts liés aux performances commerciales et favorisant le développement des compétences individuelles et collectives. | Culture de l'entreprise : ELOAN se distingue par une culture fortement orientée vers la performance et la compétition , où l’ambition, le goût du challenge et l’atteinte d’objectifs chiffrés constituent des moteurs clés. Cette dynamique est presque équivalemment complétée par une culture de coopération , plaçant l’humain, la confiance et la responsabilisation au cœur du fonctionnement, avec un management de proximité favorisant l’accompagnement et l’engagement des équipes. Une dimension d’ organisation vient structurer l’ensemble, garantissant rigueur, fiabilité des processus et efficacité opérationnelle. L’ innovation , quant à elle, occupe une place très limitée et s’inscrit de manière marginale dans la culture globale. | Poste : Nous sommes à la recherche des Conseillers en Regroupement de Crédit. En tant qu’intermédiaire entre le client et nos partenaires bancaires, vous serez au cœur de l’accompagnement des projets de financement de nos clients. Missions : - Prospecter et conseiller les clients dans le cadre du regroupement de crédits. - Identifier les besoins et proposer les solutions adaptées.- Assurer un suivi commercial de qualité pour fidéliser la clientèle. - Atteindre les objectifs de performance fixés par la direction. - Conduire des entretiens pour cerner les besoins des clients et proposer des solutions pour bénéficier des crédits bancaires sur mesure. - Réaliser des simulations et analyser les situations financières. - Monter les dossiers et assurer le suivi jusqu’au déblocage des fonds. - Relancer les clients pour optimiser les retours. - Négocier les meilleures conditions auprès de nos banques partenaires. | Profil recherché : - De formation Bac+5 en Banque, Finance, Commerce - Vous avez une expérience significative dans la vente et le conseil auprès d’une clientèle de particuliers - Vous appréciez plus particulièrement la relation client par téléphone - Vous faites preuve au quotidien de polyvalence, de réactivité et de rigueur - Dynamique, avec un sens de l’écoute et du relationnel développé, vous aimez vous dépasser et être rémunéré à la hauteur de vos performances - Parfaite maîtrise de la langue française, à l'oral comme à l'écrit. - Une expérience significative dans un poste commercial ou de chargé(e) de clientèle. - Une réelle appétence pour les objectifs commerciaux. - Une aisance dans la relation client, particulièrement par téléphone. - Polyvalence, réactivité et rigueur sont vos maîtres-mots Ce que nous offrons : - Salaire Net 5000 Dhs + Primes déplafonnées pouvant atteindre 30.000 Dhs et + -Formation complète (IOBSP) pour monter en compétences rapidement. - Horaires fixes et poste sédentaire : équilibre pro/perso assuré. - Panier Ramadan & Primes de l'Aid Kbir ( Nous ne travaillons pas ) - Conventions avec des Banques/Opticiens/Hôpitaux/Médecins/Hotels/Salles de fitness - Mutuelle prise en charge par l'employeur à 100% - CIMR - Avance sur salaire - Pleins d'autres avantages",Respect des règles | Volonté de persuasion | Distance émotionnelle | Besoin d'action | Travail en équipe | Conventionnel | Implication au travail | Organisation,https://www.rekrute.com/offre-emploi-conseiller-commercial-en-regroupement-de-credits---tanger-recrutement-eloan-tanger-181767.html,N/A,2026-04-19T00:42:59.614495
rekrute,Stagiaire en Recrutement | Rabat (Maroc),N/A (confidentiel),Rabat et région - Maroc,Stage,RH / Personnel / Formation                                                                 - Secteur Centre d'appels,Débutant (-1 an),Bac +3 Minimum - Université,N/A,"Entreprise : Rejoignez Cnexia et faites le choix de faire partie d’un projet qui valorise l’innovation, promeut le développement continu des compétences et donne l’opportunité aux personnes créatives et ambitieuses du domaine des hautes technologies et de la relation client de réaliser leurs objectifs professionnels. Fiers de notre statut de filiale Marocaine exclusive de l’opérateur télécom historique du Canada , nous n’avons cessé d’élargir nos équipes depuis 2021 avec près de 4000 employés principalement basés à Fès et Rabat . Nous venons d’étendre nos activités dans la partie sud du royaume en inaugurant un nouveau site à Casablanca afin d’y poursuivre notre croissance avec comme objectif de devenir la plus grande compagnie de services au Maroc qui dessert le marché Canadien. Outre notre cadence de croissance qui est une des plus fortes et des plus ambitieuses au Maroc, nous sommes conscients que cela n’aurait pu être possible sans l’engagement quotidien et le talent de nos collaborateurs. Pour cela, nous accordons une grande importance à l’équité, le bien être au travail et le développement de carrière de nos employés. Ainsi nous avons été certifiés Best place to work. Nous comptons actuellement une soixantaine de nos employés qui bénéficient de nos différents programmes de parcours qualifiants, 80% de notre staff managérial émane de l’interne et selon le dernier sondage interne de satisfaction, 86% de nos collaborateurs recommanderai cnexia à un ami. Si vous êtes prêts à relever ce défi, nous vous invitons à rejoindre une communauté qui valorise les idées audacieuses et vous donne de multiples opportunités d’accomplissement de carrière dans un environnement multi culturel de classe mondiale ou l’excellence du service rendu côtoie une créativité et un talent sans équivoque ! « Chez Cnexia, nous offrons des opportunités égales à tous, sans distinction de race, couleur, origine, religion, sexe, nationalité, âge, citoyenneté, statut matrimonial ou handicap. » | Culture de l'entreprise : Cnexia s’inscrit dans une culture fortement orientée vers la performance et la compétition , où l’ambition, le goût du challenge et l’orientation client constituent des moteurs clés de réussite. Cette dynamique est complétée par une dimension de coopération , favorisant la confiance, la solidarité et un management de proximité attentif à l’accompagnement des équipes. Elle intègre également une composante d’ innovation , encourageant l’initiative, l’adaptabilité et l’expérimentation. Enfin, une culture d’ organisation structurée soutient l’ensemble par la rigueur des processus, la fiabilité et l’efficacité opérationnelle. | Poste : - Sourcing de candidats : Utiliser diverses plateformes et méthodes pour diffuser les annonces, identifier et contacter des candidats potentiels, en accord avec les profils recherchés. - Présélection des candidats : Évaluer les CV et les profils en ligne afin de sélectionner les candidats correspondant aux critères définis par les managers de recrutement. - Coordination des entretiens : Organiser les entretiens téléphoniques, vidéo ou en personne entre les candidats présélectionnés et les responsables des ressources humaines ou les managers opérationnels. - Suivi des candidatures : Assurer le suivi des candidats tout au long du processus de recrutement, en maintenant une communication transparente et en répondant à leurs questions éventuelles. - Participation aux entretiens : Observer et participer activement aux entretiens avec les candidats afin de mieux comprendre les besoins des différents départements et de contribuer à l'évaluation des compétences des candidats. - Administration : Gérer la documentation relative aux candidatures, mettre à jour la base de données des candidats et contribuer à l'amélioration des processus internes de recrutement. | Profil recherché : - Bac+3/5 en gestion des ressources humaines ou une spécialistée équivalente. - Excellentes compétences en communication française et anglaise. - Capacité à travailler de manière autonome tout en collaborant efficacement au sein d'une équipe. - Bonne maîtrise des outils informatiques et des plateformes de recrutement en ligne. - Sens de l'organisation et gestion efficace des priorités. - Capacité à respecter la confidentialité des informations.",Respect des règles | Besoin d'objectivité | Travail en équipe | Implication au travail | Ambition | Organisation,https://www.rekrute.com/offre-emploi-stagiaire-en-recrutement-recrutement-cnexia-rabat-181162.html,N/A,2026-04-19T00:43:02.811931
rekrute,Assistante de Direction | Fès (Maroc),N/A (confidentiel),1 poste(s) - Maroc,CDI,Assistanat de Direction / Services Généraux - Gestion / Comptabilité / Finance - Secteur Autres Industries								- Autres services,Intermédiaire (3 à 5 ans) - Confirmé (5 à 10 ans),Bac +2 - BTS / DUT - Formation professionnelle,N/A,"Entreprise : La SOCIETE DE DEVELOPPEMENT DES SERVICES PUBLICS DE DISTRIBUTION S.A. est une société de Développement Local, qui a pour missions de participer à la gestion et au développement des Services Publics de distribution, et cela à travers notamment, les prestations : D’accompagnement dans le domaine financier et de l'ingénierie financière, et dans la mobilisation et la gestion des financements ; De suivi et d'évaluation de la gestion et des indicateurs de performance inhérents aux Services Publics ; De gestion des dettes de financement liées à l’activité de distribution ; D’harmonisation des règles communes et process concernant la gestion des Services Publics. Notre société accompagne les acteurs du secteur de la distribution d’électricité, d’eau potable et d’assainissement liquide, notamment les GCT (Groupements de Collectivités Territoriales) et les SRM (les sociétés Régionales Multiservices) nouvellement mises en place. | Poste : Principales Missions: • Assister le Directeur dans la gestion de son agenda (planification des rendez-vous, déplacements, réunions). • Organiser les réunions, rédiger des ordres du jour, les comptes rendus et les correspondances. • Filtrer les appels téléphoniques et gérer la correspondance, notamment les courriers, emails et autres demandes. • Coordonner les déplacements (réservations de billets, hébergements, itinéraires). • Gérer le classement et les archives des documents de la direction générale. • Gérer les relations avec les clients, fournisseurs et partenaires externes, répondre à leurs demandes et veiller à l’organisation des événements ou visites. • Et toute autre mission en adéquation avec le profil demandé | Profil recherché : Formation et compétences requises : • Diplôme d'Etat Bac+2 en Gestion, Economie, assistanat de direction • Expérience minimum de 5 ans dans l’Assistanat de Direction ou poste similaire • Excellente maîtrise des outils informatiques (Microsoft Office) Traits de personnalité souhaités : • Excellentes capacités de communication orale et écrite. • Discrétion et gestion de l’information confidentielle. • Sens de l’organisation, rigueur et autonomie. • Bonne capacité à travailler en équipe et à interagir avec différents services.",Respect des règles | Distance émotionnelle | Rationalisme | Travail en équipe | Besoin d'objectivité | Flexibilité | Implication au travail | Organisation,https://www.rekrute.com/offre-emploi-assistante-de-direction-recrutement-societe-de-developpement-des-services-publics-de-distribution-fes-181766.html,N/A,2026-04-19T00:43:05.659805
rekrute,Responsable d'Affaires Industrie Sénior (H/F) | Casablanca (Maroc),N/A,Tout le Maroc - Maroc,CDI,Electricité - Gestion projet / Etudes / R&D - Secteur Electro-mécanique / Mécanique								- Electricité,Intermédiaire (3 à 5 ans) - Confirmé (5 à 10 ans),Bac +5 et plus Minimum - Ecole d'ingénieur,N/A,"Entreprise : À Propos de VINCI Energies Afrique de l'Ouest VINCI Energies Afrique de l'Ouest (VEAO) est un pôle de VINCI Energie, entité du Groupe VINCI, regroupant plus de 3000 collaborateurs répartis à travers 5 pays de la région (Bénin, Côte d'Ivoire, Guinée, Sénégal, Maroc et Mauritanie) et représenté par 6 marques : Omexom, Actemium, Axians, Citeos, Cegelec, VINCI Energies Building Solutions et VINCI Facilities. Présent au Maroc à travers la marque Cegelec depuis 1946 et solidement ancré en Afrique par ses 55 entreprises, VEAO offre aujourd’hui à ses partenaires une large palette d’expertises (conception, réalisation et maintenance) dans l’énergie, l’industrie, le tertiaire et les télécommunications. VINCI Energies au Maroc, contribue activement au développement économique et social du pays en s’appuyant sur les compétences pluridisciplinaires de ses équipes locales et bénéficie du vaste réseau de marques de VINCI Energies pour offrir des solutions innovantes et pérennes à ses clients. | Poste : Nous sommes à la recherche d'un(e) Responsable d'Affaires Industrie Sénior pour rejoindre notre équipe dynamique. Le candidat idéal possède au moins 10 ans d'expérience dans les domaines suivants: électronique, électrotechnique ou automatisme, avec une expertise avérée dans la gestion de projets techniques et commerciale. Responsabilités : Gestion complète des projets, de la conception à la mise en service, en veillant au respect des délais, des budgets et des normes de qualité. Développement et gestion de la relation client, en assurant un suivi régulier et en identifiant de nouvelles opportunités commerciales. Coordination des équipes internes et externes pour garantir la réussite des projets et la satisfaction des clients. Analyse des besoins clients et proposition de solutions adaptées, en collaboration avec les équipes techniques et commerciales. Veille concurrentielle et suivi des évolutions du marché pour maintenir la compétitivité de l'entreprise. | Profil recherché : Diplôme d'ingénieur issu d'une grande école, de préférence avec une spécialisation en Electricité, Electromécanique, Electronique industrielle, Automatisme ou domaine connexe. Minimum 5 ans d'expérience dans un poste similaire, avec une solide expérience dans la gestion de projets. Compétences avancées en gestion commerciale, avec la capacité à développer de nouvelles opportunités d'affaires et à fidéliser les clients existants. Excellentes compétences en communication et en leadership, avec la capacité à travailler efficacement en équipe et à motiver les collaborateurs. Orienté(e) résultats, avec une forte orientation client et un sens développé de la satisfaction client.",Recherche de nouveauté | Ambition | Organisation,https://www.rekrute.com/offre-emploi-responsable-daffaires-industrie-senior-hf-recrutement-vinci-energies-afrique-de-louest-casablanca-180849.html,N/A,2026-04-19T00:43:08.890196
rekrute,Technicien Hydraulicien ou Electricien | Fès (Maroc),N/A (confidentiel),1 poste(s) - Maroc,CDI,Electricité - Travaux / Chantiers / BTP - Secteur BTP / Génie Civil								- Electricité,Junior (1 à 3 ans) - Intermédiaire (3 à 5 ans),Bac +2 - BTS / DUT - Formation spécialisée,N/A,"Entreprise : La SOCIETE DE DEVELOPPEMENT DES SERVICES PUBLICS DE DISTRIBUTION S.A. est une société de Développement Local, qui a pour missions de participer à la gestion et au développement des Services Publics de distribution, et cela à travers notamment, les prestations : D’accompagnement dans le domaine financier et de l'ingénierie financière, et dans la mobilisation et la gestion des financements ; De suivi et d'évaluation de la gestion et des indicateurs de performance inhérents aux Services Publics ; De gestion des dettes de financement liées à l’activité de distribution ; D’harmonisation des règles communes et process concernant la gestion des Services Publics. Notre société accompagne les acteurs du secteur de la distribution d’électricité, d’eau potable et d’assainissement liquide, notamment les GCT (Groupements de Collectivités Territoriales) et les SRM (les sociétés Régionales Multiservices) nouvellement mises en place. | Poste : Nous recherchons un profil de Technicien Hydraulicien ou Electricien Missions Principales: Suivi et contrôle des travaux Etablissement des rapports de visite de chantier Suivi de la réalisation des investissements Lecture et interprétation de plans techniques Rédaction des notes techniques et rapports d'intervention une expérience dans les métiers du secteur de distribution est un atout | Profil recherché : Formation et compétences requises : Diplôme d'Etat de ""Bac +2"" ou équivalent en hydraulique ou Génie Civil ou Génie électrique. Expérience professionnelle de 2ans ou plus; Maitrise des logiciels dans les domaines. Traits de personnalité souhaités : Capacités d’organisation et de rigueur. Intégrité et Disponibilité. Bonne capacité d'analyses Aptitude à travailler en équipe. Bonne communication orale et écrite",Respect des règles | Besoin d'objectivité | Besoin d'action | Travail en équipe | Implication au travail | Ambition | Organisation,https://www.rekrute.com/offre-emploi-technicien-hydraulicien-ou-electricien-recrutement-societe-de-developpement-des-services-publics-de-distribution-fes-181765.html,N/A,2026-04-19T00:43:11.899993
rekrute,Ingénieur en Hydraulique | Fès (Maroc),N/A (confidentiel),1 poste(s) - Maroc,CDI,Gestion projet / Etudes / R&D - Travaux / Chantiers / BTP - Secteur Conseil / Etudes								- Autres services,Intermédiaire (3 à 5 ans),Bac +5 et plus - Ecole d'ingénieur,N/A,"Entreprise : La SOCIETE DE DEVELOPPEMENT DES SERVICES PUBLICS DE DISTRIBUTION S.A. est une société de Développement Local, qui a pour missions de participer à la gestion et au développement des Services Publics de distribution, et cela à travers notamment, les prestations : D’accompagnement dans le domaine financier et de l'ingénierie financière, et dans la mobilisation et la gestion des financements ; De suivi et d'évaluation de la gestion et des indicateurs de performance inhérents aux Services Publics ; De gestion des dettes de financement liées à l’activité de distribution ; D’harmonisation des règles communes et process concernant la gestion des Services Publics. Notre société accompagne les acteurs du secteur de la distribution d’électricité, d’eau potable et d’assainissement liquide, notamment les GCT (Groupements de Collectivités Territoriales) et les SRM (les sociétés Régionales Multiservices) nouvellement mises en place. | Poste : Nous recherchons un profil de "" Ingénieur en Hydraulique"" pour notre Entité à Fès Principales missions du poste: • Examiner et étudier les budgets annuels d’investissement, les programmes prévisionnels et les plans pluriannuels d’investissement pour le métier de l'Eau ; • Assurer le suivi de la réalisation des budgets d’investissement et effectuer des contrôles des projets d’investissements par des visites sur chantiers ; • Valoriser les dossiers d’investissement ; • Examiner les dossiers d’appel d’offres et assister au processus d’adjudication des marchés (ouverture administrative, technique, validation du rapport du jugement technique, ouverture financière …) ; • Contribuer et examiner l’actualisation du bordereau des prix unitaires –BPU-. • Préparer et lancer les audits techniques, et suivre leurs réalisations ; • Auditer les procédures techniques mises en place ; • Effecteur un suivi des performances techniques en veillant au respect des objectifs contractuels ; • Suivre l’évolution des techniques, des technologies, des Normes et de la réglementation ; • Contrôler l’amélioration de la gestion et de l’exploitation des réseaux et s’assurer de la mise en place des moyens et outils nécessaires pour la gestion technique ; • Veiller à la tenue et la mise à jour des plans des réseaux sur le SIG ; • Veiller à la mise en œuvre des décisions du Comité de Suivi portant sur les investissements. | Profil recherché : Profil recherché: Diplôme d’Ingénieur d’Etat ou équivalent en Hydraulique, Génie Civil . Expérience de 2 à 6 ans dans le domaine Hydraulique. Maitrise de la réglementation des marchés publics. Bonne maîtrise des outils informatiques (Microsoft Office) Maitrise des logiciels techniques liés à l’activité. Traits de personnalité souhaités: Compétences communicationnelles (oral et écrit) Capacité relationnelle, esprit d'équipe, esprit d’analyse Ponctualité, assiduité et disponibilité Rigueur, organisation, planification et autonomie Respect des procédures et des règles de sécurité",Respect des règles | Besoin d'objectivité | Rationalisme | Ténacité | Besoin d'autonomie | Implication au travail | Ambition | Organisation,https://www.rekrute.com/offre-emploi-ingenieur-en-hydraulique-recrutement-societe-de-developpement-des-services-publics-de-distribution-fes-181763.html,N/A,2026-04-19T00:43:14.620010
rekrute,Chargé d’assistance (H/F) | Technopolis (Maroc),AXA Services Maroc,Rabat et région - Maroc,CDI,Commercial / Vente / Export - Centre d'appels (métiers de) - Secteur Assurance / Courtage								- Centre d'appels,Junior (1 à 3 ans),Bac +2 Minimum,"Une formation rémunérée dès le premier jour et perçue dès le premier salaire,","Entreprise : AXA Services Maroc est le centre d'expertise en relation client au Maroc des sociétés : AXA France, AXA Direct France, AXA Assistance, AXA Belgique et AXA Suisse Présents à Rabat depuis mai 2004 et à Kénitra depuis 2024, nous sommes à ce jour plus de 4 500 collaborateurs. Nous rejoindre : C'est choisir la première marque d'assurance mondiale C'est bénéficier d'une multitude d'avantages bien au-delà des normes du marché C'est évoluer dans un environnement valorisant proposant une diversité de métiers C'est intégrer un groupe responsable, offrant une véritable culture d'entreprise, basée sur le développement des compétences de chacun Nos métiers : Le savoir-faire de nos équipes couvre les principaux métiers de l'assurance : La vente de contrats La gestion des contrats assurances de dommages et des personnes La gestion des sinistres Auto et Habitation Le règlement des prestations Santé La mise en jeu des garanties Assistance La prise de rendez-vous pour le compte de nos Agents Généraux La gestion des contrats Epargne | Culture de l'entreprise : Axa Services Maroc évolue dans une culture largement orientée coopération , où l’humain, la confiance et la qualité des relations constituent des piliers essentiels. L’entreprise encourage un management de proximité, fondé sur l’accompagnement, la responsabilisation et l’esprit d’équipe. Cette dynamique collaborative est structurée par des pratiques organisationnelles solides, garantissant rigueur, fiabilité et efficacité opérationnelle. Elle est complétée par une exigence de performance et une ouverture mesurée à l’innovation, au service des objectifs collectifs. | Poste : En tant que Chargé d'assistance, vous serez responsable de la prise en charge des appels des assurés en difficulté et de la mise en place de solutions d'assistance adaptées, tout en respectant notre qualité de service et nos procédures internes. Vous devrez accompagner les clients en situation d’urgence en organisant l’ensemble des prestations d’assistance conformément aux règles du métier et de la gestion de la relation client. Gestion de la relation client : Réceptionner les appels des clients en situation d’urgence. Analyser les demandes d’assistance et vérifier les garanties du client. Proposer les solutions les plus adaptées à la situation du client dans les limites contractuelles. Organiser et mettre en œuvre la prestation d’assistance (interventions sur le terrain, réservations…). Superviser les opérations d’assistance jusqu’à la clôture du dossier. Alerter sa hiérarchie sur les dossiers délicats. Réaliser des actions commerciales sur appels entrants en proposant aux clients des produits et garanties complémentaires adaptés à leurs besoins ou en les orientant vers nos réseaux partenaires. Règlement des factures d’assistance : Analyser les demandes de remboursement et vérifier les garanties du client. Contrôler la conformité des prestations à rembourser. Prendre en charge le règlement des factures clients. | Profil recherché : De formation bac+2 et plus, vous : Maîtrisez parfaitement la langue française à l'oral et à l'écrit, Maîtrisez les techniques de vente par téléphone ainsi que les logiciels de bureautique, Avez la fibre commerciale, Êtes combatif et vous aimez les défis et challenges, Avez une excellente faculté d'écoute et de persuasion. Nous vous offrons: Une formation rémunérée dès le premier jour et perçue dès le premier salaire, Une politique parentale se positionnant bien au-delà des normes du marché : Un congé maternité de 16 semaines avec maintien de 100% du salaire et un congé paternité de 4 semaines avec maintien de 100% du salaire, Une Prime d’Aïd Al Adha allant jusqu’à 2000 Dh, Indemnité repas, Une Protection sociale (retraite complémentaire, assurance maladie, prévoyance), Avantages en nature (transport, cadeaux nouveaux nés..), Actionnariat salarié, Conventions (banque, assurance auto, médecin, prêt à porter…).",Volonté de persuasion | Extraversion | Intuition / Spontanéité | Ambition | Flexibilité | Distance émotionnelle,https://www.rekrute.com/offre-emploi-charge-dassistance-hf-recrutement-axa-services-maroc-technopolis-181761.html,N/A,2026-04-19T00:43:17.784239
rekrute,Conseillers en assurance - Gestionnaires sinistres Auto et habitation | Rabat / Technopolis (Maroc),AXA Services Maroc,Rabat et région - Maroc,CDI,Centre d'appels (métiers de)                                                                 - Secteur Assurance / Courtage								- Centre d'appels,Junior (1 à 3 ans),Bac +2 Minimum - Formation spécialisée,N/A,"Entreprise : AXA Services Maroc est le centre d'expertise en relation client au Maroc des sociétés : AXA France, AXA Direct France, AXA Assistance, AXA Belgique et AXA Suisse Présents à Rabat depuis mai 2004 et à Kénitra depuis 2024, nous sommes à ce jour plus de 4 500 collaborateurs. Nous rejoindre : C'est choisir la première marque d'assurance mondiale C'est bénéficier d'une multitude d'avantages bien au-delà des normes du marché C'est évoluer dans un environnement valorisant proposant une diversité de métiers C'est intégrer un groupe responsable, offrant une véritable culture d'entreprise, basée sur le développement des compétences de chacun Nos métiers : Le savoir-faire de nos équipes couvre les principaux métiers de l'assurance : La vente de contrats La gestion des contrats assurances de dommages et des personnes La gestion des sinistres Auto et Habitation Le règlement des prestations Santé La mise en jeu des garanties Assistance La prise de rendez-vous pour le compte de nos Agents Généraux La gestion des contrats Epargne | Culture de l'entreprise : Axa Services Maroc évolue dans une culture largement orientée coopération , où l’humain, la confiance et la qualité des relations constituent des piliers essentiels. L’entreprise encourage un management de proximité, fondé sur l’accompagnement, la responsabilisation et l’esprit d’équipe. Cette dynamique collaborative est structurée par des pratiques organisationnelles solides, garantissant rigueur, fiabilité et efficacité opérationnelle. Elle est complétée par une exigence de performance et une ouverture mesurée à l’innovation, au service des objectifs collectifs. | Poste : En qualité de Régleur sinistre, votre mission principale serait d'assurer un niveau de prestations de gestion des sinistres de qualité conformément aux objectifs quantitatifs et qualitatifs du pôle en recherchant la satisfaction durable du client et de la maitrise des coûts des sinistres Vous serez amené à assurer la gestion des sinistres depuis la déclaration jusqu'à la clôture : Prendre en charge les flux entrants (flux téléphoniques ou différés) émanant directement ou indirectement des clients Etudier les déclarations de sinistre et déterminer les garanties et prestations à mettre en jeu en fonction du contrat, détecter les possibilités de recours et missionner les experts si nécessaire Analyser les demandes et traite les différents actes qui en découlent Analyser les risques et contrôle la conformité des dossiers et en informer les services concernés Détecter les fraudes et transmettre le dossier au correspondant fraude Rechercher les solutions d'indemnisation, négocier selon la solution mise en Oeuvre le montant de l'indemnisation et proposer des offres de services associées dans l'objectif d'une meilleure maîtrise des coûts techniques Renseigner, orienter et répondre aux sollicitations des clients/agents généraux/prestataires par courrier, téléphone, fax Alerter sa hiérarchie sur les dossiers délicats Procéder au règlement du sinistre dans la limite du pouvoir de règlement et clôture ou transfère le dossier Peut-être amené à analyser la situation contractuelle des clients compte-tenu de leur niveau de couverture Peut être amené à commercialiser selon les opportunités des services répondant à leurs besoins | Profil recherché : De formation supérieure de Bac + 2 à Bac + 4 vous : Maîtrisez parfaitement la langue française à l'écrit et à l'oral. Maitrisez les techniques de la gestion de la relation client ainsi que les logiciels de bureautique. Avez l'esprit du détail et d'analyse. Avez une forte capacité d'argumentation. Avez un sens de responsabilité et d'esprit d'équipe. Savez-vous adapter aux évolutions et aux changements",Extraversion | Distance émotionnelle | Conventionnel | Flexibilité,https://www.rekrute.com/offre-emploi-conseillers-en-assurance---gestionnaires-sinistres-auto-et-habitation-recrutement-axa-services-maroc-rabat-technopolis-181760.html,N/A,2026-04-19T00:43:20.160477
rekrute,Ingénieur en Electricité | Fès (Maroc),N/A (confidentiel),1 poste(s) - Maroc,CDI,Electricité - Gestion projet / Etudes / R&D - Secteur Electro-mécanique / Mécanique								- Electricité,Intermédiaire (3 à 5 ans),Bac +5 et plus - Ecole d'ingénieur,N/A,"Entreprise : La SOCIETE DE DEVELOPPEMENT DES SERVICES PUBLICS DE DISTRIBUTION S.A. est une société de Développement Local, qui a pour missions de participer à la gestion et au développement des Services Publics de distribution, et cela à travers notamment, les prestations : D’accompagnement dans le domaine financier et de l'ingénierie financière, et dans la mobilisation et la gestion des financements ; De suivi et d'évaluation de la gestion et des indicateurs de performance inhérents aux Services Publics ; De gestion des dettes de financement liées à l’activité de distribution ; D’harmonisation des règles communes et process concernant la gestion des Services Publics. Notre société accompagne les acteurs du secteur de la distribution d’électricité, d’eau potable et d’assainissement liquide, notamment les GCT (Groupements de Collectivités Territoriales) et les SRM (les sociétés Régionales Multiservices) nouvellement mises en place. | Poste : Nous recherchons un profil de "" Ingénieur en Electricité"" pour notre Entité à Fès Principales missions du poste: • Examiner et étudier les budgets annuels d’investissement, les programmes prévisionnels et les plans pluriannuels d’investissement pour le métier électricité ; • Assurer le suivi de la réalisation des budgets d’investissement et effectuer des contrôles des projets d’investissements par des visites sur chantiers ; • Valoriser les dossiers d’investissement ; • Examiner les dossiers d’appel d’offres et assister au processus d’adjudication des marchés (ouverture administrative, technique, validation du rapport du jugement technique, ouverture financière …) ; • Contribuer et examiner l’actualisation du bordereau des prix unitaires –BPU-. • Préparer et lancer les audits techniques, et suivre leurs réalisations ; • Auditer les procédures techniques mises en place ; • Effecteur un suivi des performances techniques en veillant au respect des objectifs contractuels ; • Suivre l’évolution des techniques, des technologies, des Normes et de la réglementation ; • Contrôler l’amélioration de la gestion et de l’exploitation des réseaux et s’assurer de la mise en place des moyens et outils nécessaires pour la gestion technique ; • Veiller à la tenue et la mise à jour des plans des réseaux sur le SIG ; • Veiller à la mise en œuvre des décisions du Comité de Suivi portant sur les investissements. | Profil recherché : Profil recherché: Diplôme d’Ingénieur d’Etat ou équivalent en génie électrique ou électrotechnique ou électromécanique. Expérience de 2 à 6 ans dans le domaine. Maitrise de la réglementation des marchés publics. Bonne maîtrise des outils informatiques (Microsoft Office) Maitrise des logiciels techniques liés à l’activité. Traits de personnalité souhaités: Compétences communicationnelles (oral et écrit) Capacité relationnelle, esprit d'équipe, esprit d’analyse Ponctualité, assiduité et disponibilité Rigueur, organisation, planification et autonomie Respect des procédures et des règles de sécurité",Respect des règles | Rationalisme | Equilibre personnel | Ambition | Besoin d'objectivité | Besoin de réflexion | Besoin d'autonomie | Organisation,https://www.rekrute.com/offre-emploi-ingenieur-en-electricite-recrutement-societe-de-developpement-des-services-publics-de-distribution-fes-181759.html,N/A,2026-04-19T00:43:22.785694
rekrute,Cadre financier | Fès (Maroc),N/A (confidentiel),1 poste(s) - Maroc,CDI,Audit / Conseil - Gestion / Comptabilité / Finance - Secteur Banque / Finance								- Comptabilité / Audit,Intermédiaire (3 à 5 ans),Bac +5 et plus - Ecole de commerce - Master,N/A,"Entreprise : La SOCIETE DE DEVELOPPEMENT DES SERVICES PUBLICS DE DISTRIBUTION S.A. est une société de Développement Local, qui a pour missions de participer à la gestion et au développement des Services Publics de distribution, et cela à travers notamment, les prestations : D’accompagnement dans le domaine financier et de l'ingénierie financière, et dans la mobilisation et la gestion des financements ; De suivi et d'évaluation de la gestion et des indicateurs de performance inhérents aux Services Publics ; De gestion des dettes de financement liées à l’activité de distribution ; D’harmonisation des règles communes et process concernant la gestion des Services Publics. Notre société accompagne les acteurs du secteur de la distribution d’électricité, d’eau potable et d’assainissement liquide, notamment les GCT (Groupements de Collectivités Territoriales) et les SRM (les sociétés Régionales Multiservices) nouvellement mises en place. | Poste : Nous recherchons un profil de Cadre Financier pour notre Entité à Fès. Principales missions: Examiner et analyser le reporting des indicateurs de performance financiers et les indicateurs de gestion prévus par le Contrat de Gestion ; Mener des missions d’audit et de contrôle portant sur les aspects financiers ; Examiner le compte rendu de gestion et le compte rendu financier de la SRM ; Contrôler la fiabilité des informations produites par la SRM ; Rédiger et/ou mettre à jour les rapports, comptes rendus d'activité et autres documents. | Profil recherché : Profil recherché : • Diplôme d'Etat de Bac +5 ou équivalent en Finance/ Audit et Contrôle de gestion ; • Expérience de 2 à 5 ans dans le domaine. • Bonne connaissance des principes / règles comptables et fiscales publics et privés ; • Bonne maîtrise des outils informatiques (Microsoft Office) • Maitrise des logiciels techniques liés à l’activité est un atout. Traits de personnalité souhaités: • Compétences communicationnelles (oral et écrit) • Capacité relationnelle, esprit d'équipe, esprit d’analyse • Ponctualité, assiduité et disponibilité • Rigueur, organisation, planification et autonomie • Respect des procédures et des règles de sécurité",Respect des règles | Besoin d'objectivité | Rationalisme | Flexibilité | Besoin de réflexion | Implication au travail | Organisation,https://www.rekrute.com/offre-emploi-cadre-financier-recrutement-societe-de-developpement-des-services-publics-de-distribution-fes-181758.html,N/A,2026-04-19T00:43:26.077584
rekrute,Responsable  Administratif et Financier | Fès (Maroc),N/A (confidentiel),1 poste(s) - Maroc,CDI,Audit / Conseil - Gestion / Comptabilité / Finance - Secteur Comptabilité / Audit								- Conseil / Etudes,Expert (10 à 20 ans),Bac +5 et plus - Ecole de commerce - Master,N/A,"Entreprise : La SOCIETE DE DEVELOPPEMENT DES SERVICES PUBLICS DE DISTRIBUTION S.A. est une société de Développement Local, qui a pour missions de participer à la gestion et au développement des Services Publics de distribution, et cela à travers notamment, les prestations : D’accompagnement dans le domaine financier et de l'ingénierie financière, et dans la mobilisation et la gestion des financements ; De suivi et d'évaluation de la gestion et des indicateurs de performance inhérents aux Services Publics ; De gestion des dettes de financement liées à l’activité de distribution ; D’harmonisation des règles communes et process concernant la gestion des Services Publics. Notre société accompagne les acteurs du secteur de la distribution d’électricité, d’eau potable et d’assainissement liquide, notamment les GCT (Groupements de Collectivités Territoriales) et les SRM (les sociétés Régionales Multiservices) nouvellement mises en place. | Poste : Nous recherchons un profil "" Responsable Administratif et Financier "" possédant une expérience 10 ans et plus dans le domaine et une bonne connaissance des règles comptables et fiscales avec une maitrise des outils de l’analyse financière et de contrôle de gestion Principales missions : Assurer le bon fonctionnement de l'Unité ; Elaborer et suivre le budget annuel du SPC ; Lancer et suivre les audits nécessaires au suivi et contrôle de la gestion du Service Public et de l’exécution du Contrat de Gestion ; Assurer l’analyse des reporting mensuels et des indicateurs financiers et la rédaction des notes d’analyses y afférentes ; Analyser et examiner l’équilibre financier du Contrat de Gestion. | Profil recherché : Formation et compétences requises : Diplôme d’Etat (Bac+5) ou équivalent en finance, audit et contrôle de gestion. Bonne connaissance des outils et logiciels en relation avec le domaine. Bonne maitrise des techniques de conduite des projets. Traits de personnalité souhaités : Esprit d’organisation et Rigueur. Intégrité et Disponibilité. Esprit d'analyses et Autonomie Compétences de travail en équipe. Excellente communication écrite et orale.",Respect des règles | Besoin d'objectivité | Rationalisme | Flexibilité | Besoin de réflexion | Implication au travail | Organisation,https://www.rekrute.com/offre-emploi-responsable-administratif-et-financier-recrutement-societe-de-developpement-des-services-publics-de-distribution-fes-181757.html,N/A,2026-04-19T00:43:28.775576
rekrute,Manager H/F | Agadir (Maroc),McDonald’s Maroc,Agadir et région - Maroc,CDI,Centre d'appels (métiers de) - Hôtellerie / Restauration (métiers de) - Secteur Centre d'appels								- Hôtellerie / Restauration,Junior (1 à 3 ans),Bac +2 Minimum - Ecole de commerce,N/A,"Entreprise : McDonald’s Maroc est une entreprise 100% marocaine. Notre mission est d’offrir une expérience agréable, facile et conviviale pour tous les Marocains et ce depuis plus de 30 ans. Notre enseigne compte aujourd’hui,  81 restaurants dans 26 villes, avec plus de 5 000 collaborateurs engagés pour offrir la meilleure expérience à nos clients. L’accélération de notre plan de développement est accompagnée d'une stratégie de recrutement, intégration, formation et plan de carrière et ce dans un cadre favorisant la diversité, l’équité, l’inclusion ainsi que la sécurité de nos collaborateurs. Nous évoluons tous ensemble dans un cadre de travail bienveillant porté par les valeurs : service, inclusion, intégrité, communauté et famille. Que ce soit une première expérience professionnelle ou une nouvelle expérience, McDonald’s Maroc est très engagé pour la rendre agréable et bénéfique en termes d’apprentissage et d’épanouissement pour ses jeunes talents. | Culture de l'entreprise : McDonald’s Maroc s’appuie sur une culture coopérative , où l’humain, l’esprit d’équipe et la solidarité structurent le quotidien des équipes. Le management de proximité favorise l’accompagnement, la responsabilisation et l’engagement collectif. Cette base collaborative est renforcée par une forte orientation performance , tournée vers l’atteinte d’objectifs et la satisfaction client. Elle s’inscrit dans un cadre organisationnel rigoureux , garantissant efficacité, qualité et fiabilité, tandis que l’innovation reste présente de manière plus ciblée. | Poste : Le  Manager (le 2ème assistant) est le garant d’une bonne gestion du restaurant, il veille tout le temps sur la qualité, le service, la propreté pendant son shift et la sécurité des biens et des collaborateurs du restaurant. Activités principales Garantir que l’ensemble du personnel donne la priorité à la satisfaction client, dans le respect des normes de Sécurité, la sécurité alimentaire, de Qualité, de Service et de Propreté de McDonald’s ; Assurer l’ouverture et/ou de la fermeture du restaurant; Gérer le stock et les approvisionnements; Planifier les heures des équipiers et les tâches non productives ; Evaluer la performance des équipiers; Gérer le système de formations des équipiers; Assurer l’exécution des taches d'entretien préventif; Evolution professionnelle S’il a le potentiel en termes de compétences comportementales, managériales et opérationnelles, il pourra évoluer vers le poste de 1er assistant après avoir rempli les critères pour passer le conseil de nomination et décrocher éventuellement le poste de directeur de restaurant une fois ses compétences confirmées. | Profil recherché : La fonction est accessible aux Bac +2 et plus tout diplôme confondu. Une première expérience en Management, Relation client, vente, etc…est souhaitable pour accéder à ce poste. Savoir-faire Maîtrise de la relation client Animation d'équipe Pratique professionnelle de la langue française",Extraversion | Conventionnel | Flexibilité | Organisation,https://www.rekrute.com/offre-emploi-manager-hf-recrutement-mcdonalds-maroc-agadir-181756.html,N/A,2026-04-19T00:43:31.224089
rekrute,Manager H/F | Rabat (Maroc),McDonald’s Maroc,Rabat et région - Maroc,CDI,Centre d'appels (métiers de) - Hôtellerie / Restauration (métiers de) - Secteur Centre d'appels								- Hôtellerie / Restauration,Junior (1 à 3 ans),Bac +2 Minimum - Ecole de commerce,N/A,"Entreprise : McDonald’s Maroc est une entreprise 100% marocaine. Notre mission est d’offrir une expérience agréable, facile et conviviale pour tous les Marocains et ce depuis plus de 30 ans. Notre enseigne compte aujourd’hui,  81 restaurants dans 26 villes, avec plus de 5 000 collaborateurs engagés pour offrir la meilleure expérience à nos clients. L’accélération de notre plan de développement est accompagnée d'une stratégie de recrutement, intégration, formation et plan de carrière et ce dans un cadre favorisant la diversité, l’équité, l’inclusion ainsi que la sécurité de nos collaborateurs. Nous évoluons tous ensemble dans un cadre de travail bienveillant porté par les valeurs : service, inclusion, intégrité, communauté et famille. Que ce soit une première expérience professionnelle ou une nouvelle expérience, McDonald’s Maroc est très engagé pour la rendre agréable et bénéfique en termes d’apprentissage et d’épanouissement pour ses jeunes talents. | Culture de l'entreprise : McDonald’s Maroc s’appuie sur une culture coopérative , où l’humain, l’esprit d’équipe et la solidarité structurent le quotidien des équipes. Le management de proximité favorise l’accompagnement, la responsabilisation et l’engagement collectif. Cette base collaborative est renforcée par une forte orientation performance , tournée vers l’atteinte d’objectifs et la satisfaction client. Elle s’inscrit dans un cadre organisationnel rigoureux , garantissant efficacité, qualité et fiabilité, tandis que l’innovation reste présente de manière plus ciblée. | Poste : Le  Manager (le 2ème assistant) est le garant d’une bonne gestion du restaurant, il veille tout le temps sur la qualité, le service, la propreté pendant son shift et la sécurité des biens et des collaborateurs du restaurant. Activités principales Garantir que l’ensemble du personnel donne la priorité à la satisfaction client, dans le respect des normes de Sécurité, la sécurité alimentaire, de Qualité, de Service et de Propreté de McDonald’s ; Assurer l’ouverture et/ou de la fermeture du restaurant; Gérer le stock et les approvisionnements; Planifier les heures des équipiers et les tâches non productives ; Evaluer la performance des équipiers; Gérer le système de formations des équipiers; Assurer l’exécution des taches d'entretien préventif; Evolution professionnelle S’il a le potentiel en termes de compétences comportementales, managériales et opérationnelles, il pourra évoluer vers le poste de 1er assistant après avoir rempli les critères pour passer le conseil de nomination et décrocher éventuellement le poste de directeur de restaurant une fois ses compétences confirmées. | Profil recherché : La fonction est accessible aux Bac +2 et plus tout diplôme confondu. Une première expérience en Management, Relation client, vente, etc…est souhaitable pour accéder à ce poste. Savoir-faire Maîtrise de la relation client Animation d'équipe Pratique professionnelle de la langue française",Extraversion | Conventionnel | Flexibilité | Organisation,https://www.rekrute.com/offre-emploi-manager-hf-recrutement-mcdonalds-maroc-rabat-180098.html,N/A,2026-04-19T00:43:33.539119
rekrute,Responsable Technique et Investissement | Fès (Maroc),N/A (confidentiel),1 poste(s) - Maroc,CDI,Gestion projet / Etudes / R&D - Travaux / Chantiers / BTP - Secteur Conseil / Etudes								- Autres services,Expert (10 à 20 ans),Bac +5 et plus - Ecole d'ingénieur,N/A,"Entreprise : La SOCIETE DE DEVELOPPEMENT DES SERVICES PUBLICS DE DISTRIBUTION S.A. est une société de Développement Local, qui a pour missions de participer à la gestion et au développement des Services Publics de distribution, et cela à travers notamment, les prestations : D’accompagnement dans le domaine financier et de l'ingénierie financière, et dans la mobilisation et la gestion des financements ; De suivi et d'évaluation de la gestion et des indicateurs de performance inhérents aux Services Publics ; De gestion des dettes de financement liées à l’activité de distribution ; D’harmonisation des règles communes et process concernant la gestion des Services Publics. Notre société accompagne les acteurs du secteur de la distribution d’électricité, d’eau potable et d’assainissement liquide, notamment les GCT (Groupements de Collectivités Territoriales) et les SRM (les sociétés Régionales Multiservices) nouvellement mises en place. | Poste : Nous recherchons un profil "" Responsable Technique "" possédant une expérience de 10 ans et plus dans le domaine hydraulique ou électrique ou les deux. Principales missions : Assurer le bon fonctionnement du l'Entité ; Assurer le suivi et l’analyse des indicateurs de performance des opérateurs et du secteur de la distribution ; Analyser et examiner les budgets annuels et les plans pluriannuels et suivre leur réalisation ; Coordonner avec les différents acteurs (opérateurs, partenaires, consultants) pour assurer une mise en œuvre efficace des recommandations techniques. Assurer le suivi technique, administratif et financier des projets ; Contrôler et suivre les différents aspects liés aux investissements allant de la budgétisation au Contrôle de la qualité des travaux. Examiner les dossiers d’appel d’offres et représenter le SPC dans les commissions des appels d'offres ; Lancer et suivre les études et les audits techniques nécessaires au suivi et contrôle de la gestion du Service Public et de l’exécution du Contrat de Gestion. Une expérience dans le secteur de la distribution est un atout. | Profil recherché : Formation et compétences requises : Diplôme d’Ingénieur d’Etat (Bac+5) ou équivalent en hydraulique/ génie électrique. Bonne connaissance des outils et logiciels en relation avec les domaines Hydraulique/ Electrique. Bonne maitrise des techniques de conduite des projets. Traits de personnalité souhaités : Esprit d’organisation et Rigueur. Intégrité et Disponibilité. Esprit d'analyses et Autonomie Compétences de travail en équipe. Excellente communication écrite et orale.",Respect des règles | Besoin d'objectivité | Rationalisme | Ténacité | Besoin d'autonomie | Implication au travail | Ambition | Organisation,https://www.rekrute.com/offre-emploi-responsable-technique-et-investissement-recrutement-societe-de-developpement-des-services-publics-de-distribution-fes-181754.html,N/A,2026-04-19T00:43:36.806228
rekrute,community manager | Casablanca (Maroc),HP SEARCH (HIGH POTENTIAL SEARCH)  accompagne ses clients dans le recrutement,Casablanca et région - Maroc,CDI,Marketing                                                                 - Secteur Agence pub / Marketing Direct,Junior (1 à 3 ans),Bac +5 et plus Minimum - Master,N/A,"Entreprise : HP SEARCH (HIGH POTENTIAL SEARCH)  accompagne ses clients dans le recrutement, l’évaluation et la sélection de leurs Futurs Talents. Notre expertise dans divers secteurs d’activité nous permet de vous apporter les solutions optimales en recrutement. HP SEARCH est une filiale du groupe TEAMWORK spécialisée en Conseil RH, Formation, Coaching et Teambuilding. | Poste : Pour le compte du cabinet Teamwork consulting, cabinet de conseil en management RH et organisation , nous recrutons un community manager Responsabilités principales Définir et mettre en œuvre la stratégie social media en cohérence avec la stratégie marketing globale Gérer et animer les réseaux sociaux (LinkedIn, Facebook, Instagram, etc.) Créer et publier du contenu attractif (Articles , posts, visuels, vidéos, stories…) Assurer la modération des communautés et répondre aux interactions (messages, commentaires) Suivre les performances (KPI) et produire des reportings réguliers Optimiser le référencement (SEO/SEA) et le trafic digital Participer à la gestion du site web (mise à jour de contenus, UX) Mettre en place des campagnes sponsorisées (Social Ads, Google Ads) Assurer une veille concurrentielle et digitale | Profil recherché : Profil recherché : Bac +3/ Licence / Master en communication, marketing digital / journalisme avec entre 1- 3 ans d'expérience . Bonne capacité rédactionnelle (français / arabe, anglais est un plus) Maîtrise des outils digitaux (Canva, Meta Business Suite, Google Analytics…)",Recherche de nouveauté | Extraversion | Flexibilité | Ambition | Organisation,https://www.rekrute.com/offre-emploi-community-manager-recrutement-hp-search-casablanca-181289.html,N/A,2026-04-19T00:43:39.517317
rekrute,Responsable service généraux | Meknès (Maroc),YAZAKI’s,Meknès et région - Maroc,CDI,Assistanat de Direction / Services Généraux - RH / Personnel / Formation - Secteur Automobile / Motos / Cycles								- Hôtellerie / Restauration,Débutant (-1 an) - Junior (1 à 3 ans),Bac +5 et plus - Master,N/A,"Entreprise : YAZAKI’s timeline of success dates back to 1929 when Sadami YAZAKI began selling wiring harnesses for automobiles. As a truly global company deeply rooted in Japanese cultural traditions and values, YAZAKI strives to be a reliable partner to its customers as well as a promoter of environmental sustainability throughout the world. We are especially proud to be the world's largest producer of wiring harnesses and at the same time offering environmental systems, with emphasis on energy-related equipment. As part of Yazaki activities growth in Morocco , we are hiring currently several positions ! | Culture de l'entreprise : Yazaki Morocco s’appuie sur une culture dominée par l’innovation , encourageant la créativité, l’expérimentation et l’initiative individuelle pour accompagner son évolution industrielle. Cette dynamique est soutenue par une culture collaborative affirmée , qui valorise la coopération, la confiance et le management de proximité. L’entreprise intègre également une exigence de performance et de compétitivité , orientée vers l’atteinte d’objectifs concrets. Enfin, une structure organisationnelle solide garantit la rigueur des processus et la fiabilité opérationnelle. | Poste : Superviser la maintenance préventive et curative des bâtiments et équipements, en garantissant leur bon fonctionnement et leur conformité aux normes. Gérer les relations avec les prestataires externes (nettoyage, sécurité, restauration, entretien) et contrôler la qualité des services rendus. Assurer la gestion des stocks de fournitures, de consommables et du matériel nécessaire au bon fonctionnement des services. Élaborer, suivre et optimiser les budgets alloués aux services généraux, en recherchant constamment la performance et la réduction des coûts. Mettre en place des plans d'amélioration continue pour fluidifier les opérations quotidiennes et accroître la qualité des services supports. Être le garant de l'application stricte des règles d'hygiène, de sécurité et des conditions de travail sur l'ensemble des sites. Contribuer activement à l'épanouissement du personnel en assurant un environnement de travail sûr, fonctionnel et agréable. | Profil recherché : Diplômé(e) d'un Bac +5 (Master, École d'Ingénieurs, École de Commerce) avec une spécialisation appréciée en Ressources Humaines, Gestion du Personnel, Formation ou Management. Justifier d'au moins 1 an d'expérience en tant que Responsable Services Généraux, Gestion d'Installations (Facility Management) ou dans un poste similaire avec des responsabilités managériales. Une expérience dans l'industrie automobile, motos ou cycles est un plus, mais les profils issus d'autres secteurs dynamiques sont les bienvenus. Faire preuve d'une rigueur exemplaire, d'une excellente capacité à planifier, prioriser et gérer les imprévus. Avoir un fort sens du service et une aisance relationnelle pour collaborer avec les équipes internes et piloter efficacement les prestataires externes. Maîtriser la gestion des budgets, le suivi des coûts et la recherche d'optimisation des dépenses. Bonne maîtrise des outils bureautiques, en particulier Excel (tableaux de bord, reporting, indicateurs). Être capable de mener des projets transversaux d'amélioration continue et de résoudre les problèmes de manière pragmatique et autonome. Connaître et savoir faire appliquer les normes d'hygiène, de sécurité et les réglementations en vigueur.",Conventionnel | Créativité | Extraversion | Besoin d'objectivité | Flexibilité | Besoin de réflexion | Travail en équipe | Equilibre personnel,https://www.rekrute.com/offre-emploi-responsable-service-generaux-recrutement-yazaki-morocco-meknes-180110.html,N/A,2026-04-19T00:43:42.098569
rekrute,Responsable Spécialiste Paie et Reporting -Kénitra | Kénitra (Maroc),N/A (confidentiel),Kénitra et région - Maroc,CDI,RH / Personnel / Formation - Secteur Automobile / Motos / Cycles,Confirmé (5 à 10 ans),Bac +5 et plus Minimum - Ecole de commerce - Université,N/A,"Entreprise : Le succès de YAZAKI remonte à 1929 , lorsque Sadami YAZAKI a commencé à vendre des faisceaux de câbles pour automobiles. En tant que société mondiale profondément ancrée dans les traditions et les valeurs culturelles japonaises, YAZAKI s'efforce d'être un partenaire fiable pour ses clients et de promouvoir la durabilité environnementale dans le monde entier. Nous sommes particulièrement fiers d'être le plus grand fabricant de faisceaux de câbles au monde et en même temps d'offrir des systèmes environnementaux, en mettant l'accent sur les équipements liés à l'énergie. Dans le cadre de la croissance des activités de YAZAKI au MAROC, nous offrons actuellement plusieurs opportunités d’emploi! | Culture de l'entreprise : Yazaki Morocco s’appuie sur une culture dominée par l’innovation , encourageant la créativité, l’expérimentation et l’initiative individuelle pour accompagner son évolution industrielle. Cette dynamique est soutenue par une culture collaborative affirmée , qui valorise la coopération, la confiance et le management de proximité. L’entreprise intègre également une exigence de performance et de compétitivité , orientée vers l’atteinte d’objectifs concrets. Enfin, une structure organisationnelle solide garantit la rigueur des processus et la fiabilité opérationnelle. | Poste : Manager le service Administration RH et actualiser les indicateurs nécessaires au pilotage des activités du service ; Assurer la gestion de l’ensemble du traitement de la paie (préparation, production, virements, déclarations sociales, documents liés à l’intéressement & participation) ; Garantir le paramétrage et le suivi des logiciels de paye (SAGE) et de gestion des temps / absences (GESTOR) ; Rédiger et actualiser les procédures nécessaires au fonctionnement optimal du service et assurer la continuité des activités ; Organiser et assurer la rédaction et l'émission des documents contractuels et réglementaires liés à la gestion de l’administration RH (contrats de travail, avenants, affiliations, etc.) dans le respect des informations légales ; Effectuer les demandes administratives (badge, formalités d'embauche, visites médicales, etc.) ; Manager le reporting RH et établir le bilan social ; Être l'interface avec nos parties prenantes (organismes sociaux, CNSS, CIMR, Assurances Autorités portuaires, etc.); Gérer l'interface avec le service comptabilité ; Participer aux projets RH. | Profil recherché : Formation : Bac+5 : formation généraliste en Ressources Humaines ou en administration des entreprises avec spécialisation en ressources humaines ; Expérience : Minimum 5 ans au dans un poste similaire, idéalement dans un environnement industriel; Compétences requises : Maîtrise parfaite de la législation du travail ; Maîtrise des règles légales liées à la gestion administrative du personnel et de la paie ; Maîtrise de l'utilisation des logiciels de paie, de gestion des temps et SIRH (Sage et Gestor) ; Maîtrise de l'outil Microsoft Office (Outlook, Word, Excel, PPT) ; Maîtrise de la gestion de process (amélioration continue) ; Excellente communication écrite et orale ; Sens de l'organisation, rigueur et fiabilité ; Sens du service et du conseil auprès des opérationnels ; Aptitude à être force de proposition ; Capacité à travailler en équipe et en mode projet ; Bonnes capacités d'analyse et de synthèse ; Sens de l'anticipation ; Sens de l'écoute ; Respect de la confidentialité. Niveau courant en Français/Anglais",Besoin d'objectivité | Extraversion | Besoin d'autonomie | Implication au travail | Recherche de nouveauté,https://www.rekrute.com/offre-emploi-responsable-specialiste-paie-et-reporting--kenitra-recrutement-yazaki-morocco-kenitra-180200.html,N/A,2026-04-19T00:43:45.352851
rekrute,Responsable Administrative | Kénitra (Maroc),YAZAKI’s,Kénitra et région - Maroc,CDI,Assistanat de Direction / Services Généraux                                                                 - Secteur Automobile / Motos / Cycles								- Autres Industries,Junior (1 à 3 ans),Bac +5 et plus Maximum - Université,N/A,"Entreprise : YAZAKI’s timeline of success dates back to 1929 when Sadami YAZAKI began selling wiring harnesses for automobiles. As a truly global company deeply rooted in Japanese cultural traditions and values, YAZAKI strives to be a reliable partner to its customers as well as a promoter of environmental sustainability throughout the world. We are especially proud to be the world's largest producer of wiring harnesses and at the same time offering environmental systems, with emphasis on energy-related equipment. As part of Yazaki activities growth in Morocco , we are hiring currently several positions ! | Culture de l'entreprise : Yazaki Morocco s’appuie sur une culture dominée par l’innovation , encourageant la créativité, l’expérimentation et l’initiative individuelle pour accompagner son évolution industrielle. Cette dynamique est soutenue par une culture collaborative affirmée , qui valorise la coopération, la confiance et le management de proximité. L’entreprise intègre également une exigence de performance et de compétitivité , orientée vers l’atteinte d’objectifs concrets. Enfin, une structure organisationnelle solide garantit la rigueur des processus et la fiabilité opérationnelle. | Poste : Rejoignez une entreprise dynamique dans le secteur automobile / motos / cycles en tant que Responsable Administrative dans notre siège de Kénitra . C'est une opportunité unique de contribuer au bon fonctionnement de nos opérations dans un environnement stimulant. Votre rôle sera de garantir l'efficacité et la fluidité des processus administratifs, en assurant un support essentiel aux différentes équipes. Vous contribuerez activement à l'optimisation de l'organisation interne et à la satisfaction de nos partenaires. Vos responsabilités incluront la gestion des agendas, la planification des réunions, la préparation de documents et de présentations, le suivi des dossiers, la coordination des déplacements, la gestion des relations avec les fournisseurs et l'accueil des visiteurs. Vous pourriez également être amené(e) à gérer des tâches liées aux services généraux. Organisation et suivi des plannings. Gestion documentaire et archivage. Interface avec les interlocuteurs internes et externes. Support logistique et organisationnel. | Profil recherché : Un diplôme de niveau Bac +5 et plus est requis Une première expérience professionnelle d' 1 à 3 ans dans une fonction similaire serait un atout majeur pour réussir dans ce poste. Pour exceller, vous possédez d'excellentes compétences organisationnelles, une grande rigueur et un sens aigu du service. Vous maîtrisez les outils bureautiques et avez une aisance relationnelle. La capacité à gérer les priorités et à travailler de manière autonome sont également des atouts essentiels. Maîtrise des outils bureautiques (Pack Office). Excellente communication écrite et orale. Capacité d'adaptation et proactivité. Discrétion et professionnalisme.",Respect des règles | Rationalisme | Besoin d'action,https://www.rekrute.com/offre-emploi-responsable-administrative-recrutement-yazaki-morocco-kenitra-180201.html,N/A,2026-04-19T00:43:47.677762
rekrute,Maintenance Technician | Kénitra (Maroc),YAZAKI’s,Kénitra et région - Maroc,CDI,Production / Qualité / Sécurité / Maintenance                                                                 - Secteur Automobile / Motos / Cycles								- Electro-mécanique / Mécanique,Débutant (-1 an),Bac +2 Minimum,N/A,"Entreprise : YAZAKI’s timeline of success dates back to 1929 when Sadami YAZAKI began selling wiring harnesses for automobiles. As a truly global company deeply rooted in Japanese cultural traditions and values, YAZAKI strives to be a reliable partner to its customers as well as a promoter of environmental sustainability throughout the world. We are especially proud to be the world's largest producer of wiring harnesses and at the same time offering environmental systems, with emphasis on energy-related equipment. As part of Yazaki activities growth in Morocco , we are hiring currently several positions ! | Culture de l'entreprise : Yazaki Morocco s’appuie sur une culture dominée par l’innovation , encourageant la créativité, l’expérimentation et l’initiative individuelle pour accompagner son évolution industrielle. Cette dynamique est soutenue par une culture collaborative affirmée , qui valorise la coopération, la confiance et le management de proximité. L’entreprise intègre également une exigence de performance et de compétitivité , orientée vers l’atteinte d’objectifs concrets. Enfin, une structure organisationnelle solide garantit la rigueur des processus et la fiabilité opérationnelle. | Poste : Rejoignez notre équipe dynamique au sein d'une entreprise du secteur Automobile / Motos / Cycles , située à Kénitra ! En tant que Technicien de Maintenance , votre mission principale sera d'assurer le bon fonctionnement des équipements de production et de contribuer à l'amélioration continue de nos processus. Vous serez un acteur clé de la performance et de la fiabilité de nos installations. Vos principaux objectifs consisteront à garantir la disponibilité optimale des équipements de production, à réduire les temps d'arrêt et à optimiser les interventions de maintenance préventive et curative. Vous contribuerez activement à la sécurité des opérations et à l'amélioration des performances globales du site. L'atteinte de ces objectifs nécessite une approche rigoureuse, une grande réactivité et une capacité à collaborer efficacement avec les différentes équipes de l'entreprise. Au quotidien, vos tâches incluent : La réalisation de la maintenance préventive et curative des équipements de production. Le diagnostic des pannes et la recherche de solutions efficaces et durables. La gestion du stock de pièces détachées et la commande de fournitures. Le respect strict des normes de sécurité et des procédures internes. La rédaction de rapports d'intervention et le suivi des indicateurs de performance. La proposition d'améliorations pour optimiser les processus de maintenance. La participation active à des projets d'amélioration continue. Vous travaillerez en étroite collaboration avec les équipes de production pour assurer une intervention rapide et efficace en cas de panne. | Profil recherché : Le profil idéal nécessite un niveau de formation de type Bac +2 avec une spécialisation en Production / Qualité / Sécurité / Maintenance . Une connaissance approfondie des équipements de production industriels est un atout majeur. Une formation complémentaire dans le domaine de l'automobile serait un plus significatif. Votre formation vous a permis de développer de solides bases techniques ainsi qu'une capacité à appliquer vos connaissances dans un environnement exigeant. Nous recherchons un candidat disposant d'une expérience professionnelle de 1 à 3 ans dans un poste similaire. Une expérience en milieu industriel est fortement appréciée, particulièrement dans le secteur Automobile / Motos / Cycles . Cette expérience vous a permis de développer des compétences pratiques et une capacité à gérer des situations complexes. La maitrise des outils de gestion de la maintenance est un atout. Pour réussir dans ce poste, il est essentiel de posséder les compétences suivantes: Solides compétences techniques en maintenance industrielle Capacité d'analyse et de résolution de problèmes Rigueur et méthode Sens de l'organisation et gestion des priorités Autonomie et esprit d'initiative Bonnes aptitudes relationnelles et travail en équipe Maîtrise des outils informatiques La connaissance des normes de sécurité en milieu industriel est impérative. Une bonne connaissance de la langue française est également requise.",Respect des règles | Rationalisme | Ténacité | Besoin d'objectivité | Organisation,https://www.rekrute.com/offre-emploi-maintenance-technician-recrutement-yazaki-morocco-kenitra-180875.html,N/A,2026-04-19T00:43:50.875632
rekrute,Plant Quality Responsible | Kénitra AFZ (Maroc),YAZAKI’s,Kénitra et région - Maroc,CDI,Production / Qualité / Sécurité / Maintenance - Secteur Automobile / Motos / Cycles,Junior (1 à 3 ans),Bac +5 et plus Minimum - Ecole d'ingénieur,N/A,"Entreprise : YAZAKI’s timeline of success dates back to 1929 when Sadami YAZAKI began selling wiring harnesses for automobiles. As a truly global company deeply rooted in Japanese cultural traditions and values, YAZAKI strives to be a reliable partner to its customers as well as a promoter of environmental sustainability throughout the world. We are especially proud to be the world's largest producer of wiring harnesses and at the same time offering environmental systems, with emphasis on energy-related equipment. As part of Yazaki activities growth in Morocco , we are hiring currently several positions ! | Culture de l'entreprise : Yazaki Morocco s’appuie sur une culture dominée par l’innovation , encourageant la créativité, l’expérimentation et l’initiative individuelle pour accompagner son évolution industrielle. Cette dynamique est soutenue par une culture collaborative affirmée , qui valorise la coopération, la confiance et le management de proximité. L’entreprise intègre également une exigence de performance et de compétitivité , orientée vers l’atteinte d’objectifs concrets. Enfin, une structure organisationnelle solide garantit la rigueur des processus et la fiabilité opérationnelle. | Poste : Responsibility : Ensure the quality circles to develop immediate and preventive actions in the case of an internal or external potentitial defects. Analyse the internal and external concerns. Ensure the actions are well implemented and they are affective. Folow the weekly and monthly top defect. Ensure process audits. Update the quality road map in regular basis. | Profil recherché : Qualifications: Bac+5 in Quality management, industrial engineering or similar. Minimum 2 years experience in automotive wiring. Functional Knowledge & Skills. Communication & Information. Continuous improvement. Integrity and trust.",Respect des règles | Besoin d'objectivité | Rationalisme | Ténacité | Travail en équipe | Organisation,https://www.rekrute.com/offre-emploi-plant-quality-responsible-recrutement-yazaki-morocco-kenitra-afz-180869.html,N/A,2026-04-19T00:43:53.140282
rekrute,Advanced Quality and Customer Interface Specialist | Kénitra AFZ (Maroc),YAZAKI’s,Kénitra et région - Maroc,CDI,Production / Qualité / Sécurité / Maintenance                                                                 - Secteur Automobile / Motos / Cycles,Junior (1 à 3 ans),Bac +5 et plus Minimum - Ecole d'ingénieur,N/A,"Entreprise : YAZAKI’s timeline of success dates back to 1929 when Sadami YAZAKI began selling wiring harnesses for automobiles. As a truly global company deeply rooted in Japanese cultural traditions and values, YAZAKI strives to be a reliable partner to its customers as well as a promoter of environmental sustainability throughout the world. We are especially proud to be the world's largest producer of wiring harnesses and at the same time offering environmental systems, with emphasis on energy-related equipment. As part of Yazaki activities growth in Morocco , we are hiring currently several positions ! | Culture de l'entreprise : Yazaki Morocco s’appuie sur une culture dominée par l’innovation , encourageant la créativité, l’expérimentation et l’initiative individuelle pour accompagner son évolution industrielle. Cette dynamique est soutenue par une culture collaborative affirmée , qui valorise la coopération, la confiance et le management de proximité. L’entreprise intègre également une exigence de performance et de compétitivité , orientée vers l’atteinte d’objectifs concrets. Enfin, une structure organisationnelle solide garantit la rigueur des processus et la fiabilité opérationnelle. | Poste : Responsibility: Prepare and follow up new project quality proactive plan: gather inputs and update in a weekly manner. Weekly update of the new project Obeya board (including customer quality inputs). Communication to management and plant employees about received claims/Aims/Warranties (CO, YE & YI...). Secure the customer (stock replacement, rework…). Conduct audit preparation and follow up on action plans related to identified deviations/issues. Ensure the respect of customer requirements and specific requirements (CRs/CSR). Ensure communication of Customer Special Characteristics (SC/CC) and ensure the SCCA reflection in the process. | Profil recherché : Qualifications: Level of studies: Bac+5 Engineer or Master’s degree in Quality, Industrial Engineering, Mechanical Engineering, or Electrical Engineering. Language: Fluent speaker of French and English. Soft skills: Good communication, Problem solving.",Respect des règles | Rationalisme | Ténacité | Besoin d'objectivité | Organisation,https://www.rekrute.com/offre-emploi-advanced-quality-and-customer-interface-specialist-recrutement-yazaki-morocco-kenitra-afz-180870.html,N/A,2026-04-19T00:43:55.938176
rekrute,Responsable RH | Meknès (Maroc),YAZAKI’s,Meknès et région - Maroc,CDI,RH / Personnel / Formation                                                                 - Secteur Aéronautique / Spatial								- Automobile / Motos / Cycles,Junior (1 à 3 ans) - Intermédiaire (3 à 5 ans),Bac +5 et plus Minimum - Master - Université,N/A,"Entreprise : YAZAKI’s timeline of success dates back to 1929 when Sadami YAZAKI began selling wiring harnesses for automobiles. As a truly global company deeply rooted in Japanese cultural traditions and values, YAZAKI strives to be a reliable partner to its customers as well as a promoter of environmental sustainability throughout the world. We are especially proud to be the world's largest producer of wiring harnesses and at the same time offering environmental systems, with emphasis on energy-related equipment. As part of Yazaki activities growth in Morocco , we are hiring currently several positions ! | Culture de l'entreprise : Yazaki Morocco s’appuie sur une culture dominée par l’innovation , encourageant la créativité, l’expérimentation et l’initiative individuelle pour accompagner son évolution industrielle. Cette dynamique est soutenue par une culture collaborative affirmée , qui valorise la coopération, la confiance et le management de proximité. L’entreprise intègre également une exigence de performance et de compétitivité , orientée vers l’atteinte d’objectifs concrets. Enfin, une structure organisationnelle solide garantit la rigueur des processus et la fiabilité opérationnelle. | Poste : Join a fast-growing company in the Automotive Industry as our next Engagement & Communication Responsible in Meknès. In this role, you’ll drive how our brand shows up building strong connections, creating engaging content, and making sure our message reaches the right people. What you’ll do: Managed end-to-end recruitment processes, including sourcing, interviewing, onboarding, and internal mobility; maintained job descriptions and organizational charts. Coordinated internship programs: screened candidates, organized training (theoretical, practical, OJT), maintained records, and monitored attendance and performance. Administered HR systems (S4all/OneHR), ensuring accurate employee data, training compliance, and organizational updates. Supported performance management processes (PMP) and ensured completion across departments. Assisted with audits and HR compliance by monitoring QMS procedures, maintaining ISO standards (ISO 14001 & ISO 45001), and contributing to HR projects and process improvements. If you’re creative, proactive, and ready to make an impact, we’d love to hear from you. | Profil recherché : To succeed in this role, you should have a : Master’s degree (Bac+5 or higher), ideally in HR Management , Communication, Advertising, PR, or a related field. You bring 3 to 5 years of experience in HR Dev , Hiring or Training with automotive industry experience as a strong plus. What you bring: Excellent interpersonal skills and relationship management Autonomy, organization, and attention to detail Proactive mindset with a hands-on approach Team spirit and initiative Good level in French & English Proficient in Excel, Word, Outlook & PowerPoint Team spirit & Good communication skills Knowledge of the automotive sector is a plus If this sounds like you, don’t wait , apply now !",Respect des règles | Ténacité | Travail en équipe | Organisation,https://www.rekrute.com/offre-emploi-responsable-rh-recrutement-yazaki-morocco-meknes-181372.html,N/A,2026-04-19T00:43:59.158323
rekrute,Vendeur expérimenté Grossistes  (H/F) | Casablanca (Maroc),Rattaché(e) à la Direction Commerciale,Casablanca et région - Maroc,CDI,Commercial / Vente / Export - Distribution (métiers de la) - Secteur Distribution								- Cosmétique / Parfumerie / Luxe,Junior (1 à 3 ans) - Intermédiaire (3 à 5 ans),Bac +3 Maximum - Baccalauréat,N/A,"Entreprise : Rattaché(e) à la Direction Commerciale, vous assurez le développement des ventes et la promotion d’une gamme de produits auprès d’un réseau de grossistes, parfumeries, détaillants et distributeurs spécialisés. | Poste : Vos principales missions seront les suivantes : Assurer la vente et la promotion des produits cosmétiques auprès des clients grossistes, parfumeries, drugstores et détaillants ; Développer, fidéliser et animer un portefeuille clients existant ; Prospecter de nouveaux clients sur votre secteur ; Atteindre les objectifs de chiffre d’affaires et de couverture commerciale fixés ; Conseiller les clients sur les produits, leurs usages, leurs avantages et les opérations promotionnelles ; Assurer une présence terrain régulière et garantir le suivi du programme de visites ; Réaliser les ventes, le recouvrement et le suivi administratif lié aux encaissements ; Assurer une veille concurrentielle régulière afin de remonter les tendances du marché et les besoins clients ; Garantir un reporting fiable et régulier auprès de votre hiérarchie. | Profil recherché : Vous justifiez d’une expérience confirmée dans la vente terrain de produits cosmétiques, parfums, hygiène ou FMCG ; Vous avez idéalement déjà travaillé avec un réseau de grossistes, parfumeries, détaillants ou distributeurs ; Vous disposez d’un bon portefeuille clients et d’une bonne connaissance du marché ; Vous êtes reconnu(e) pour votre excellent relationnel, votre sens commercial et votre capacité à convaincre ; Vous êtes autonome, organisé(e), dynamique et orienté(e) résultats ; Une mobilité nationale est requise. Alors, si vous retrouvez dans cet descriptif, ce poste est fait pour vous !",Recherche de nouveauté | Extraversion | Volonté de persuasion | Intuition / Spontanéité | Besoin d'action | Besoin d'autonomie | Implication au travail | Ambition,https://www.rekrute.com/offre-emploi-vendeur-experimente-grossistes-hf-recrutement-confidentiel-casablanca-181249.html,N/A,2026-04-19T00:44:01.455238
rekrute,Technicien Facilities Management | Tanger (Maroc),Au cœur de la transformation du paysage médical marocain,Tanger et région - Maroc,CDI,Production / Qualité / Sécurité / Maintenance                                                                 - Secteur Hôtellerie / Restauration								- Pharmacie / Santé,Junior (1 à 3 ans) - Intermédiaire (3 à 5 ans),Bac +2 Minimum - Autre,N/A,"Entreprise : Au cœur de la transformation du paysage médical marocain, le Groupe AKDITAL incarne une nouvelle génération d’institutions de santé : modernes, humaines et résolument tournées vers l’avenir. Leader du secteur privé de la santé, AKDITAL œuvre depuis sa création à rendre les soins de haute qualité accessibles à tous, en s’appuyant sur une expertise médicale d’exception, des technologies de pointe et une gouvernance fondée sur les meilleurs standards internationaux. Aujourd’hui, notre vision dépasse les frontières. En poursuivant son expansion à l’international, le Groupe confirme sa vocation : faire rayonner le savoir-faire marocain et placer la médecine du futur à portée de chaque patient, partout où nous intervenons. Pourquoi rejoindre AKDITAL ? Parce que vous souhaitez contribuer à une vision moderne et ambitieuse de la santé. Parce que vous partagez nos valeurs : excellence, innovation, humanité et engagement. Et parce que vous croyez, comme nous, qu’un soin peut changer une vie. | Culture de l'entreprise : Akdital porte une culture fortement orientée performance , où l’ambition, l’exigence et le dépassement de soi sont au cœur du quotidien pour garantir un niveau de service irréprochable. Cette dynamique est enrichie par une vraie ouverture à l’ innovation , essentielle pour moderniser la santé privée et développer de nouvelles pratiques médicales et organisationnelles. La coopération complète cet ensemble, avec un esprit d’équipe solide et un management qui soutient les collaborateurs dans un environnement exigeant. Enfin, une culture structurée et rigoureuse assure la qualité, la sécurité et la fiabilité indispensables au secteur médical. | Poste : Au sein d'une entreprise dynamique du secteur de Santé , une opportunité passionnante s'ouvre à Tanger. Votre rôle en tant que Technicien Facilities Management sera crucial pour garantir le bon fonctionnement et la maintenance optimale de nos infrastructures. Vous intégrerez une équipe dédiée à assurer un environnement de travail sécurisé et performant, contribuant directement à nos objectifs stratégiques. L'objectif principal de ce poste est d'assurer la gestion et la maintenance des installations techniques et des bâtiments afin de garantir la sécurité , le confort et l' efficacité opérationnelle . Il s'agit de maintenir un environnement de travail optimal pour toutes les équipes, en anticipant les besoins et en réagissant promptement aux éventuels dysfonctionnements, tout en respectant les normes de qualité et réglementaires du secteur pharmaceutique. Vos missions principales incluront : Superviser et coordonner les opérations de maintenance préventive et corrective des équipements techniques (HVAC, plomberie, électricité, etc.). Participer à la planification et à l'exécution des travaux d'aménagement et de rénovation des locaux. Assurer le suivi des contrats de maintenance avec les prestataires externes et veiller à la qualité des interventions. Gérer l'approvisionnement en consommables et pièces de rechange nécessaires au bon fonctionnement des installations. Veiller au respect des normes de sécurité , d' hygiène et d' environnement sur les sites. Contribuer à l'optimisation énergétique des bâtiments. Documenter les interventions et produire des rapports d'activité. | Profil recherché : Pour exceller dans ce rôle, une formation de niveau Bac +2 est requise. Une première expérience professionnelle, idéalement de 1 à 5 ans , dans un environnement similaire est recherchée. Que ce soit dans la production , la qualité , la sécurité ou la maintenance , votre parcours vous aura familiarisé avec les enjeux des sites industriels. Solides connaissances en maintenance des bâtiments et des équipements techniques. Bonne compréhension des enjeux liés à la sécurité et à la qualité , particulièrement dans le secteur pharmaceutique. Capacité à organiser et planifier des interventions. Autonomie, rigueur et sens de l'initiative. Bonnes compétences relationnelles pour interagir avec les équipes internes et les prestataires externes. Maîtrise des outils informatiques de base (Pack Office). Si vous êtes prêt(e) à relever ce défi et que votre profil correspond à ces attentes, n'hésitez plus !",Equilibre personnel,https://www.rekrute.com/offre-emploi-technicien-facilities-management-recrutement-akdital-tanger-181753.html,N/A,2026-04-19T00:44:04.615433
rekrute,Lusophone SDA (H/F) | Sala Al Jadida (Maroc),Econocom,Rabat et région - Maroc,CDI,Centre d'appels (métiers de) - Informatique / Electronique - Secteur Centre d'appels								- Offshoring / Nearshoring,Débutant (-1 an),Bac +2 Minimum - BTS / DUT,N/A,"Entreprise : Econocom est un groupe européen de services, spécialisé depuis plus de 25 ans dans la gestion des ressources informatiques et de télécommunications des entreprises. Les prestations d’Econocom comprennent les services d’exploitation (infogérance, maintenance et conseil), l’approvisionnement en produits et solutions IT, les services télécoms, le financement et la gestion d’actifs. Le centre de Rabat (Maroc), centre opérationnel du Remote Services Center européen de l’activité de Services d’Econocom, a pour mission d’assurer un support clients efficace auprès des comptes existants et de contribuer à la conquête de nouveaux clients. | Culture de l'entreprise : Econocom Maroc s’inscrit dans une culture principalement orientée vers la coopération , plaçant l’humain, la confiance et la qualité des relations au cœur de son fonctionnement. Le management de proximité favorise l’accompagnement, la responsabilisation et le développement des compétences au sein d’équipes solidaires. Cette dynamique est renforcée par une dimension de compétition , soutenant l’ambition, la performance et l’orientation résultats. Elle repose également sur une culture d’ organisation structurée, garantissant rigueur et fiabilité des processus, tout en intégrant une composante d’ innovation encourageant l’adaptabilité et l’initiative. | Poste : Vos principales missions en tant que Technicien Service Desk Lusophone : Résoudre les incidents techniques du client. Assurer le traitement des demandes des utilisateurs (Appels + E-mails). Maintenir le dialogue entre les différents niveaux de support. Contribuer à l'amélioration continue du service et respecter les engagements contractuels et les règles de sécurité du groupe. | Profil recherché : Niveau de formation : Bac+2/3 en informatique / Réseaux. Niveau d'expérience professionnelle : une expérience dans un poste similaire est fortement souhaitable. Compétences Comportementales: Orientation Client & Service, Autonomie & capacité à gérer son stress. Compétences Techniques: Compétences générales sur la gestion de la relation client. Capacité à détecter, traiter et résoudre les incidents techniques Niveau 1. Windows 8 & 10. Pack MS Office, Outlook.",Extraversion | Distance émotionnelle | Ambition | Flexibilité | Besoin de réflexion | Besoin d'autonomie | Implication au travail,https://www.rekrute.com/offre-emploi-lusophone-sda-hf-recrutement-econocom-maroc-sala-al-jadida-181244.html,N/A,2026-04-19T00:44:07.396249
rekrute,Hôtesse d'accueil | Tanger (Maroc),Au cœur de la transformation du paysage médical marocain,Tanger et région - Maroc,CDI,Hôtellerie / Restauration (métiers de) - Santé / Social (métiers de) - Secteur Hôtellerie / Restauration								- Pharmacie / Santé,Junior (1 à 3 ans) - Intermédiaire (3 à 5 ans),Bac +2 Minimum - DEUG - Licence,N/A,"Entreprise : Au cœur de la transformation du paysage médical marocain, le Groupe AKDITAL incarne une nouvelle génération d’institutions de santé : modernes, humaines et résolument tournées vers l’avenir. Leader du secteur privé de la santé, AKDITAL œuvre depuis sa création à rendre les soins de haute qualité accessibles à tous, en s’appuyant sur une expertise médicale d’exception, des technologies de pointe et une gouvernance fondée sur les meilleurs standards internationaux. Aujourd’hui, notre vision dépasse les frontières. En poursuivant son expansion à l’international, le Groupe confirme sa vocation : faire rayonner le savoir-faire marocain et placer la médecine du futur à portée de chaque patient, partout où nous intervenons. Pourquoi rejoindre AKDITAL ? Parce que vous souhaitez contribuer à une vision moderne et ambitieuse de la santé. Parce que vous partagez nos valeurs : excellence, innovation, humanité et engagement. Et parce que vous croyez, comme nous, qu’un soin peut changer une vie. | Culture de l'entreprise : Akdital porte une culture fortement orientée performance , où l’ambition, l’exigence et le dépassement de soi sont au cœur du quotidien pour garantir un niveau de service irréprochable. Cette dynamique est enrichie par une vraie ouverture à l’ innovation , essentielle pour moderniser la santé privée et développer de nouvelles pratiques médicales et organisationnelles. La coopération complète cet ensemble, avec un esprit d’équipe solide et un management qui soutient les collaborateurs dans un environnement exigeant. Enfin, une culture structurée et rigoureuse assure la qualité, la sécurité et la fiabilité indispensables au secteur médical. | Poste : Rejoignez une entreprise dynamique du secteur de la Santé à Tanger en tant qu' Hôtesse d'accueil . Votre rôle sera essentiel dans l'accueil et l'orientation des visiteurs, contribuant à une expérience positive dès leur arrivée. L'objectif principal est de représenter l'image de l'entreprise par un accueil chaleureux et professionnel, d'assurer la fluidité des flux de visiteurs et de répondre efficacement aux demandes initiales. Accueillir les visiteurs avec courtoisie et professionnalisme. Gérer les appels téléphoniques et les diriger vers les interlocuteurs appropriés. Orienter les visiteurs et les accompagner si nécessaire. Gérer le courrier entrant et sortant. Assurer la réception et la diffusion des informations internes. Maintenir un espace d'accueil propre et organisé. Une partie de votre mission consistera également à assister les équipes dans diverses tâches administratives de support, participant ainsi à la bonne marche quotidienne de l'organisation. | Profil recherché : Un niveau d'études Bac +2 est requis. Une formation dans les domaines de l' Hôtellerie / Restauration , des métiers de la Santé ou du domaine Social serait un atout majeur. Une expérience professionnelle de 1 à 5 ans est recherchée. Une expérience préalable dans un rôle d'accueil, particulièrement dans le secteur de la santé, sera valorisée. Excellente présentation et aisance relationnelle . Capacité d' organisation et de gestion des priorités . Très bon sens de l' accueil et de l' écoute . Maîtrise des outils bureautiques classiques (Word, Excel, Outlook). Discrétion et sens du service. Adaptabilité et réactivité face aux imprévus. Une bonne maîtrise des langues étrangères peut être un plus. Si vous êtes une personne souriante, dynamique et que vous souhaitez évoluer dans un environnement stimulant, ce poste est fait pour vous.",Travail en équipe,https://www.rekrute.com/offre-emploi-hotesse-daccueil-recrutement-akdital-tanger-181752.html,N/A,2026-04-19T00:44:10.983975
rekrute,Stagiaire Recrutement | Casablanca (Maroc),N/A (confidentiel),Casablanca et région - Maroc,Intérim,RH / Personnel / Formation                                                                 - Secteur Automobile / Motos / Cycles								- Autres services,Junior (1 à 3 ans),Bac +3 Minimum - Master,N/A,"Entreprise : La Centrale Automobile Chérifienne (CAC) est l'importateur exclusif au Maroc des marques Volkswagen, Volkswagen Utilitaires, Audi, Skoda, Porsche, Bentley, Seat et Cupra , ayant chacune développée une réelle identité les rendant uniques sur leur segment de marché. Dotées d'un fort potentiel de développement au Maroc et à l'international, les marques s'appuient sur des services experts et des compétences mutualisés pour augmenter leur performance et accompagner leur croissance. La politique Ressources Humaines de la CAC se décline autour de 4 grands axes à l’égard de ses collaborateurs : Développer leur expertise par l’accompagnement, l’amélioration des compétences et la responsabilisation; Encourager l'évolution de carrière de ses collaborateurs partageant les mêmes passions et valeurs et qui ont su construire une véritable culture d’entreprise qui favorise la satisfaction client (interne/externe), l’esprit d’équipe et l’expertise; Fidéliser par la motivation et la reconnaissance; Valoriser leur performance en fixant des objectifs clairs, précis et réalisables. Venez participer au développement de marques leader et prestigieuses sur le territoire marocain, au sein d’une entreprise dynamique et innovante !! | Culture de l'entreprise : CAC (Centrale Automobile Chérifienne) s’appuie sur une culture fortement orientée vers la coopération , plaçant l’humain, la confiance et la solidarité au cœur de son organisation. Le management de proximité favorise l’accompagnement, la responsabilisation et des relations de travail durables au sein d’équipes engagées. Cette dynamique est complétée par une dimension de compétition , orientée vers la performance, l’ambition et la satisfaction client. Elle repose également sur une culture d’ organisation structurée, garantissant rigueur, efficacité et fiabilité des processus, tandis que l’ innovation , plus mesurée, soutient l’adaptabilité et l’évolution continue. | Poste : - Recrutement (Tri de CVs/ Contact des candidats/ Organisation d'entretiens) - Formation (Logistique et organisation des formations en interne). - Participation dans divers événements RH. | Profil recherché : - Bac + 3 à 5 (Formation supérieure en RH). - Sens de l'écoute. - Très bon niveau de communication à l'écrit et l'oral.",Recherche de nouveauté | Extraversion | Besoin d'objectivité | Besoin d'autonomie | Implication au travail,https://www.rekrute.com/offre-emploi-stagiaire-recrutement-recrutement-cac-centrale-automobile-cherifienne-casablanca-181751.html,N/A,2026-04-19T00:44:13.866773
rekrute,Trésorier sénior | Casablanca (Maroc),ADEQUAT INTERIM,Casablanca et région - Maroc,CDI,Gestion / Comptabilité / Finance                                                                 - Secteur Comptabilité / Audit,Expert (10 à 20 ans) - Très Senior (+20 ans),Bac +5 et plus Minimum - Licence - Master,N/A,"Entreprise : ADEQUAT INTERIM, filiale d'AINSI MAROC GROUP, capitalise sur plus de trois décennies d'expertise du groupe pour offrir des solutions complètes et innovantes dans le domaine des Ressources Humaines. Spécialisée dans l'intérim, le recrutement (CDD/CDI) et l'évaluation de compétences, Adequat Interim s'engage à être le partenaire privilégié des entreprises marocaines pour optimiser leurs processus de recherche et de gestion des talents. Nous couvrons également des besoins en outsourcing pour une gestion RH externalisée. | Poste : 1. Pilotage de la trésorerie Superviser la gestion quotidienne de la trésorerie Valider les paiements importants Assurer l’équilibre global des comptes 2. Prévisions et stratégie Élaborer des prévisions de trésorerie complexes et fiables Définir la stratégie de gestion de trésorerie Anticiper les besoins de financement Optimiser le besoin en fonds de roulement (BFR) 3. Gestion des financements Négocier les crédits avec les banques Structurer les financements (court, moyen, long terme) Suivre les engagements financiers Optimiser le coût de la dette 4. Relations bancaires et partenaires Gérer les relations stratégiques avec les banques Négocier les conditions bancaires Choisir les partenaires financiers Superviser les contrats et conventions 5. Gestion des risques Identifier et piloter les risques financiers Mettre en place des stratégies de couverture (change, taux) Sécuriser les flux financiers (anti-fraude) 6. Optimisation de la trésorerie Mettre en place des placements financiers Arbitrer entre placement et financement Améliorer la rentabilité de la trésorerie 7. Reporting et communication Produire des analyses financières détaillées Présenter les reportings à la direction Conseiller la direction sur les décisions financières 8. Management et organisation Encadrer les trésoriers juniors Mettre en place des procédures et outils Améliorer les processus de trésorerie 9. Projets stratégiques Participer aux projets d’investissement Accompagner les opérations de croissance Intervenir dans les restructurations financières | Profil recherché : Intègre impliqué",Respect des règles | Besoin d'objectivité | Rationalisme | Flexibilité | Organisation,https://www.rekrute.com/offre-emploi-tresorier-senior-recrutement-adequat-interim-maroc-casablanca-181749.html,N/A,2026-04-19T00:44:16.292195
rekrute,Conseiller Commercial Automobile | Kénitra (Maroc),N/A (confidentiel),Kénitra et région - Maroc,CDI,Commercial / Vente / Export                                                                 - Secteur Automobile / Motos / Cycles,Junior (1 à 3 ans),Bac +2 Minimum - BTS / DUT,Salaire proposé : 6000 - 8000 DH nets mensuels,"Entreprise : Dans le cadre du développement de notre réseau, nous recrutons des Conseillers Commerciaux Automobile pour la ville de Kénitra. Si vous êtes passionné par l’automobile et le conseil client, et que vous souhaitez évoluer dans un environnement dynamique, cette opportunité est faite pour vous. | Poste : Rattaché au Chef de Vente, vos principales missions seront de : Vendre les véhicules particuliers et utilitaires. Accueillir, identifier les préférences des clients et les conseiller dans leur choix. Veiller à la satisfaction des clients en leurs proposant la gamme des véhicules, le financement et les prestations périphériques. Prospecter, développer et fidéliser le portefeuille client. Réaliser les objectifs de vente fixés par l’entreprise. Promouvoir la marque de l’entreprise. Transmettre aux clients toutes les informations relatives au délai et conditions de livraison et veiller à leurs assurer une bonne mise en main. Participer à toutes les manifestations, salons et représentations des produits automobiles de l’entreprise. | Profil recherché : De formation commerciale ou gestion (idéalement école de commerce), vous justifiez d’une première expérience dans la vente, une expérience dans le secteur automobile étant fortement souhaitable et valorisée. Vous êtes : Parfaitement bilingue, Animé par le goût du challenge, Doté d’une aisance relationnelle naturelle, Dynamique, motivé et passionné par le travail en équipe. Nous vous offrons un package salarial attractif accompagné de nombreux avantages motivants, dans un environnement stimulant et porteur d’opportunités d’évolution.",Recherche de nouveauté | Extraversion | Volonté de persuasion | Intuition / Spontanéité | Ambition,https://www.rekrute.com/offre-emploi-conseiller-commercial-automobile-recrutement-confidentiel-kenitra-181748.html,N/A,2026-04-19T00:44:19.073487
rekrute,Lead Data Engineer (F/H) | Casablanca (Maroc),N/A (confidentiel),Casablanca et région - Maroc,CDI,Informatique / Electronique                                                                 - Secteur Telecom,Intermédiaire (3 à 5 ans),Bac +5 et plus Minimum - Ecole d'ingénieur,N/A,"Entreprise : Vous êtes en quête de nouveaux défis et souhaitez donner un nouvel élan à votre carrière ? Rejoignez Sofrecom , une entreprise où l’agilité, l’audace et l’esprit d’équipe sont au cœur de notre culture, et où chacun peut s’épanouir pleinement. Filiale du groupe Orange, Sofrecom est une société de conseil et d’ingénierie spécialisée dans les télécommunications. Nous accompagnons nos clients dans leur transformation numérique, en les aidant à anticiper les évolutions technologiques, adapter leurs activités, moderniser leurs organisations et développer des solutions durables et performantes. Avec plus de 3 000 consultant(e)s et expert(e)s issus de 34 nationalités et répartis sur 9 implantations dans le monde, Sofrecom s’appuie sur la richesse des parcours et des talents pour stimuler l’innovation et viser l’excellence. Notre culture d’entreprise valorise un environnement inclusif, diversifié et équitable, où chaque personne est encouragée à s’épanouir pleinement. Nous favorisons l’intégration des jeunes talents, soutenons l’évolution des collaboratrices et collaborateurs expérimentés, et promouvons l’égalité professionnelle pour toutes et tous. Nous nous engageons également à créer des conditions propices à la pleine participation des personnes en situation de handicap. Ainsi, chacun·e peut développer ses compétences, contribuer activement et progresser dans sa carrière, dans un cadre bienveillant, stimulant et respectueux de la diversité. Rejoindre Sofrecom , c’est participer à des projets passionnants, explorer des parcours variés et évoluer dans un environnement qui valorise vos idées, vos compétences et vos ambitions. Postulez dès maintenant et intégrez un lieu où chacun peut s’exprimer librement et trouver sa place. Toutes les données à caractère personnel partagées avec Sofrecom Services Maroc sont traitées conformément à la loi n° 09 08 relative à la protection des données à caractère personnel. Pour exercer vos droits d’accès, de rectification ou d’opposition, merci de contacter la DRH au 05 37 27 99 00. Ensemble, nous contribuons au développement du numérique dans le monde ! | Culture de l'entreprise : Sofrecom Maroc se caractérise par une culture fortement orientée vers la coopération , plaçant l’humain, la confiance et le bien-être des collaborateurs au cœur de son fonctionnement. Le management de proximité encourage l’accompagnement, la responsabilisation et des relations de travail durables au sein d’équipes solidaires. Cette dynamique collaborative est enrichie par une dimension innovation , favorisant l’initiative, l’agilité et l’ouverture aux nouvelles idées. Des processus structurés viennent compléter l’ensemble pour garantir fiabilité et efficacité, tandis que la performance reste présente de manière plus mesurée. | Poste : Vous serez amené dans le cadre d’un projet agile à: Contribuer à l’élaboration des propositions fonctionnelles de la solution applicative ou de son évolution en collaboration avec l’équipe étude. Contribuer à l’analyse d’impact sur le SI existant et ses évolutions. Réaliser une conception technique des traitements dans un but de performance et de simplicité Participer à l’élaboration de solutions en utilisant son expérience du développement Développer des évolutions de la version en mode itératif (Agile) | Profil recherché : De formation supérieure en Informatique, vous disposez d’une expérience de 3 ans et plus dans le développement Big Data. Compétences recherchées : Maitrise du développement java et son environnement : Maven, GITLAB, Jenkins Maitrise du développement SQL Maitrise des technologies GCP : BigQuery, CloudScheduler, Dataflow,CloudFunction. Une connaissance des développements en environnement distribué avec des traitements parallélisés Une maitrise de l’environnement Linux et du langage Shell Une connaissance des outils Putty et WinSCP Maitrise des technologies BigData est souhaitable : Hadoop, Spark, Pig, Hive, Cassandra, Hbase , HDFS. Une 1ière expérience en Scala et Python est souhaitable. Qualités requises: Esprit d’analyse et de synthèse Vous êtes force de proposition et adaptable, autonome, organisé, rigoureux, vous avez la volonté de produire des services de qualité. Vous êtes un passionné du Big Data, vous voulez traiter des vrais cas métier avec de grosse volumétrie de données. Votre ambition est de devenir une référence dans le domaine du développement Big Data Vous avez le sens du partage et vous aimez travailler en équipe, communiquant, investi. Vous partagez nos valeurs : audace, écoute, partage, efficacité et agilité. Français : courant / Anglais technique : lu, écrit",Recherche de nouveauté | Besoin de réflexion | Besoin d'autonomie | Implication au travail | Ambition,https://www.rekrute.com/offre-emploi-lead-data-engineer-fh-recrutement-sofrecom-maroc-casablanca-181515.html,N/A,2026-04-19T00:44:22.341246
rekrute,Technicien Support IT | Casablanca (Maroc),N/A (confidentiel),Casablanca et région - Maroc,CDI,Informatique / Electronique - Télécom / Réseaux - Secteur Informatique								- Telecom,Débutant (-1 an) - Junior (1 à 3 ans),Bac +3 Maximum - Baccalauréat - BTS / DUT,Salaire proposé : Moins de 4000 DH nets mensuels,"Entreprise : Entreprise dynamique en pleine croissance basée à Casablanca, nous renforçons actuellement notre équipe informatique afin d’accompagner le développement de nos activités. Dans ce contexte, nous recherchons un Technicien Support IT motivé et disponible immédiatement pour assurer le support technique et contribuer au bon fonctionnement de l’environnement informatique de l’entreprise. | Culture de l'entreprise : Weclose se distingue par une culture fortement orientée vers la performance et la compétition , où l’ambition, le dépassement de soi et l’atteinte de résultats concrets structurent le quotidien. Cette exigence est étroitement équilibrée par une culture collaborative solide , favorisant la cohésion d’équipe, la confiance et l’accompagnement des collaborateurs. L’entreprise s’appuie également sur une organisation structurée , garantissant efficacité et rigueur dans l’exécution. La dimension innovation, plus secondaire, vient soutenir l’adaptation et l’évolution des pratiques. | Poste : Missions du poste Dans le cadre de ses fonctions, le Technicien Support IT aura pour mission d’assurer le bon fonctionnement des équipements informatiques de l’entreprise et d’accompagner les utilisateurs dans la résolution des incidents techniques. Assurer le support technique de premier niveau auprès des utilisateurs Diagnostiquer et résoudre les incidents liés aux postes de travail, logiciels et équipements informatiques Installer, configurer et maintenir les postes informatiques et périphériques Participer au déploiement et à la mise en service des équipements IT Effectuer la maintenance préventive et corrective du matériel informatique Gérer les comptes utilisateurs et les accès aux systèmes Assurer le suivi et la documentation des interventions techniques Contribuer à l’amélioration continue des processus de support informatique Compétences techniques requises Bonne maîtrise de l’environnement Windows Connaissances de base en réseaux informatiques (LAN, Wi-Fi, configuration IP) Installation et configuration des logiciels bureautiques Diagnostic et maintenance hardware (PC, imprimantes, périphériques) Connaissances en Active Directory et gestion des utilisateurs (atout) | Profil recherché : Le candidat idéal possède une formation en informatique, systèmes et réseaux (Bac+2 / Bac+3) ou équivalent. Le poste est ouvert aux profils débutants ou ayant jusqu’à 2 ans d’expérience dans un poste similaire. Il dispose de bonnes capacités d’analyse et de résolution des problèmes techniques et sait intervenir efficacement pour accompagner les utilisateurs. Le candidat recherché est une personne rigoureuse, organisée, avec un bon sens du service et un esprit d’équipe, capable de maintenir un bon relationnel avec les utilisateurs et de collaborer avec les différentes équipes de l’entreprise. Une bonne maîtrise du français est indispensable, et la maîtrise de l’anglais serait un plus. Si vous vous reconnaissez dans cette description et que vous êtes prêt(e) à relever de nouveaux défis, n'attendez plus pour postuler ! Conditions du poste Type de contrat : CDI Disponibilité : Poste à pourvoir immédiatement Rémunération : entre 3 500 MAD et 5 000 MAD selon profil et expérience",Flexibilité | Besoin d'action | Travail en équipe | Implication au travail | Organisation,https://www.rekrute.com/offre-emploi-technicien-support-it-recrutement-weclose-casablanca-180647.html,N/A,2026-04-19T00:44:24.568853
rekrute,Conseiller Commercial Francophone – Formation & Évolution | Casablanca (Maroc),N/A (confidentiel),Casablanca et région - Maroc,CDI,Commercial / Vente / Export - Enseignement - Secteur Automobile / Motos / Cycles								- Indifférent,Junior (1 à 3 ans) - Intermédiaire (3 à 5 ans),Bac +2 Minimum - Ecole de commerce,Rémunération & avantages,"Entreprise : Nous sommes un groupe international leader sur le marché francophone du closing commercial à forte valeur ajoutée. Notre filiale à Casablanca poursuit aujourd’hui une dynamique de développement ambitieuse et renforce ses équipes avec des talents commerciaux déterminés à performer. Notre mission est claire : accompagner des prospects qualifiés dans leur prise de décision et transformer des opportunités concrètes en engagements solides, grâce à une méthodologie structurée, une écoute stratégique et une communication maîtrisée. Vous intervenez exclusivement sur des leads qualifiés. Aucun démarchage. Vous vous concentrez uniquement sur la phase stratégique de closing. Nous réunissons des profils passionnés par la psychologie de la vente, la compréhension fine des besoins et la conclusion structurée. Notre environnement est dynamique, exigeant et orienté performance. Nous construisons à Casablanca une équipe solide de closers déterminés à progresser rapidement et à évoluer dans une structure en pleine expansion. Notre ambition est claire : développer une organisation d’envergure sur le marché francophone, en réunissant des talents capables de performer durablement. Si vous souhaitez évoluer dans un cadre ambitieux, apprendre vite et évoluer dans un environnement axé sur les résultats mesurables, nous serons ravis d’échanger avec vous. | Culture de l'entreprise : Weclose se distingue par une culture fortement orientée vers la performance et la compétition , où l’ambition, le dépassement de soi et l’atteinte de résultats concrets structurent le quotidien. Cette exigence est étroitement équilibrée par une culture collaborative solide , favorisant la cohésion d’équipe, la confiance et l’accompagnement des collaborateurs. L’entreprise s’appuie également sur une organisation structurée , garantissant efficacité et rigueur dans l’exécution. La dimension innovation, plus secondaire, vient soutenir l’adaptation et l’évolution des pratiques. | Poste : Missions principales : Conduire des rendez-vous commerciaux en visio avec des prospects qualifiés Comprendre en profondeur la situation, les enjeux et les objectifs du prospect Identifier ses besoins réels et ses critères de décision L’accompagner dans sa réflexion en apportant des conseils clairs et structurés Présenter la solution de manière pédagogique et adaptée à son profil Répondre aux objections avec méthode et professionnalisme L’aider à prendre une décision éclairée Conclure la vente dans le respect du cadre commercial Assurer un suivi rigoureux des opportunités via les outils internes Vous intervenez exclusivement sur des leads qualifiés fournis par l’entreprise. Votre rôle est d’accompagner, conseiller et orienter, jamais de forcer. | Profil recherché : Compétence indispensable Maîtrise parfaite du français (oral irréprochable). Une excellente aisance verbale, une capacité naturelle à argumenter et convaincre sont essentielles. Nous recherchons : Des profils expérimentés en vente : Closer, Sales, Account Executive, Téléconseiller confirmé (B2B ou B2C) Mais également : Des profils en reconversion professionnelle fortement motivés, avec une vraie appétence pour la vente et une volonté claire de performer. La motivation, la discipline et la capacité d’apprentissage rapide peuvent compenser l’absence d’expérience directe en closing. Qualités attendues Excellente écoute et compréhension des besoins Autonomie et rigueur Goût du challenge Mental solide et persévérance Orientation résultats Rémunération & avantages 10 000 DH nets / mois fixe Jusqu’à 5 000 DH nets / mois de prime (atteignable) Parcours d’intégration structuré, incluant une formation accélérée entièrement rémunérée. Coaching continu Assurance maladie dès le premier jour Ce poste est fait pour vous si : Vous avez déjà performé en vente OU Vous êtes en reconversion et prêt(e) à vous investir sérieusement dans un environnement exigeant Nous recherchons des profils ambitieux, disciplinés et déterminés à évoluer rapidement. Postulez uniquement si : Vous maîtrisez parfaitement le français Vous êtes prêt(e) à évoluer dans un environnement exigeant et orienté performance Vous avez une réelle ambition professionnelle Nous recherchons des profils sérieux, engagés et déterminés à performer Rejoignez une équipe ambitieuse et participez activement à la construction d’un projet à fort impact sur le marché francophone.",Recherche de nouveauté | Respect des règles | Extraversion | Volonté de persuasion | Intuition / Spontanéité | Besoin de réflexion | Ambition | Organisation,https://www.rekrute.com/offre-emploi-conseiller-commercial-francophone-formation-evolution-recrutement-weclose-casablanca-180177.html,N/A,2026-04-19T00:44:27.797175
rekrute,Candidature Spontanée | Casablanca (Maroc),N/A (confidentiel),Casablanca et région - Maroc,CDI,Commercial / Vente / Export                                                                 - Secteur Indifférent,Confirmé (5 à 10 ans),Bac +5 et plus Minimum - Université - Autre,N/A,"Entreprise : Nous sommes un groupe multinational numéro 1 sur le marché francophone du closing commercial haut niveau . Nous ouvrons  notre filiale Weclose à Casablanca et recherchons nos talents de demain. Notre mission est simple : convertir des Leads (prospects chauds) en clients engagés , avec précision, impact et efficacité. Pas de prospection. Pas de perte de temps. Que du closing pur. Nous réunissons une équipe de performers , passionnés par la psychologie de la vente, l’écoute stratégique et la conclusion parfaite. Notre environnement est rapide, dynamique, exigeant — et nous ouvrons nos portes avec une équipe de  closers prêts à performer et à monter en puissance très rapidement. Le tout avec un objectif de croissance énorme, et des volumes de plus de 250 collaborateurs à moyen terme. Si vous voulez rejoindre une structure ambitieuse, apprendre vite, performer fort et évoluer dans un écosystème orienté résultats… Bienvenue dans l’élite du closing. | Culture de l'entreprise : Weclose se distingue par une culture fortement orientée vers la performance et la compétition , où l’ambition, le dépassement de soi et l’atteinte de résultats concrets structurent le quotidien. Cette exigence est étroitement équilibrée par une culture collaborative solide , favorisant la cohésion d’équipe, la confiance et l’accompagnement des collaborateurs. L’entreprise s’appuie également sur une organisation structurée , garantissant efficacité et rigueur dans l’exécution. La dimension innovation, plus secondaire, vient soutenir l’adaptation et l’évolution des pratiques. | Poste : Weclose, filiale du groupe multinational numéro 1 sur le marché francophone du closing commercial haut niveau, ouvre la possibilité de déposer une candidature spontanée afin de rejoindre nos équipes et d'être considéré pour de futurs besoins dans ses différentes directions. | Profil recherché : Cette démarche s'adresse aux profils expérimentés et aux candidats en reconversion souhaitant valoriser leurs compétences commerciales, relationnelles et opérationnelles, et intégrer un environnement orienté performance, résultat et excellence commerciale. Quoi de mieux que nous rejoindre pour mettre le pied à l'étrier et démarrer votre carrière chez Weclose ? Rejoindre notre communauté de spécialistes de la vente et du closing, passionnés par leur métier et par la psychologie de la négociation, c'est se donner la chance d'avoir une vraie carrière d'expert dans un environnement international",Extraversion | Ténacité | Implication au travail,https://www.rekrute.com/offre-emploi-candidature-spontanee-recrutement-weclose-casablanca-181525.html,N/A,2026-04-19T00:44:30.141123
rekrute,Call Center Agent - Inbound | Casablanca (Maroc),Air Arabia (PJSC),Casablanca et région - Maroc,CDI,Centre d'appels (métiers de)                                                                 - Secteur Aéronautique / Spatial								- Centre d'appels,Junior (1 à 3 ans),Bac Minimum - Université,N/A,"Entreprise : Air Arabia (PJSC), listed on the Dubai Financial Market, is the Middle East and North Africa’s first and leading low-cost carrier flying to over 150 destinations across the world. Air Arabia was the first airline to introduce the low-cost carrier concept in the region and is on a mission to serve all Arab countries and beyond, constantly undergoing aggressive route expansion, taking advantage of its ideally located hubs in the United Arab Emirates, Morocco and Egypt. Over the past years, Air Arabia, through continuous market research and customer feedback, has provided a range of value added services to millions of passengers who chose to fly with the airline's fleet of A320 aircraft. The airline commenced operations in October 2003 and achieved financial break-even from its very first year of services and has been profitable ever since. The airline commenced operations in October 2003 and achieved financial break-even from its very first year of services and has been profitable ever since. - Company Presentation: Air Arabia Maroc is part of the Air Arabia Group. Based in Casablanca, Air Arabia Maroc is Morocco's leading Low Cost Carrier (LCC). Focusing on an offer that combines comfort, reliability and excellent value for money, the airline was established in April 2009. Company address : 04 Rue Carthage, Quartier les Iris, Casablanca Company name : Air Arabia Maroc Industry : Airline company Company Video Links : https://www.youtube.com/watch?v=nXcaeHzMwgs | Culture de l'entreprise : Air Arabia se distingue par une culture profondément humaine et collaborative , où la solidarité, la confiance et le travail d’équipe occupent une place centrale. Les managers jouent un rôle de proximité, accompagnant et soutenant les collaborateurs pour créer un environnement stable et motivant. Cette dynamique s’appuie sur une organisation rigoureuse et structurée , essentielle dans le secteur aérien, avec des processus clairs garantissant qualité et sécurité. La performance et le sens du challenge complètent ce socle, tandis que l’innovation reste présente pour faire évoluer les pratiques et répondre aux attentes d’un marché exigeant. | Poste : Job purpose: To support the Contact Center section across the entire network by handling customers’ inbound calls and providing information on the various products and services; processing flight and holidays reservations, modifications and cancellations; promoting other ancillaries and services to maximize sales and enhance customers’ experience ensuring productivity is in line with set measures and company’s adopted policies and procedures. Key Result Responsibilities: Handles customers’ enquiries, requests and complaints in a positive effective manner whilst ensuring company’s branding and corporate image are reflected in a positive manner and as per approved quality standards. Responds to customers’ incoming calls pertaining to all kinds of enquiries, requests, and complaints timely and accurately to reflect a positive image of the company. Provides accurate information about the company’s products and services; processes travel bookings, modifications and cancellations on reservations. Handles customers’ complaints of different nature, identifies and prioritizes problems according to complexity, and provides immediate solutions accordingly. As needed, escalates complaints to concerned parties in Contact Center or any other division and follows up on action taken. Promotes the company’s products and services through cross-selling such as ancillaries, holidays packages, loyalty programs, etc. ensuring monthly targets are met thus increasing the revenue and sales. Converts lead calls to Contact Center sales agents and field sales agents as needed and follows up with customers to ensure enquiries been responded to effectively. Demonstrates thorough understanding of the Contact Center core activities & functionalities, supports the team in day-to-day operations ensuring maximum productivity, flexibility, and cooperation are achieved. Ensures all key performance indicators for customer satisfaction are achieved, including agreed service levels, quality standards and productivity. Demonstrates willingness and cooperation in learning new initiatives and methodologies that add value to the overall performance. Performs any additional responsibilities as advised by the Line Manager/Supervisor. | Profil recherché : Qualifications: High School/Diploma or equivalent. Capable of using technology systems and tools such as Microsoft Office. Good in English & Arabic Languages; (Non-Arabic speakers to be considered based on Line Manager’s approval only). No hearing or articulatory problems. Work experience: No previous experience is required for this role; any experience would be treated as an advantage. Capability of understanding market trends and channeling them leading to effective customer care solutions Possesses effective communication skills that enable him/her utilize in building sales and marketing techniques. Capable of understanding customers’ problems and direct them in the right channel. Ability to work for long hours and under pressure. Capable of identifying problems and immediately reacting to situations of different nature such as angry customers, complaints and special requests. Demonstrates the ability to contribute and successfully deliver against business strategy and set KPIs.",Respect des règles | Volonté de persuasion | Distance émotionnelle | Ténacité | Besoin d'action | Travail en équipe | Implication au travail | Organisation,https://www.rekrute.com/offre-emploi-call-center-agent---inbound-recrutement-air-arabia-casablanca-181747.html,N/A,2026-04-19T00:44:32.161789
rekrute,Technicien de Maintenance Instrumentation et Automatisme (IA) – Usines | Taliouine-ASKAOUNE (Maroc),Aya Gold & Silver,Agadir et région - Maroc,CDI,Production / Qualité / Sécurité / Maintenance                                                                 - Secteur Extraction / Mines								- Autres Industries,Débutant (-1 an) - Junior (1 à 3 ans),Bac +2 Minimum - BTS / DUT,N/A,"Entreprise : Aya Gold & Silver est un producteur d’argent canadien en pleine croissance qui exerce ses activités au Royaume du Maroc. Aya est la seule société minière purement argentifère cotée à la Bourse de Toronto. Elle exploite la mine d’argent Zgounder à forte teneur et explore ses terrains situés le long de l’Accident Sud-Atlasique à fort potentiel, dont plusieurs renferment d’anciennes mines productrices et des ressources historiques. En plus de ses actifs miniers marocains, Aya détient aussi le projet aurifère Tijirit situé en Mauritanie, qui avance à l’étape de l’étude de faisabilité. Dans le cadre de son expansion, AYA Gold & Silver est en phase de renforcer ses équipes par des compétences dans plusieurs métiers, notamment la maintenance. | Poste : Mission générale : Réaliser les interventions de maintenance corrective et préventive sur les équipements électriques, d’instrumentation et d’automatismes, en s’appuyant sur une solide expertise en systèmes automatisés (PLC Schneider et Siemens, informatique industrielle, variateurs de vitesse, capteurs, bascules intégratrices et analyseurs ). Diagnostiquer les pannes et assurer la remise en service dans les meilleurs délais afin de garantir la continuité de production. Taches : Maintenance préventive Exécute et superviser le planning des interventions préventives sur les équipements d’automatisme et instrumentation. Maintenance curative Exécute les travaux de maintenance en instrumentation et automatisme (IA). Assure la préparation et l’organisation des interventions. Intervient sur les équipements industriels communicants (PLC, réseaux industriels) et assure le diagnostic des dysfonctionnements. Assure le suivi et la fiabilité des équipements IA. Respecte les plannings et les délais d’exécution des travaux. Assure le suivi de réalisation des projets sous-traitées. Projets PAC Réalise les interventions sur les équipements dans les projets de révision conformément aux plannings et organigramme établis. Suit les interventions sous-traitées sur les équipements dans les projets de révision en fonction de l’organigramme du projet. Participe à la réception des travaux des prestataires sur les équipements sous sa responsabilité en fonction de l’organigramme du projet. Veille au respect des délais et à la réussite de la révision. Suivi de la maintenance Rédige les documents techniques et les rapports de ses interventions. Assure le suivi des prestations des sous-traitants. Propose et des actions amélioratrices. En termes de gestion de la santé et la sécurité Applique la réglementation, les règles fondamentales, les standards et les procédures en vigueur en matière de santé et sécurité. Suit avec rigueur les formations en matière de santé et sécurité Montre comportement exemplaire en matière de santé et sécurité. Rend compte à son responsable de tous risques compromettant la santé et sécurité Applique les consignes dans le cadre du QSE Assiste aux sessions de sensibilisation QSE Participe à l’amélioration du QSE Conditions et lieux de travail Poste basé sur site minier (ZMSM) Régime de rotation (20/10j) selon organisation du service | Profil recherché : Compétences techniques Expertise approfondie en électricité, électrotechnique, instrumentation et automatisme (PLC Siemens/Schneider, réseaux industriels, variateurs de vitesse, systèmes de supervision SCADA – Schneider AVEVA et Siemens WinCC). Bonne maîtrise des environnements de développement (Control Expert, Process Expert, TIA Portal). Solide capacité de diagnostic et d’analyse des dysfonctionnements complexes (électriques, automatismes et réseaux industriels). Maîtrise des règles de sécurité liées aux activités d’installation et de maintenance IA, ainsi que des normes du système QSE. Bonne maîtrise des outils digitaux de gestion de la maintenance (GMAO) et excellente compréhension des processus industriels. Bonne communication professionnelle en français et en anglais. Compétences comportementales Sens d’organisation Rigueur Réactivité. Autonomie. Aisance relationnelle",Respect des règles | Besoin d'objectivité | Rationalisme | Ténacité | Organisation,https://www.rekrute.com/offre-emploi-technicien-de-maintenance-instrumentation-et-automatisme-ia-usines-recrutement-aya-gold-silver-taliouine-askaoune-181746.html,N/A,2026-04-19T00:44:35.097866
rekrute,Stagiaire Communication & Événementiel Capital Humain (Marketing RH) | Marrakech (Maroc),Situé au coeur du prestigieux quartier de l'Hivernage,Marrakech et région - Maroc,Stage,Marketing - RH / Personnel / Formation - Secteur Communication / Evénementiel,Débutant (-1 an) - Junior (1 à 3 ans),Bac +5 et plus Minimum - Master,N/A,"Entreprise : Situé au coeur du prestigieux quartier de l'Hivernage, le Es Saadi Marrakech Resort incarne l'élégance et le raffinement à la marocaine. Le complexe s'étale sur 9 hectares de parc luxuriant et se compose d'un hôtel 5 étoiles de 149 chambres. Ouvert depuis 1966, Es Saadi dispose également d'un somptueux Palace abritant 81 suites, ainsi que de 10 villas privées et 8 ksars au charme authentique. Le Resort propose enfin 13 restaurants et bars, deux Spas dont l'un signé Dior, et un pôle Entertainment. Le Es Saadi Marrakech Resort s'impose comme une référence incontournable du luxe discret, de l'art de recevoir et d'expériences uniques. Rejoindre le Es Saadi Marrakech Resort , c'est bien plus qu'intégrer un établissement d'exception : c'est participer à une aventure humaine portée par des valeurs fortes de passion, d'excellence et d'authenticité. Depuis plus de 50 ans, notre maison cultive un art de vivre unique, en alliant l'élégance du service 5 étoiles à la richesse de la culture marocaine. Nous sommes fiers d'offrir à nos collaborateurs un cadre de travail inspirant, au cœur d'un environnement luxuriant, où la transmission du savoir-faire et la reconnaissance des talents sont au cœur de notre vision managériale. Notre ambition est de rassembler des talents animés par l'envie de s'investir dans une hôtellerie de prestige et de contribuer à des expériences clients inoubliables. Rejoindre notre équipe, c'est bénéficier d'un accompagnement sur mesure, de formations régulières, et de véritables perspectives d'évolution au sein d'un groupe familial, à taille humaine et tourné vers l'avenir. Que votre parcours soit déjà riche ou en pleine construction, si vous avez le sens du détail, l'amour du service et le goût de l'excellence, nous serions heureux de vous accueillir parmi nous. | Culture de l'entreprise : Es Saadi Marrakech Resort se distingue par une culture très fortement orientée vers la coopération , plaçant l’humain, le bien-être et la qualité des relations au cœur de son fonctionnement. Les équipes évoluent dans un environnement bienveillant, fondé sur la confiance, la solidarité et un management de proximité jouant un rôle de mentor et d’accompagnateur. Cette culture est complétée de manière équilibrée par des dimensions d’ innovation et d’ organisation , favorisant à la fois la créativité, l’initiative et la rigueur des processus. La compétition occupe une place marginale, laissant la priorité à la collaboration et à l’engagement collectif au service de l’excellence de l’expérience client. | Poste : L'établissement recherche une Stagiaire Communication & Événementiel Capital Humain (Marketing RH) passionnée pour enrichir son équipe. Si votre ambition est de façonner l'image et l'expérience au sein d'un environnement dynamique, cette opportunité est faite pour vous. Contribuer activement à la stratégie de communication interne et externe, en mettant un accent particulier sur la valorisation du capital humain. L'objectif est de renforcer la marque employeur et d'assurer l'organisation fluide d'événements internes et externes, tout en assurant une parfaite coordination logistique. Participer à l'élaboration et à la mise en œuvre des plans de communication. Organiser et coordonner les événements d'entreprise (séminaires, team buildings, célébrations). Assister dans la gestion de la communication interne et externe. Contribuer à la création de supports de communication (visuels, textes). Assurer le suivi budgétaire des actions de communication et événementielles. Collaborer étroitement avec les différentes équipes pour garantir l'alignement des messages. | Profil recherché : Un diplôme de niveau Bac +5 et plus est requis, idéalement dans les domaines de la Communication ou du Marketing RH .. Excellente maîtrise des techniques de communication écrites et orales. Solides compétences organisationnelles et gestion de projet. Créativité et force de proposition. Maîtrise des outils de communication digitale et des réseaux sociaux. Capacité à travailler en équipe et aisance relationnelle. Rigueur, autonomie et proactivité. La maîtrise de l'anglais est un atout.",Recherche de nouveauté | Extraversion | Besoin d'objectivité | Flexibilité | Besoin d'autonomie | Implication au travail | Ambition | Organisation,https://www.rekrute.com/offre-emploi-stagiaire-communication-evenementiel-capital-humain-marketing-rh-recrutement-es-saadi-marrakech-resort-marrakech-181745.html,N/A,2026-04-19T00:44:37.962677
rekrute,Chargé de clientèle (H/F) | Meknès (Maroc),Bank Assafa,Meknès et région - Maroc,CDI,Banque (métiers de la)                                                                 - Secteur Banque / Finance,Débutant (-1 an),Bac +5 et plus Minimum - Master,N/A,"Entreprise : Bank Assafa est un établissement bancaire 100% marocain spécialisé dans la finance participative qui a vu le jour en juillet 2017 suite à la validation du Comité des Établissements de Crédit de la création de cinq banques participatives. Il a pour principal vocation de proposer un ensemble de produits et de services bancaires éthiques, conformes aux directives du conseil supérieur des Oulémas, et adaptés aux meilleurs standards et normes, et ce, en se basant sur ses 5 valeurs fondamentales à savoir, la confiance, l’intégrité, le dévouement, l’innovation et la pureté . Pionnier sur la place de part la présence de Dar Assafaa dans le marché de la finance alternative depuis 2010, les collaborateurs ont pu ainsi développer une expertise métier et une connaissance approfondie des besoins et aspirations des Marocains. Bank Assafa compte aujourd’hui un large réseau de plus de 40 Agences sur tout le territoire marocain, avec un effectif de plus de 330 collaborateurs. Rejoignez une équipe de professionnels, animée par les valeurs de notre Banque, qui met toute son ardeur à développer une activité Bancaire participative dans un environnement en perpétuelle mutation, empreint d’une concurrence ardue. | Culture de l'entreprise : Bank Assafa évolue dans une culture principalement orientée performance et compétitivité , où l’ambition, le goût du challenge et l’atteinte d’objectifs mesurables sont des leviers essentiels de réussite. L’entreprise valorise le dépassement de soi, la recherche de résultats et une forte orientation client . Cette dynamique est structurée par des pratiques organisationnelles solides, garantissant rigueur, efficacité et fiabilité. Elle est enrichie par une ouverture à l’ innovation et par une dimension collaborative présente de manière équilibrée, au service de la performance collective. | Poste : Dans le cadre de développement de sa Direction Commerciale, Bank Assafa recrute pour le poste de ""Chargé(s) de clientèle"" sur la ville de Meknès, qui aura pour mission Gérer et développer un portefeuille client et assurer la réalisation des objectifs commerciaux, Conseiller la clientèle sur les produits commercialisés par la banque, Proposer les produits qui répondent aux attentes des clients, Prospecter des nouveaux clients afin de développer et d'élargir son portefeuille, Fidéliser les clients. | Profil recherché : - Ayant un Master ou équivalent de l'université, école de commerce ou autre(BAC+5) ; - Dispose d'une parfaite maitrise de français à l’oral comme à l’écrit ; - Bon sens d’écoute et d’analyse ; - Bonnes Connaissances des produits et services bancaires, en particulier les produits participatifs. - Bon sens de communication ; - Capacité de s’adapter et d’apprentissage ; - Gestion du temps et sens d'organisation ; - Capacité à gérer le Stress.",Conventionnel | Volonté de persuasion | Rationalisme | Flexibilité | Travail en équipe | Implication au travail | Ambition | Organisation,https://www.rekrute.com/offre-emploi-charge-de-clientele-hf-recrutement-bank-assafa-meknes-181744.html,N/A,2026-04-19T00:44:41.386747
rekrute,Chargés de comptes Clients | Casablanca (Maroc),N/A (confidentiel),Tout le Maroc - Maroc,CDI,Administration des ventes / SAV - Commercial / Vente / Export - Secteur Telecom,Intermédiaire (3 à 5 ans),Bac +3 Maximum - DEUG - Licence,N/A,"Entreprise : Vous avez l’ambition de performer au sein d’un groupe iconique ? Rejoignez un acteur télécom leader sur le marché, qui renforce ses équipes commerciales à travers le Royaume. Nous recherchons des talents dynamiques, prêts à relever des défis, développer la relation client et faire la différence. Avec votre talent et la puissance de notre marque, votre carrière prend son envol. | Poste : Mission principale : Rattaché(e) à la Direction Régionale, vous assurez la gestion administrative et opérationnelle des clients entreprises. Vous garantissez la saisie des commandes, le traitement des réclamations et un service client de qualité pour renforcer la satisfaction et la fidélisation. Vos responsabilités : • Saisir, valider et suivre les commandes clients. • Garantir l’exactitude et la complétude des données. • Vérifier les informations contractuelles et assurer un suivi rigoureux de chaque dossier. • Traiter et résoudre efficacement les réclamations clients. • Accueillir, conseiller et accompagner les clients en agence. • Informer les clients des offres, promotions et nouveautés. • Participer activement aux actions de rétention pour consolider le portefeuille. • Remonter les informations pertinentes à la force commerciale. Compétences requises : • Maîtrise des outils informatiques et des systèmes d’information commerciaux. • Grande rigueur, sens de l’organisation. • Capacité à gérer efficacement plusieurs dossiers simultanément. • Excellent relationnel et esprit d’équipe. • Forte orientation service client. • Capacité d’analyse et force de proposition. | Profil recherché : Profil recherché : • Âge : 30 ans maximum. • Formation : Bac+2/3 en gestion, commerce, administration ou équivalent. • Expérience : 2 ans minimum en support commercial ou administratif, idéalement dans le secteur télécoms ou services IT. • Langues : Français courant Villes concernées : Agadir, Aït Melloul, Laâyoune, Errachidia, Fès, Taza, Nador, Oujda, Béni Mellal, Berrechid, El Jadida.",Recherche de nouveauté | Extraversion | Volonté de persuasion | Implication au travail | Ambition | Improvisation,https://www.rekrute.com/offre-emploi-charges-de-comptes-clients-recrutement-confidentiel-casablanca-181741.html,N/A,2026-04-19T00:44:43.637832
rekrute,Trésorier | Casablanca (Maroc),ADEQUAT INTERIM,Casablanca et région - Maroc,CDI,Banque (métiers de la)                                                                 - Secteur Banque / Finance,Junior (1 à 3 ans),Bac +3 Minimum - Licence - Master,N/A,"Entreprise : ADEQUAT INTERIM, filiale d'AINSI MAROC GROUP, capitalise sur plus de trois décennies d'expertise du groupe pour offrir des solutions complètes et innovantes dans le domaine des Ressources Humaines. Spécialisée dans l'intérim, le recrutement (CDD/CDI) et l'évaluation de compétences, Adequat Interim s'engage à être le partenaire privilégié des entreprises marocaines pour optimiser leurs processus de recherche et de gestion des talents. Nous couvrons également des besoins en outsourcing pour une gestion RH externalisée. | Poste : 1. Gestion quotidienne Suivre les soldes bancaires Saisir et contrôler les opérations de trésorerie Préparer les virements et paiements Vérifier les encaissements clients Participer aux rapprochements bancaires 2. Suivi des flux Enregistrer les flux entrants et sortants Contrôler les écarts entre prévisions et réalisé Mettre à jour les tableaux de trésorerie 3. Support aux prévisions Collecter les données nécessaires aux prévisions Mettre à jour les prévisions de trésorerie simples Aider à la préparation des plans de trésorerie 4. Relation avec les banques (niveau basique) Suivre les opérations bancaires quotidiennes Transmettre les documents administratifs Gérer les demandes simples 5. Reporting Préparer des reportings de base (tableaux Excel) Mettre à jour les indicateurs de trésorerie Aider à la préparation des rapports mensuels 6. Contrôle et conformité Vérifier la conformité des paiements Appliquer les procédures internes Aider à la détection d’anomalies | Profil recherché : Autonome rigueur intégrité",Conventionnel | Volonté de persuasion | Rationalisme | Flexibilité | Implication au travail,https://www.rekrute.com/offre-emploi-tresorier-recrutement-adequat-interim-maroc-casablanca-181740.html,N/A,2026-04-19T00:44:46.933351
rekrute,Acheteur Technique – Had Soualem | Had Soualem (Maroc),N/A (confidentiel),Casablanca et région - Maroc,CDI,Achats / Supply Chain                                                                 - Secteur Agroalimentaire								- Autres Industries,Confirmé (5 à 10 ans),Bac +5 et plus Minimum - Master,N/A,"Entreprise : Société industrielle spécialisée dans la production de graisse végétale, reconnue pour son savoir-faire et la qualité de ses produits, recherche dans le cadre de son développement un(e) Acheteur Technique. | Poste : Rattaché(e) à la direction, vous aurez pour missions de : Gérer les achats techniques (pièces de rechange, équipements industriels, maintenance, etc.) Identifier et sélectionner les fournisseurs locaux et internationaux Négocier les conditions d’achat (prix, délais, qualité, conditions logistiques) Assurer le suivi des commandes jusqu’à la réception Optimiser les coûts tout en garantissant la qualité et la continuité de production Collaborer étroitement avec les équipes maintenance, production et logistique Mettre en place et suivre des indicateurs de performance achats Assurer une veille technique et sourcing de nouveaux fournisseurs | Profil recherché : Master en achats, logistique, génie industriel ou équivalent Minimum à 3 ans minimum dans un poste similaire, idéalement en environnement industriel Bonne connaissance des achats techniques et des équipements industriels Compétences en négociation et gestion de fournisseurs Maîtrise des outils informatiques (ERP, Excel, etc.) Bon niveau en français, l’anglais est un atout",Recherche de nouveauté | Respect des règles | Besoin d'objectivité | Distance émotionnelle | Rationalisme | Flexibilité | Besoin d'action | Implication au travail,https://www.rekrute.com/offre-emploi-acheteur-technique-had-soualem-recrutement-confidentiel-had-soualem-181739.html,N/A,2026-04-19T00:44:49.930681
rekrute,Vendeurs Itinérants | Casablanca (Maroc),N/A (confidentiel),Tout le Maroc - Maroc,CDI,Administration des ventes / SAV - Commercial / Vente / Export - Secteur Telecom,Débutant (-1 an),Bac +3 Maximum - DEUG - Licence,N/A,"Entreprise : Vous avez l’ambition de performer au sein d’un groupe iconique ? Rejoignez un acteur télécom leader sur le marché, qui renforce ses équipes commerciales à travers le Royaume. Nous recherchons des talents dynamiques, prêts à relever des défis, développer la relation client et faire la différence. Avec votre talent et la puissance de notre marque, votre carrière prend son envol. | Poste : Mission principale : Vous développez et animez le réseau de revendeurs en assurant la vente de produits et services, la disponibilité des offres et la satisfaction des partenaires commerciaux sur votre secteur. Vos responsabilités : • Commercialiser les produits et services auprès des revendeurs agréés. • Prospecter de nouveaux revendeurs et développer le réseau de distribution indirecte. • Assurer des visites régulières sur le terrain (tournées planning). • Gérer les commandes, livraisons et stocks chez les revendeurs. • Mettre en place des actions de promotion et d’animation commerciale. • Suivre les performances commerciales et atteindre les objectifs fixés. • Collecter les informations du marché et remonter les besoins des revendeurs. • Assurer une relation de partenariat durable avec les points de vente. Compétences requises : • Grande mobilité et disponibilité pour le travail terrain (déplacements fréquents). • Bon sens relationnel et capacité d’adaptation avec les revendeurs. • Autonomie, rigueur et sens de l’organisation. • Goût pour les challenges commerciaux et la vente itinérante. Villes concernées : Agadir, Ait Ourir, Al Hoceima, Azilal, Ben Taib, Béni Mellal, Benslimane, Berkane, Berrechid, Biougra, Chefchaouen, Dakhla, El Jadida, El Kelaâ des Sraghna, Errachidia, Essaouira, Fès, Guelmim, Khémisset, Khénifra, Khouribga, Larache, Mohammadia, Ouarzazate, Oujda, Safi, Salé, Settat, Sidi Bennour, Souk El Arbaa, Taroudant, Taza, Tiflet, Tiznit. | Profil recherché : Profil recherché : • Âge : 30 ans maximum. • Formation : Bac+2 / Bac+3 (commerce, marketing, gestion, ou équivalent). • Expérience : Une expérience dans la vente ou la relation client est souhaitée. • Permis de conduire : Obligatoire",Recherche de nouveauté | Extraversion | Volonté de persuasion | Implication au travail | Ambition | Improvisation,https://www.rekrute.com/offre-emploi-vendeurs-itinerants-recrutement-confidentiel-casablanca-181738.html,N/A,2026-04-19T00:44:52.811534
rekrute,commercial | Casablanca (Maroc),Electro Salam,Casablanca et région - Maroc,CDI,Commercial / Vente / Export                                                                 - Secteur Electronique,Junior (1 à 3 ans),Bac +2 - Ecole de commerce,N/A,"Entreprise : Electro Salam est un acteur majeur de la vente de produits électroniques au Maroc. Nous proposons une large gamme de produits (smartphones, tablettes, PC, TV, électroménager et accessoires) avec un engagement constant sur les meilleurs prix du marché et un service client de qualité. | Poste : Rejoignez une entreprise dynamique dans le secteur de l' électronique en tant que notre nouveau commercial . Ce poste clé, basé à Casablanca , est une opportunité unique de contribuer activement à notre croissance et de développer votre carrière dans un environnement stimulant. L'objectif principal de ce rôle est de développer et de fidéliser notre clientèle, en assurant l'atteinte et le dépassement des objectifs de vente fixés. Il s'agit de devenir un acteur incontournable dans l'expansion de notre part de marché. Vos missions principales incluront : Identifier et prospecter de nouvelles opportunités commerciales sur le marché. Gérer un portefeuille clients existant et construire des relations de confiance durables. Présenter et argumenter nos solutions techniques et produits auprès d'une clientèle variée. Négocier les conditions commerciales et conclure les ventes. Assurer un suivi rigoureux des dossiers clients et du chiffre d'affaires. Participer à l'élaboration de la stratégie commerciale de l'entreprise. | Profil recherché : Pour réussir dans ce rôle, un niveau d'études Bac +2 est requis, idéalement dans les domaines du commercial , de la vente ou de l' export . Une expérience professionnelle de 1 à 3 ans dans une fonction commerciale est fortement souhaitée. Une première expérience réussie dans la vente de produits techniques serait un atout majeur. Nous recherchons une personne dotée d'un excellent sens relationnel et d'une forte capacité de négociation. Le dynamisme, l'autonomie et la proactivité sont des qualités essentielles. Une bonne maîtrise des techniques de vente et une aisance digitale seront appréciées. La connaissance du secteur de l'électronique est un plus.",Recherche de nouveauté | Créativité | Flexibilité | Besoin de réflexion | Ambition,https://www.rekrute.com/offre-emploi-commercial-recrutement-ms-smart-electro-casablanca-181737.html,N/A,2026-04-19T00:44:55.809675
rekrute,Chargée Administration du Personnel Confirmée | Casablanca (Maroc),Présent depuis 1997 au Maroc,Casablanca et région - Maroc,Autre,RH / Personnel / Formation                                                                 - Secteur Aéronautique / Spatial,Confirmé (5 à 10 ans),Bac +3 Minimum - Licence,N/A,"Entreprise : Présent depuis 1997 au Maroc, Manpower Group est un acteur international incontournable de l’emploi et de l’insertion sociale dans le monde. Au sein du Royaume Chérifien, nous couvrons l’ensemble du territoire, de Tanger à Laayoune. Nos équipes sont formées pour appuyer les entreprises dans la promotion de l’excellence en matière de gestion du capital humain : Intérim, CDD/CDI, Solutions & Ingénierie RH, Développement du capital humain… Pour nos salariés intérimaires , nous proposons une expérience unique, notamment avec la déclaration de 100% des heures travaillées, la mise en place d’une mutuelle pour tous et un accompagnement personnalisé pour les démarches administratives (bancarisation, CNSS…). Pour nos candidats , nous offrons, conformément aux standards mondiaux de Manpower Group, un processus de sélection, d’évaluation et d’accompagnement à la réussite dans leur nouvelle mission. | Poste : Chargée Administration du Personnel Confirmée (H/F) Dans le cadre de notre développement, nous recrutons une Chargée Administration du Personnel confirmée, disposant de 3 à 4 ans d’expérience, avec une maîtrise obligatoire de la paie. Missions principales : Assurer la gestion administrative du personnel (contrats, avenants, dossiers du personnel…) Gérer la paie de A à Z Suivre les déclarations sociales et garantir leur conformité Veiller au respect de la législation sociale Gérer les absences (congés, maladies, etc.) Participer à l’amélioration des processus RH | Profil recherché : Profil recherché : Bac+3/5 en gestion des ressources humaines ou équivalent Expérience de 3 à 4 ans minimum dans un poste similaire Maîtrise impérative de la paie Bonne connaissance du droit du travail Rigueur, organisation et sens de la confidentialité Bon relationnel et esprit d’équipe Localisation : Bouskoura Type de contrat : Contrat de projet Avantages : Transport assuré",Recherche de nouveauté | Extraversion | Besoin d'objectivité | Besoin d'autonomie | Implication au travail,https://www.rekrute.com/offre-emploi-chargee-administration-du-personnel-confirmee-recrutement-manpower-agences-casablanca-181736.html,N/A,2026-04-19T00:44:58.281832
rekrute,IT Helpdesk bilingue (français/anglais) - marché canadien | Casablanca (Maroc),N/A (confidentiel),Casablanca et région - Maroc,CDI,Centre d'appels (métiers de)                                                                 - Secteur Centre d'appels								- Offshoring / Nearshoring,Junior (1 à 3 ans),Bac Minimum - Baccalauréat,N/A,"Entreprise : Créé en 2003, le groupe OUTSOURCIA est un opérateur spécialisé dans les métiers de l'outsourcing : gestion de la relation client à distance, multiservice, multilingue et multicanal (centres d'appels, gestion des e-mails, solutions de chats, télémarketing et relation client sur les réseaux sociaux), externalisation de métiers de Back Office (BPO), prestations digitales (développement d'applications spécifiques, web ou mobiles, communication digitale et Community Management) et études. À ce jour, OUTSOURCIA, emploie 3600 collaborateurs sur 12 sites de production au Maroc, en France, en Tunisie, à Madagascar et accompagne des clients de renom tels que : Aquarelle, Renault, Total, Orange, Histoire d'Or, Manutan, Marionnaud, Mister Auto, Seloger.com, Veepee, etc. Pour en savoir plus visitez www.outsourcia.com | Culture de l'entreprise : Outsourcia évolue dans une culture principalement orientée vers la performance et la compétition , où l’ambition, le goût du challenge et l’atteinte d’objectifs mesurables constituent des moteurs essentiels. L’entreprise valorise le dépassement de soi, la compétitivité et une forte orientation client, dans une logique de résultats et de positionnement sur le marché. Cette dynamique est complétée par une dimension humaine et collaborative , favorisant la cohésion des équipes, la responsabilisation et le management de proximité. L’innovation et des processus structurés viennent soutenir l’efficacité et l’adaptabilité de l’organisation. | Poste : Au nom de l'un de nos clients, nous recherchons des agents de support technique, parlant couramment le français et l'anglais, avec une expérience significative. Sous la responsabilité du responsable de l'équipe, vos principales missions seront les suivantes : • Recevoir et gérer les demandes des utilisateurs • Surveiller et traiter les incidents techniques • Effectuer un diagnostic complet des incidents pour intervention • Saisir les incidents • Traiter les incidents récurrents • Assurer la qualité du service de support informatique | Profil recherché : - Disponibilité immédiate. - Maîtrise parfaite du français et l'anglais aussi bien à l'oral qu'à l'écrit. - Connaissance des systèmes d'exploitation (Windows, MacOS, etc.) - Capacité à diagnostiquer et à résoudre des problèmes matériels et logiciels. - Compréhension des systèmes de gestion des tickets et des bases de données de support. - Excellentes compétences en communication verbale pour assister les utilisateurs par téléphone ou par chat. - Capacité à rédiger des réponses claires et précises dans des e-mails ou des documents de support. - Capacité à analyser un problème, identifier les causes sous-jacentes et développer des solutions efficaces. - Utilisation systématique des méthodes de résolution de problèmes. - Gestion efficace des tickets de support pour assurer un suivi approprié. - Capacité à prioriser les demandes en fonction de l'urgence et de l'importance. - Capacité à gérer plusieurs demandes de support simultanément. - Maintien de la qualité du service tout en travaillant sur plusieurs tâches. - L'industrie technologique évoluant rapidement, un technicien de support doit être prêt à acquérir de nouvelles compétences et à se tenir à jour.",Respect des règles | Volonté de persuasion | Distance émotionnelle | Ténacité | Besoin d'action | Travail en équipe | Implication au travail | Organisation,https://www.rekrute.com/offre-emploi-it-helpdesk-bilingue-francaisanglais---marche-canadien-recrutement-outsourcia-casablanca-181735.html,N/A,2026-04-19T00:45:00.355792
rekrute,Sales agents perfectly bilingual (French & English) WEEK END OFFS (H/F) | Casablanca (Maroc),N/A (confidentiel),Casablanca et région - Maroc,CDI,Centre d'appels (métiers de) - Commercial / Vente / Export - Secteur Centre d'appels								- Offshoring / Nearshoring,Junior (1 à 3 ans),Bac +2 Minimum - Baccalauréat,N/A,"Entreprise : Créé en 2003, le groupe OUTSOURCIA est un opérateur spécialisé dans les métiers de l'outsourcing : gestion de la relation client à distance, multiservice, multilingue et multicanal (centres d'appels, gestion des e-mails, solutions de chats, télémarketing et relation client sur les réseaux sociaux), externalisation de métiers de Back Office (BPO), prestations digitales (développement d'applications spécifiques, web ou mobiles, communication digitale et Community Management) et études. À ce jour, OUTSOURCIA, emploie 3600 collaborateurs sur 12 sites de production au Maroc, en France, en Tunisie, à Madagascar et accompagne des clients de renom tels que : Aquarelle, Renault, Total, Orange, Histoire d'Or, Manutan, Marionnaud, Mister Auto, Seloger.com, Veepee, etc. Pour en savoir plus visitez www.outsourcia.com | Culture de l'entreprise : Outsourcia évolue dans une culture principalement orientée vers la performance et la compétition , où l’ambition, le goût du challenge et l’atteinte d’objectifs mesurables constituent des moteurs essentiels. L’entreprise valorise le dépassement de soi, la compétitivité et une forte orientation client, dans une logique de résultats et de positionnement sur le marché. Cette dynamique est complétée par une dimension humaine et collaborative , favorisant la cohésion des équipes, la responsabilisation et le management de proximité. L’innovation et des processus structurés viennent soutenir l’efficacité et l’adaptabilité de l’organisation. | Poste : Ta mission (si toutefois tu l’acceptes) : Appeler, pitcher, convaincre une clientèle B2B & B2C. Comprendre les besoins et proposer LA solution qui fait mouche. Présenter nos offres de façon claire, fluide et impactante. Gérer ton business de A à Z : prospection → closing Suivre tes clients et construire une relation durable. Exploser les objectifs (CA, RDV, taux de transfo) Mettre à jour ton CRM comme un pro. Toujours garder un niveau de service premium. | Profil recherché : Le profil que nous recherchons FR/EN parfaits (oral & écrit, accent clean ). Déjà une expérience en télévente / call center / prospection B2B. Tu sais argumenter, négocier et closer au téléphone. Tu es à l’aise, positif(ve), ambitieux(se) et orienté(e) résultats. Tu aimes les challenges et dépasser tes propres records. À l’aise avec l’outil informatique & CRM. Dispo pour travailler sur les horaires du marché canadien",Volonté de persuasion | Extraversion | Intuition / Spontanéité | Ambition | Recherche de nouveauté,https://www.rekrute.com/offre-emploi-sales-agents-perfectly-bilingual-french-english-week-end-offs-hf-recrutement-outsourcia-casablanca-181734.html,N/A,2026-04-19T00:45:03.303616
rekrute,Ingénieurs Active Directory / IAM N3 | Casablanca (Maroc),Inetum,Casablanca et région - Maroc,CDI,Informatique / Electronique                                                                 - Secteur Informatique,Confirmé (5 à 10 ans) - Expert (10 à 20 ans),Bac +5 et plus Minimum - Ecole d'ingénieur - Master,N/A,"Entreprise : Inetum est un leader européen des services numériques, avec plus de 27 000 collaborateurs dans 19 pays et un chiffre d’affaires de 2,4 milliards d’euros en 2024. Le Groupe accompagne entreprises et institutions dans leur transformation digitale, alliant performance, innovation et impact sociétal. Présent au Maroc depuis plus de 20 ans, Inetum Maroc joue un rôle stratégique avec plus de 800 collaborateurs, un centre de services partagés et un FabLab à Casablanca. Avec 50 millions d’euros de chiffre d’affaires en 2024, l'entité se positionne comme un acteur majeur du numérique au niveau local. S’appuyant sur ses trois lignes de métiers – Inetum Consulting, Inetum Technologies et Inetum Solutions – et des partenariats clés avec Microsoft, SAP et Sage, Inetum Maroc se distingue aussi par l’obtention du label Feel Good 2025, qui valorise son engagement pour le bien-être, l’inclusion et le développement des compétences. La culture d’entreprise s’ancre dans la Inetum Way, un socle de valeurs fondé sur la proximité, l’agilité, l’innovation et la responsabilité. Rejoindre Inetum, c’est vivre pleinement son impact digital dans un environnement stimulant, humain et durable. | Culture de l'entreprise : Inetum s’inscrit dans une culture principalement orientée coopération , où l’humain, la confiance et le travail collectif constituent des piliers essentiels. L’entreprise favorise un management de proximité axé sur l’accompagnement, la responsabilisation et le développement des compétences. Cette base collaborative est renforcée par une culture de la performance , encourageant l’ambition, le dépassement de soi et l’orientation client. Des composantes innovation et organisation viennent compléter l’ensemble, soutenant l’initiative, l’agilité et des processus structurés garants d’efficacité et de fiabilité. | Poste : Dans le cadre du renforcement de ses équipes infrastructures, nous recherchons des Ingénieurs Active Directory / IAM N3 pour intervenir sur des environnements Microsoft et contribuer aux activités de gestion des identités et des accès. Missions principales : Administration & expertise AD : Administrer et maintenir les environnements Active Directory Gérer les objets AD (utilisateurs, groupes, GPO, OU…) Intervenir en support niveau 3 sur les incidents complexes IAM & sécurité : Contribuer à la gestion des identités et des accès (IAM) Participer aux actions de sécurisation (droits d’accès, comptes sensibles, audit) Appliquer les bonnes pratiques de sécurité AD Projets & amélioration continue : Participer à des projets de : Migration ou évolution Active Directory Intégration avec Microsoft 365 / Azure AD Automatiser certaines tâches via PowerShell Rédiger la documentation technique Environnement technique : Windows Server / Active Directory Azure AD / Microsoft 365 (notions acceptées) GPO, DNS/DHCP PowerShell (niveau intermédiaire) Outils Microsoft (SCOM, Hyper-V est un plus) | Profil recherché : Formation : Bac+5 en informatique ou équivalent Expérience : Minimum 5 ans d’expérience en systèmes Microsoft Forte expertise sur Active Directory Expérience significative en projets de migration et transformation Bonne maîtrise des environnements cloud (Azure / AWS est un plus) Compétences clés : Architecture et administration avancée Active Directory Gestion des identités et des accès (IAM) Sécurité des infrastructures Microsoft Automatisation via scripting Capacité à intervenir en support N3 / expertise Soft skills : Esprit d’analyse et de résolution de problèmes complexes Autonomie et sens des responsabilités Capacité à travailler en environnement critique Bon relationnel et capacité à interagir avec des équipes techniques et métiers Atouts supplémentaires : Certifications type : Microsoft Azure (AZ-900, AZ-104…) AWS Architect ITIL",Recherche de nouveauté | Besoin de réflexion | Besoin d'autonomie | Implication au travail | Ambition,https://www.rekrute.com/offre-emploi-ingenieurs-active-directory-iam-n3-recrutement-inetum-casablanca-181733.html,N/A,2026-04-19T00:45:06.567900
rekrute,Responsable Biodiversité | Sidi Yahia du Gharb (Maroc),N/A (confidentiel),Kénitra et région - Maroc,CDI,Agriculture (métiers de l')                                                                 - Secteur Agriculture / Environnement,Intermédiaire (3 à 5 ans),Bac +5 et plus Minimum - Ecole d'ingénieur,N/A,"Entreprise : La Société EUCAFOREST gère actuellement une concession forestière de plus de 23.000 Ha, plantée dans sa quasi-totalité en Eucalyptus et répartie sur les Provinces de Kénitra, Sidi Slimane, Khémisset, Sidi Kacem, Ouazzane, Skhirat-Témara, Larache et Benslimane. Sa mission consiste à créer des plantations forestières en vue d’une meilleure production du bois en quantité et en qualité et assurer une gestion des espaces boisés selon les normes techniques économiques et environnementales établies en la matière. Eucaforest, acteur majeur de la foresterie au Maroc, assure la production du bois au Maroc pour satisfaire le marché local avec un impact social et environnemental appréciables. | Poste : Rattaché(e) à la Direction d’Exploitation, le Responsable Biodiversité aura pour principales missions : • Stratégie biodiversité et objectifs associés : Décliner et mettre en œuvre les orientations stratégiques associées en matière de biodiversité et développement durable. Fixer des objectifs de préservation et de restauration des écosystèmes forestiers. Elaborer et suivre les budgets des projets correspondants ; • Biodiversité, Climat et Développement durable : Superviser les actions de préservation et de restauration des écosystèmes forestiers, piloter les projets carbones et de finance environnementale, et intégrer les enjeux climatiques dans la gestion durable ; • Pilotage et suivi des indicateurs de performance biodiversité : Définir les KPI de l’impact sur la biodiversité forestière et les objectifs de durabilité. Collecter et analyser les données environnementales des écosystèmes forestiers. Assurer le reporting et proposer des axes d’amélioration continue intégrant foresterie, biodiversité et développement durable ; • Conformité et veille réglementaire : Assurer la conformité juridique et réglementaire des projets Biodiversité et environnementaux, veiller au respect des normes sociales et environnementales, et assurer une veille continue ; • Participer aux projets transverses de la Société : Contribuer aux projets transverses en coordination avec les entités internes de la société | Profil recherché : • Ingénieur ou Master (Bac+5) en génie rural, foresterie, environnement, écologie, agronomie, développement durable ou domaine connexe ; • Expérience professionnelle confirmée d’au moins 3 ans dans la gestion de projets environnementaux, forestiers, ruraux, biodiversité ou de développement durable. Expérience en milieu opérationnel et territorial fortement appréciée ; • Bonne maîtrise des enjeux de biodiversité, de gestion durable des écosystèmes forestiers et de changement climatique ; • Compétences en management de projet et expérience dans la coordination d’équipes multi-acteurs dans des environnements transverses ; • Connaissance en finance carbone et évaluation du stock de carbone appréciée ; • Excellentes capacités de communication écrite et orale, aptitude à dialoguer avec des interlocuteurs variés (institutions, partenaires, population riveraine aux forêts, financeurs) ; • Capacité à fédérer, mobiliser et convaincre les parties prenantes autour de projets collectifs ; • Sens de l’initiative, créativité, autonomie et esprit d’analyse.",Respect des règles | Extraversion | Rationalisme | Flexibilité | Besoin d'action | Implication au travail | Improvisation,https://www.rekrute.com/offre-emploi-responsable-biodiversite-recrutement-cdg-developpement-sidi-yahia-du-gharb-181732.html,N/A,2026-04-19T00:45:09.215610
rekrute,Ingénieur Qualité  (H/F) | Casablanca (Maroc),C’est,Casablanca et région - Maroc,CDI,Production / Qualité / Sécurité / Maintenance                                                                 - Secteur Electro-mécanique / Mécanique,Junior (1 à 3 ans),Bac +5 et plus Minimum - Ecole d'ingénieur,N/A,"Entreprise : C’est en 1902 que le Dr Willis H. Carrier invente et fabrique le tout premier climatiseur moderne au monde. Depuis cette date, Carrier Corporation est le numéro un mondial de la climatisation , avec plus de 4 millions d’unités vendues par an, assemblées dans plus de 40 usines de production, installées et entretenues sur cinq continents. Créée en 2014, MCS est le fruit d’une joint-venture signée entre VENTEC Maroc et Carrier, numéro 1 mondial dans le domaine du froid . MCS assure le support technique, commercial et administratif à distance pour le compte de Carrier France , Carrier Espagne , Otis France , Chubb France , CIAT , Carrier Transicold , Carrier Réfrigération et d’autres sociétés du groupe. MCS permet d’assurer avec efficience et efficacité le traitement des demandes particulières et des consultations, la saisie des commandes, la gestion des réclamations ainsi que la planification des interventions et le support technique à distance. Vous souhaitez révéler votre potentiel dans un environnement challengeant et collaboratif ? Vous souhaitez évoluer dans une structure soucieuse de l’épanouissement et de la satisfaction de ses moyens humains ? A vous de saisir l’opportunité et de concrétiser vos idées au cœur de nos projets ambitieux, en nous envoyant votre candidature. | Culture de l'entreprise : Maroc Climate and Security (MCS) – Carrier s’inscrit dans une culture à dominante coopérative , où l’humain, la confiance et la solidarité structurent les relations de travail. L’organisation s’appuie sur un management de proximité, favorisant l’accompagnement, la responsabilisation et l’engagement collectif au service de projets porteurs de sens. Cette dynamique collaborative coexiste avec une forte orientation vers la performance , traduite par des objectifs clairs et une recherche de résultats mesurables. Elle est complétée par des pratiques innovantes encourageant l’initiative ainsi que par une organisation structurée , garantissant rigueur, efficacité et fiabilité. | Poste : Missions : - Valider le système de production des fournisseurs en vérifiant la présence et pertinence des livrables de de qualification (Amdec Process, Plan de contrôle, Capabilité et R&R) - Vérifier les rapports de contrôle dimensionnel établis par les fournisseurs - Valider et tracer chaque qualification process fournisseur par un PPAP (Production parts approval process) - Ouvrir et suivre les ouvertures fermetures de NPCA - Gérer et suivre les non-conformités fournisseurs suivant les procédures - Construire ou suivre et communiquer les indicateurs de performance de la qualité fournisseurs - Mise à jour documentaire (procédures, instructions…) | Profil recherché : Profil recherché : Formation : Bac +5 en énergie renouvelable. Expérience : Minimum un an d'expérience dans un poste similaire, HVAC. Compétences techniques : Connaissance des outils et méthodes qualité (AMDEC, 8D, 5M, SPC, etc.) et des normes internationales (ISO 9001, IATF 16949). Aptitudes relationnelles : Capacité à travailler en équipe, à gérer des relations avec des fournisseurs et à faire preuve de pédagogie pour expliquer les exigences qualité. Langues : Maîtrise de français et l'anglais à l'écrit et à l'oral",Respect des règles | Rationalisme | Ténacité | Besoin d'objectivité | Organisation,https://www.rekrute.com/offre-emploi-ingenieur-qualite-hf-recrutement-maroc-climate-and-security-mcs---carrier-casablanca-181731.html,N/A,2026-04-19T00:45:11.530536
