source,title,company,location,contract_type,sector,experience,education,salary,description,skills_raw,url,posted_date,scraped_at
rekrute,Superviseur Terrain | Marrakech (Maroc),Smollan,Marrakech et région - Maroc,Intérim,Commercial / Vente / Export - Marketing - Secteur Agence pub / Marketing Direct,Junior (1 à 3 ans),Bac +3 Minimum - Licence,N/A,"Entreprise : Smollan est une multinationale œuvrant dans les domaines des services de ventes, de marketing, de technologie des donnés et du E-commerce. L’entreprise est présente sur les cinq continents, dans plus de 60 pays, avec un effectif dépassant les 84 000 salariés. Au cours de ses 90 ans d’existence, Smollan a constitué un point pivot où les détaillants, les marques et les consommateurs se rencontrent. Nous influençons le choix, le moment et l’endroit où les acheteurs naviguent et achètent à travers de multiples points de contact, Servant plus de 80 % des marques les plus populaires au monde, Smollan couvre plus de 900 000 points de vente. Smollan a démarré en tant que société de service en 1931, et a continué à élargir le spectre de  ses services en développant des partenariats avec des acteurs stratégiques clés au niveau mondial. Grâce à son engagement, son réseau et son savoir-faire, Smollan a réussi à développer une forte présence sur le continent africain dans plus de 15 pays. L’entreprise a commencé ses activées au Maroc en 2018 avec des leaders du marché des produits de grande consommation, et a continué à développer son portefeuille depuis lors en fournissant des services de ventes, de merchandising, et d’activations. Smollan opère au sein de l’écosystème du commerce de détail dans le but de transformer des vies en créant une activité diversifiée et durable qui relie les gens, les marques et les opportunités à travers la planification, l’exécution, le suivi et le reporting des solutions de commerce intelligent, aussi bien en magasin qu’en ligne. Nous opérons dans un environnement commercial très complexe et dynamique où les frontières des entreprises et les exigences des clients changent d'un jour à l'autre. Les clients ont tendance à devenir plus exigeants, plus expressifs et moins patients. Par conséquent, nous essayons généralement de concevoir nos solutions personnalisées et nos modèles opérationnels pour jouer le rôle d'intermédiaire entre la stratégie et les indicateurs de performance opérationnels. Contactez-nous à l’adresse www.smollan.com | Culture de l'entreprise : Smollan Morocco évolue dans une culture majoritairement orientée vers la coopération , où l’humain, la confiance et le bien-être des collaborateurs occupent une place centrale. Le management de proximité favorise l’accompagnement, la responsabilisation et la qualité des relations au sein d’équipes solidaires. Cette culture collaborative est enrichie par une dimension innovation notable , encourageant l’initiative, l’agilité et l’expérimentation. Une orientation performance et des processus structurés complètent l’ensemble, garantissant efficacité opérationnelle et atteinte des objectifs dans un environnement équilibré et engageant. | Poste : Résumé du poste : Assurer la gestion efficace de l'exécution du merchandising et de la gestion des relations ainsi que des produits des clients au niveau du magasin, y compris la réalisation des KPI sur un territoire donné. En outre, assurer une gestion efficace du personnel afin d'obtenir une disponibilité maximale des produits à tout moment et à moindre coût. --------------------------------------------------------------------------------- Principales responsabilités et résultats attendus : Gestion opérationnelle : Communiquer et veiller à ce que l'équipe comprenne les indicateurs de performance du magasin. Superviser l'exécution et la réalisation des KPI convenus pour le magasin Se coordonner avec les directeurs de magasin pour débloquer les défis du magasin en ce qui concerne les KPI du magasin Veiller à l'exécution des 6P au niveau du magasin Suivre les directives stipulées en matière de gestion des stocks Superviser la gestion de la santé des rayons, c'est-à-dire le réapprovisionnement des stocks, les facing, l'intégrité du planogramme. Assurer la mise en œuvre et le suivi des planogrammes au niveau du magasin Veiller à la mise en œuvre efficace des activités promotionnelles Superviser l'exécution des activations en magasin et des promoteurs permanents conformément aux plans convenus. Fournir un retour d'information sur tous les points liés au client/produit sur le terrain. Contrôler et évaluer en permanence les objectifs fixés en matière de merchandising afin de s'assurer qu'ils sont atteints. Assurer l'excellence du merchandising grâce aux meilleures méthodes de travail de Smollan Mener des audits spécifiques aux clients dans les magasins Comparer et optimiser en permanence les processus de réalisation du merchandising par rapport aux meilleures pratiques. Fournir un retour d'information régulier au supérieur hiérarchique Gestion des comptes : Travailler en partenariat avec les distributeurs, les gestionnaires de comptes et d'autres partenaires afin d'atteindre et de dépasser les objectifs de merchandising. Répondre à toutes les questions et à tous les problèmes des clients et en assurer le suivi Se tenir informé du marché et des concurrents Respecter les normes de performance du client et de l'entreprise Faire remonter tout problème non résolu au responsable hiérarchique concerné. Organiser des sessions trimestrielles d'évaluation de l'activité avec le client afin de dégager des opportunités de croissance. Excellence opérationnelle : Soumettre des rapports quotidiens et hebdomadaires concernant les plans d'affaires conjoints (JBP) aux responsables hiérarchiques/clients. Maintenir d'excellentes relations/contacts avec les différentes parties prenantes Documenter et gérer les dépenses Assurer la gestion des actifs de Smollan, y compris les appareils HHT Assurer le respect des règles établies entre votre équipe et le distributeur Mettre en œuvre et maintenir l'excellence opérationnelle du merchandising, les politiques et les procédures, y compris les procédures opérationnelles standard. Élaborer des plans d'itinéraire détaillés, y compris la conception des cycles d'appel / PJP de votre équipe et la communication en temps opportun des changements apportés aux cycles d'appel / PJP. Développer et maintenir une base de données pertinente sur les clients de votre équipe Veiller à ce que des informations exactes soient enregistrées et faire l'objet d'un contrôle de qualité, prendre des mesures correctives le cas échéant. Se tenir au courant des nouveaux développements dans le secteur et les communiquer à son équipe et à son supérieur hiérarchique. Convenir des résultats attendus, de la portée et des délais avec les responsables hiérarchiques. | Profil recherché : Experience : 2 à 3 ans d’expérience ou plus dans le secteur FMCG en tant que représentant des ventes Connaissances, compétences et capacités : Gestion merchandising Gestion des personnes Compétences administratives Compétences en service à la clientèle Compétences en communication (verbale et écrite)",Recherche de nouveauté | Extraversion | Volonté de persuasion | Intuition / Spontanéité | Flexibilité | Ambition | Organisation,https://www.rekrute.com/offre-emploi-superviseur-terrain-recrutement-smollan-morocco-marrakech-182095.html,N/A,2026-04-22T23:39:12.149740
rekrute,Responsable Production | Casablanca (Maroc),Avec une vaste expérience et une position de leader dans le secteur automobile,Casablanca et région - Maroc,CDI,Méthodes / Process / Industrialisation - Production / Qualité / Sécurité / Maintenance - Secteur Aéronautique / Spatial								- Autres Industries,Expert (10 à 20 ans),Bac +5 et plus Minimum - Master,N/A,"Entreprise : Avec une vaste expérience et une position de leader dans le secteur automobile, notre entreprise tire sa force de son histoire, de son savoir faire, de ses atouts et de ses engagements. Depuis sa création, elle a accumulé une expertise considérable, devenant aujourd'hui un acteur incontournable de son domaine. | Poste : Dans le cadre du renforcement de notre équipe, nous recrutons un Responsable Production dont les principales missions seront de : Garantir la conformité des produits aux exigences qualité et techniques Assurer la planification de la production Organiser et optimiser les lignes de production Gérer l’approvisionnement des postes de travail Affecter et superviser la main-d’œuvre directe Réaliser les contrôles prévus dans les processus Veiller à l’identification et à la traçabilité des produits Coordonner les équipes techniques afin d’atteindre les objectifs de performance en termes d’efficience, de qualité et de TRS Assurer l’application des standards et des bonnes pratiques industrielles sur le site Pilotage du processus Production : Définir les caractéristiques et le périmètre du processus Décliner, communiquer et suivre les objectifs associés Planifier et budgéter les ressources nécessaires Suivre les indicateurs de performance Réaliser les bilans et proposer des actions d’amélioration continue | Profil recherché : Vous êtes diplômé(e) d’un Bac+5 ou d’un diplôme  Bac+5 en Génie Industriel ou équivalent Vous justifiez d’une expérience confirmée 10 à 15 ans d’expérience dans la gestion de la production et la planification, idéalement dans les secteurs de l’industrie automobile et de la métallurgie Vous maîtrisez les techniques de systèmes qualité, gestion de projet, Maîtrise des outils d’amélioration continue (Lean Manufacturing, Kaizen, 5S, SMED, TPM ) Vous avez une bonne expérience en environnement certifié ISO / IATF 16949 Vous maîtrisez l'ERP (SAP, Sage X3, ou équivalent) Langues : Français et Anglais Compétences informatiques : Bonne maîtrise de Word et Excel Doté d’un bon sens relationnel, vous appréciez le travail en équipe et savez faire preuve de rigueur et d'autonomie.",Recherche de nouveauté | Respect des règles | Besoin d'objectivité | Rationalisme | Ténacité | Besoin de réflexion | Organisation,https://www.rekrute.com/offre-emploi-responsable-production-recrutement-confidentiel-casablanca-182094.html,N/A,2026-04-22T23:39:14.754075
rekrute,Responsable Ressources Humaines | Casablanca (Maroc),Riche d'une longue expérience et majeur dans son secteur d'activité,Casablanca et région - Maroc,CDI,RH / Personnel / Formation                                                                 - Secteur Autres Industries,Confirmé (5 à 10 ans),Bac +5 et plus Minimum - Master,N/A,"Entreprise : Riche d'une longue expérience et majeur dans son secteur d'activité, notre entreprise tire sa force de son histoire, son savoir faire, ses atouts et ses engagements. Depuis sa création, notre entreprise a forgé son expérience dans ce secteur, et se positionne aujourd'hui comme un acteur de référence. | Poste : Nous recrutons un(e) Responsable Ressources Humaines Senior afin de piloter la fonction RH et accompagner le développement de ses équipes. - Définir et mettre en œuvre la stratégie RH en alignement avec les objectifs de l’entreprise. - Superviser l’ensemble des processus recrutement, intégration et gestion des talents. - Assurer la gestion administrative du personnel et veiller à la conformité avec la législation du travail. - Piloter les plans de formation et le développement des compétences. - Assurer le suivi de l’évaluation de performance et accompagner les managers. - Gérer les relations sociales et maintenir un climat social positif. - Conseiller la direction sur les questions RH et organisationnelles. - Gestion de la paie et déclarations sociales. | Profil recherché : Profil recherché : - Formation Bac+5 en Ressources Humaines, Droit social ou Management. - 5 à 10 ans d’expérience minimum dans une fonction RH, dont une expérience à un poste similaire. - Bonne maîtrise du droit du travail marocain et des pratiques RH. - Leadership, sens de l’organisation et capacité à gérer des projets RH. - Excellentes compétences relationnelles et de communication.",Recherche de nouveauté | Extraversion | Besoin d'objectivité | Besoin d'autonomie | Implication au travail,https://www.rekrute.com/offre-emploi-responsable-ressources-humaines-recrutement-confidentiel-casablanca-180559.html,N/A,2026-04-22T23:39:17.784570
rekrute,Chargé(e) facturation(Junior) | Casablanca (Maroc),PwC,Casablanca et région - Maroc,CDI,Gestion / Comptabilité / Finance                                                                 - Secteur Comptabilité / Audit,Débutant (-1 an),Bac +5 et plus Minimum - Master,N/A,"Entreprise : PwC est le leader mondial sur le marché de l’audit financier, et compte plus de 236 000 collaborateurs dans le monde. Il réalise des missions d'audit, d'expertise comptable et de conseil pour des organisations de toutes tailles et de tous secteurs d’activité. | Culture de l'entreprise : PwC se caractérise par une culture fortement structurée et orientée organisation , où la rigueur des processus, la fiabilité et l’exigence de qualité constituent des piliers de la performance. Cette approche est étroitement complétée par une dimension collaborative de même intensité , favorisant la confiance, l’engagement collectif et un management de proximité axé sur l’accompagnement des talents. La recherche de résultats mesurables et la réputation du cabinet introduisent une logique de compétition maîtrisée , tandis que l’innovation, bien que présente, demeure plus encadrée et secondaire. | Poste : Dans le cadre du développement de ses activités, PwC Business Services recherche un(e) Gestionnaire Missions : Au sein d’une équipe dédiée, vous travaillerez principalement sur des missions auprès d’une clientèle composée de grands acteurs nationaux et internationaux : Analyse les marchés financiers et sélectionne des investissements adaptés aux objectifs des clients. Construit et ajuste des portefeuilles pour optimiser la performance et limiter les risques. Suit les résultats, réalise des rapports et justifie les décisions prises. S’assure du respect des règles financières et maintient une bonne relation avec les clients. | Profil recherché : De formation BAC+3 à BAC+5 en comptabilité ou finance. 1 an d'expérience ou débutant avec une motivation et volonté d’apprendre. Bonnes compétences organisationnelles et attention aux détails. Maîtrise des outils bureautiques (Excel, Word). Sens du travail en équipe et bonne communication.",Respect des règles | Rationalisme | Conventionnel | Besoin d'objectivité | Organisation,https://www.rekrute.com/offre-emploi-chargee-facturationjunior-recrutement-pwc-casablanca-182093.html,N/A,2026-04-22T23:39:20.153296
rekrute,Consultores catalanes/españoles - Back Office y llamadas salientes (H/F) | Casablanca (Maroc),N/A (confidentiel),Casablanca et région - Maroc,CDI,Commercial / Vente / Export - Centre d'appels (métiers de) - Secteur Offshoring / Nearshoring								- Offshoring / Nearshoring,Junior (1 à 3 ans),Bac +2 Minimum - Baccalauréat,N/A,"Entreprise : Créé en 2003, le groupe OUTSOURCIA est un opérateur spécialisé dans les métiers de l'outsourcing : gestion de la relation client à distance, multiservice, multilingue et multicanal (centres d'appels, gestion des e-mails, solutions de chats, télémarketing et relation client sur les réseaux sociaux), externalisation de métiers de Back Office (BPO), prestations digitales (développement d'applications spécifiques, web ou mobiles, communication digitale et Community Management) et études. À ce jour, OUTSOURCIA, emploie 3600 collaborateurs sur 12 sites de production au Maroc, en France, en Tunisie, à Madagascar et accompagne des clients de renom tels que : Aquarelle, Renault, Total, Orange, Histoire d'Or, Manutan, Marionnaud, Mister Auto, Seloger.com, Veepee, etc. Pour en savoir plus visitez www.outsourcia.com | Culture de l'entreprise : Outsourcia évolue dans une culture principalement orientée vers la performance et la compétition , où l’ambition, le goût du challenge et l’atteinte d’objectifs mesurables constituent des moteurs essentiels. L’entreprise valorise le dépassement de soi, la compétitivité et une forte orientation client, dans une logique de résultats et de positionnement sur le marché. Cette dynamique est complétée par une dimension humaine et collaborative , favorisant la cohésion des équipes, la responsabilisation et le management de proximité. L’innovation et des processus structurés viennent soutenir l’efficacité et l’adaptabilité de l’organisation. | Poste : ¿Te apasiona la relación con el cliente y dominas perfectamente el catalán y el español? ¿Buscas un entorno dinámico donde puedas desarrollar tus habilidades? ¡Esta oportunidad es para ti! Tu misión: - Gestionar solicitudes clientes en BackOffice - Realizar llamadas salientes (outbound) con profesionalismo y empatía - Garantizar una experiencia cliente de alta calidad - Tratar y resolver incidencias con eficacia | Profil recherché : - Dominio nativo o bilingüe de catalán y español (oral y escrito) - Experiencia previa en servicio al cliente y/o backoffice (muy valorada) - Excelentes habilidades de comunicación y orientación al cliente - Capacidad de organización, rigor y proactividad",Volonté de persuasion | Extraversion | Intuition / Spontanéité | Ambition | Recherche de nouveauté | Respect des règles | Distance émotionnelle | Implication au travail,https://www.rekrute.com/offre-emploi-consultores-catalanesespanoles---back-office-y-llamadas-salientes-hf-recrutement-outsourcia-casablanca-182092.html,N/A,2026-04-22T23:39:23.340353
rekrute,Téléconseillers germano-anglophones (Allemand/Anglais) | Casablanca (Maroc),N/A (confidentiel),Casablanca et région - Maroc,CDI,Centre d'appels (métiers de)                                                                 - Secteur Centre d'appels								- Offshoring / Nearshoring,Junior (1 à 3 ans),Bac Minimum - Baccalauréat,N/A,"Entreprise : Créé en 2003, le groupe OUTSOURCIA est un opérateur spécialisé dans les métiers de l'outsourcing : gestion de la relation client à distance, multiservice, multilingue et multicanal (centres d'appels, gestion des e-mails, solutions de chats, télémarketing et relation client sur les réseaux sociaux), externalisation de métiers de Back Office (BPO), prestations digitales (développement d'applications spécifiques, web ou mobiles, communication digitale et Community Management) et études. À ce jour, OUTSOURCIA, emploie 3600 collaborateurs sur 12 sites de production au Maroc, en France, en Tunisie, à Madagascar et accompagne des clients de renom tels que : Aquarelle, Renault, Total, Orange, Histoire d'Or, Manutan, Marionnaud, Mister Auto, Seloger.com, Veepee, etc. Pour en savoir plus visitez www.outsourcia.com | Culture de l'entreprise : Outsourcia évolue dans une culture principalement orientée vers la performance et la compétition , où l’ambition, le goût du challenge et l’atteinte d’objectifs mesurables constituent des moteurs essentiels. L’entreprise valorise le dépassement de soi, la compétitivité et une forte orientation client, dans une logique de résultats et de positionnement sur le marché. Cette dynamique est complétée par une dimension humaine et collaborative , favorisant la cohésion des équipes, la responsabilisation et le management de proximité. L’innovation et des processus structurés viennent soutenir l’efficacité et l’adaptabilité de l’organisation. | Poste : Sie sprechen fließend Deutsch und Englisch und haben Freude am Kundenkontakt? Dann sind Sie bei uns genau richtig! Ihre Aufgaben: Entgegennahme eingehender Kundenanrufe Analyse der Kundenanfragen und Bereitstellung passender Lösungen Sicherstellung einer hohen Servicequalität und Kundenzufriedenheit Professionelle und freundliche Bearbeitung aller Anliegen | Profil recherché : Sehr gute Deutsch- und Englischkenntnisse in Wort und Schrift Ausgeprägte Kommunikations- und Zuhörfähigkeiten Erste Erfahrung im Kundenservice von Vorteil Sicherer Umgang mit gängigen IT-Tools",Respect des règles | Volonté de persuasion | Distance émotionnelle | Ténacité | Besoin d'action | Travail en équipe | Implication au travail | Organisation,https://www.rekrute.com/offre-emploi-teleconseillers-germano-anglophones-allemandanglais-recrutement-outsourcia-casablanca-182091.html,N/A,2026-04-22T23:39:26.385352
rekrute,Key Account Manager (Chellalat) | Mohammédia (Maroc),Fort d'une expérience de plus de 40 ans dans les transports de fluides,Casablanca et région - Maroc,CDI,Commercial / Vente / Export - Gestion projet / Etudes / R&D - Secteur Electro-mécanique / Mécanique								- Electronique,Intermédiaire (3 à 5 ans),Bac +5 et plus Minimum - Ecole d'ingénieur - Master,N/A,"Entreprise : Fort d'une expérience de plus de 40 ans dans les transports de fluides, FIRM (Fournitures Industrielles et Réalisations Mécaniques) est un acteur majeur sur le marché marocain dans la commercialisation de la robinetterie industrielle, le tube, les raccords et les accessoires. Notre notoriété est avant tout liée à notre expertise dans le domaine et à l'assistance technique à nos clients. | Poste : Le Key Account Manager est appelé à remplir les fonctions d’un Responsable Commercial à la limite de son périmètre défini en termes de comptes clients et partenaires. Il est par ailleurs responsable du développement de son fonds de commerce et du CA avec une meilleure rentabilité (Marges objectivées en dessous du seuil du risque maximum toléré). Descriptif des tâches : 1. Développement commercial Développer le portefeuille clients via la prospection Négocier les termes de collaboration avec les clients Assurer l'atteinte des objectifs de CA et de marge 2. Gestion de la relation client Piloter la relation avec les clients du portefeuille Traiter les réclamations Assurer le suivi des règlements et du recouvrement 3. Cycle de vente complet Produire les offres techniques et commerciales Gérer les appels d'offres (dossier administratif, technique, financier) Superviser les livraisons et la facturation 4. Veille et reporting Mettre à jour les opportunités sur le CRM Réaliser une veille concurrentielle Rendre compte à la Direction 5. Actions terrain Planifier et effectuer les visites clients Participer à des événements (formations, démonstrations) | Profil recherché : Formation et Expérience : Issu d’une formation d’ingénierie en hydraulique ou en génie mécanique, vous justifiez d'une expérience significative dans une fonction similaire. Compétences techniques et qualités personnelles requises : Maîtrise des produits dans les secteur industriel (mécanique, éléctro-mécanique) ; Vous avez le sens de la négociation et êtes orientés résultats ; Vous avez le sens de l’organisation et l'aptitude à travailler en équipe ; Vous êtes autonome et dynamique ; Maîtrise parfaite de la langue française parlée et écrite ; Anglais souhaitable.",Recherche de nouveauté | Extraversion | Volonté de persuasion | Besoin d'action | Ambition | Besoin d'autonomie,https://www.rekrute.com/offre-emploi-key-account-manager-chellalat-recrutement-firm-mohammedia-180758.html,N/A,2026-04-22T23:39:28.788084
rekrute,Commercial Sédentaire (H/F)  (Chellalat ) | Mohammédia (Maroc),Fort d'une expérience de plus de 40 ans dans les transports de fluides,Casablanca et région - Maroc,CDI,Commercial / Vente / Export                                                                 - Secteur Electro-mécanique / Mécanique,Intermédiaire (3 à 5 ans),Bac +2 Minimum - BTS / DUT,N/A,"Entreprise : Fort d'une expérience de plus de 40 ans dans les transports de fluides, FIRM (Fournitures Industrielles et Réalisations Mécaniques) est un acteur majeur sur le marché marocain dans la commercialisation de la robinetterie industrielle, le tube, les raccords et les accessoires. Notre notoriété est avant tout liée à notre expertise dans le domaine et à l'assistance technique à nos clients. | Poste : En tant que Commercial Sédentaire vos principales missions seront : Production des offres commerciales des Key Account Manager auquel il/elle est rattaché(e) Prendre en charge la relation clientèle de son portefeuille. Négocier les termes de création de comptes avec les clients et partenaires selon la politique et la stratégie commerciale définie. Assister les clients à exprimer leurs besoins techniques et fonctionnels en matériel et fournitures. Prendre en charge les projets d’appels d’offres (Dossier administratif – Dossier technique – Offre financière). Assister les KAM dans la Supervision des livraisons des commandes clients de son portefeuille. Préparer et/ou veiller sur la préparation du dossier de facturation (devis / Proforma / Bon de commande / Bon de livraison / Moyen de règlement). Assister au suivi de l’état des règlements des factures clients de son portefeuille (En coordination avec le chargé de recouvrement). Mettre à jour les opportunités commerciales sur le support Ad-hoc (CRM-Vtiger ou tout autre support en application). Prendre en charge le traitement des réclamations des clients de son portefeuille. | Profil recherché : Formation: Issu d'une formation supérieure BAC + 2 et plus, BTS (option technique de vente) ou en hydraulique. Compétences et qualités personnelles: Expérience significative dans une fonction similaire dans le secteur hydraulique, mécanique ou industriel Maîtrise des produits Sens de l’organisation Aptitude à travailler en équipe Autonomie Maîtrise parfaite de la langue française à l’écrit et à l’oral",Recherche de nouveauté | Extraversion | Volonté de persuasion | Travail en équipe | Ambition | Intuition / Spontanéité | Flexibilité,https://www.rekrute.com/offre-emploi-commercial-sedentaire-hf-chellalat-recrutement-firm-mohammedia-180759.html,N/A,2026-04-22T23:39:31.461015
rekrute,Responsable des aspects administratifs et financiers | Béni Mellal (Maroc),N/A (confidentiel),1 poste(s) - Maroc,CDI,Audit / Conseil - Gestion / Comptabilité / Finance - Secteur Comptabilité / Audit								- Conseil / Etudes,Confirmé (5 à 10 ans),Bac +5 et plus - Ecole de commerce - Master,N/A,"Entreprise : La SOCIETE DE DEVELOPPEMENT DES SERVICES PUBLICS DE DISTRIBUTION S.A. est une société de Développement Local, qui a pour missions de participer à la gestion et au développement des Services Publics de distribution, et cela à travers notamment, les prestations : D’accompagnement dans le domaine financier et de l'ingénierie financière, et dans la mobilisation et la gestion des financements ; De suivi et d'évaluation de la gestion et des indicateurs de performance inhérents aux Services Publics ; De gestion des dettes de financement liées à l’activité de distribution ; D’harmonisation des règles communes et process concernant la gestion des Services Publics. Notre société accompagne les acteurs du secteur de la distribution d’électricité, d’eau potable et d’assainissement liquide, notamment les GCT (Groupements de Collectivités Territoriales) et les SRM (les sociétés Régionales Multiservices) nouvellement mises en place. | Poste : Nous recherchons un profil "" Responsable des aspects administratifs et financiers  "" pour notre entité à Beni Mellal possédant une expérience confirmée d’au moins 5 ans dans toute spécialité en lien avec le gestion financière et commerciale, le contrôle de gestion/achat, audit. Principales missions : • Assurer le suivi des indicateurs de performance financière et commerciale ; • Analyser les données communiquées par la SRM ; • Analyser les états financiers et assurer le suivi des budgets de la SRM ; • Participer aux missions de contrôle sur le terrain et aux audits ; • Participer à l’élaboration, l’examen et l’analyse des besoins interne et externe ; • Vérifier la conformité des activités avec les dispositions du contrat de gestion et les référentiels applicables ; • Identifier les dysfonctionnements et écarts constatés ; • Elaborer des rapports d’analyse, notes de synthèse et recommandations ; • Proposer des actions correctives et contribuer à l’amélioration continue du service. | Profil recherché : Formation et compétences requises : Diplôme Bac +5 (ENCG, ISCAE ou équivalent). Une expérience dans un environnement institutionnel ou de contrôle est souhaitée. Une expérience dans le secteur de distribution d’eau potable, d’électricité et d’assainissement liquide est appréciée. Bonne maitrise des techniques de conduite des projets. Traits de personnalité souhaités : Esprit d’organisation et Rigueur. Intégrité et Disponibilité. Esprit d'analyses et Autonomie. Compétences de travail en équipe. Excellente communication écrite et orale.",Respect des règles | Besoin d'objectivité | Rationalisme | Flexibilité | Besoin de réflexion | Besoin d'autonomie | Implication au travail | Organisation,https://www.rekrute.com/offre-emploi-responsable-des-aspects-administratifs-et-financiers-recrutement-societe-de-developpement-des-services-publics-de-distribution-beni-mellal-182090.html,N/A,2026-04-22T23:39:34.090049
rekrute,Agent administratif RH | CASABLANCA (Maroc),Atlas Multiservices,Casablanca et région - Maroc,CDI,Gestion / Comptabilité / Finance - RH / Personnel / Formation - Secteur Indifférent,Débutant (-1 an),Bac +2 Minimum - BTS / DUT,N/A,"Entreprise : Atlas Multiservices , filiale du groupe Royal Air Maroc, accompagne le développement des talents dans les métiers de l’industrie aérienne. Forte de son ancrage au sein d’un grand groupe national, elle offre aux candidats de véritables opportunités d’évolution dans l’univers exigeant et captivant du transport aérien, alliant professionnalisme, rigueur et épanouissement | Poste : En tant qu’ Agent Administratif RH , vous serez le point de contact pour les tâches administratives liées aux collaborateurs et/ou aux candidats. Vous assurerez la gestion des dossiers , la préparation des documents, le suivi des processus RH et veillerez à la conformité des informations. Votre rôle est essentiel pour garantir une expérience fluide et professionnelle. | Profil recherché : Vous êtes organisé(e), rigoureux(se) et doté(e) d’un excellent sens du service. Vous aimez travailler dans un environnement structuré et contribuer à la fluidité des processus RH. Vous remplissez les conditions suivantes : Nationalité : Marocaine Âge : Au plus 27 ans au 26/11/2025 (né(e) après le 27/11/1997) Niveau d’instruction : BAC+2 minimum (diplôme validé) Type de Bac : Scientifique ou Technique Diplômes : Gestion, Comptabilité, Économie, Finance, RH, Logistique, Commerce international, Informatique Langue : Maîtrise du français à l’écrit et à l’oral Votre dynamisme et votre sens des responsabilités vous permettront de gérer efficacement les tâches administratives liées aux collaborateurs et/ou aux candidats.",Respect des règles | Extraversion | Rationalisme | Besoin d'objectivité | Besoin d'autonomie | Implication au travail | Organisation,https://www.rekrute.com/offre-emploi-agent-administratif-rh-recrutement-atlas-multiservices-casablanca-182089.html,N/A,2026-04-22T23:39:36.064387
rekrute,Conseillers Expérimentés : Métiers de Conseil et Relation Client avec Rebond | Casablanca (Maroc),UNIFITEL et la Succursale Marocaine d’ARGENCE DEVELOPPEMENT,Casablanca et région - Maroc,CDI,Centre d'appels (métiers de)                                                                 - Secteur Centre d'appels								-,Junior (1 à 3 ans),Bac +2 Minimum,"• Un Contrat CDI dès l’intégration; • Une rémunération motivante composée de salaire fixe + Primes relatives au Rebond déplafonnées; • Salaire évolutif; • Une formation rémunérée à 100%; • Une évolution professionnelle favorisée par notre politique de formations certifiantes dans le domaine bancaire et une progression rapide pour les candidats de valeur; • Un programme de développement personnel animé par des Coachs certifiés; • Des avantages sociaux intéressants, et un cadre de travail stable et agréable.","Entreprise : UNIFITEL et la Succursale Marocaine d’ARGENCE DEVELOPPEMENT , centres de services financiers, membres du Groupe Français Crédit Agricole Personal Finance & Mobility , proposent des métiers de la chaîne de valeur du Crédit et de l’Assurance. Nous opérons principalement sur 3 axes financiers pour le marché Français : Crédit à la consommation, Recouvrement et Assurances. Nous fournissons nos services en omnicanal avec une forte expertise sur le Digital. Notre politique sociale, managériale et de formation est avant-gardiste et ambitieuse. Nous plaçons nos collaborateurs dans des conditions idéales pour s’épanouir et réussir. | Culture de l'entreprise : Unifitel évolue dans une culture équilibrée , où l’ innovation occupe une place centrale, portée par la créativité, l’expérimentation et l’encouragement des initiatives. Cette dynamique s’appuie sur une forte dimension collaborative , favorisant la confiance, l’entraide et un management de proximité. L’entreprise intègre également une culture structurée et orientée performance , combinant rigueur des processus, efficacité opérationnelle et recherche de résultats. Cet équilibre offre un environnement stimulant, à la fois agile, humain et orienté vers l’atteinte d’objectifs concrets. | Poste : Vous rejoindrez un des métiers de la chaine de valeur du crédit, de l’Assurance et de la Banque à distance. Au sein de votre unité, vous transformerez chaque contact client en une expérience unique. Vous accompagnez nos clients dans une relation multicanal et valorisez chaque contact par une proposition commerciale adaptée. Dans ce cadre vous aurez pour principales missions de : • Répondre aux demandes de nos clients, découverte et analyse de leurs besoins afin de leur proposer les offres commerciales les plus adaptées; • Accompagner nos clients finaux dans la réalisation de leurs projets par la proposition de différents produits de la marque Sofinco et de ses partenaires; • Réaliser vos objectifs commerciaux dans le respect des normes de qualité et de conformité. Avant de prendre en charge votre mission, une formation complète est assurée afin de vous préparer aux responsabilités qui vous seront confiées. Pour plus d'informations, consultez notre site web : www.unifitel.co.ma | Profil recherché : • De formation Bac+2; • Vous avez déjà expérimenté un succès dans une précédente mission commerciale; • Vous avez une excellente maîtrise de la langue française et une connaissance des outils informatiques. Qualités requises : • Vous avez une forte énergie et allez au bout de ce que vous entreprenez; • Vous avez la conviction qu'à plusieurs c'est toujours mieux ! • Curieux(se), vous apprenez vite et allez chercher l'information dont vous avez besoin; • Challenger, votre devise est « l'efficacité au service du client ». Vous vous reconnaissez dans ce portrait ? Rejoignez notre équipe ! Nous vous proposons : • Un Contrat CDI dès l’intégration; • Une rémunération motivante composée de salaire fixe + Primes relatives au Rebond déplafonnées; • Salaire évolutif; • Une formation rémunérée à 100%; • Une évolution professionnelle favorisée par notre politique de formations certifiantes dans le domaine bancaire et une progression rapide pour les candidats de valeur; • Un programme de développement personnel animé par des Coachs certifiés; • Des avantages sociaux intéressants, et un cadre de travail stable et agréable.",Extraversion | Distance émotionnelle | Travail en équipe | Ambition | Conventionnel | Flexibilité | Besoin de réflexion | Implication au travail,https://www.rekrute.com/offre-emploi-conseillers-experimentes-metiers-de-conseil-et-relation-client-avec-rebond-recrutement-unifitel-casablanca-182088.html,N/A,2026-04-22T23:39:38.987105
rekrute,Chef Comptable | Casablanca (Maroc),N/A (confidentiel),Casablanca et région - Maroc,CDI,Gestion / Comptabilité / Finance                                                                 - Secteur Comptabilité / Audit,Confirmé (5 à 10 ans),Bac +5 et plus Minimum - Master,N/A,"Entreprise : Nous sommes un cabinet d'audit, d’expertise comptable et de conseil , inscrit au tableau de l’Ordre des Experts Comptables du Maroc et membre du réseau Moore Stephens International. Notre activité s'articule principalement autour du contrôle légal des sociétés, des missions d'audit contractuel, de supervision comptable, de conseil juridique et fiscal. Nous intervenons également sur des missions à forte valeur ajoutée telles que l 'audit d'acquisition, le conseil financier et le conseil en organisation. | Poste : Nous recrutons : Chef Comptable (H/F) Basé à  Oasis Casablanca Dans le cadre de la croissance de notre cabinet, nous renforçons notre équipe et recherchons un(e) Chef Comptable expérimenté(e) capable de piloter l’ensemble des activités comptables et fiscales avec rigueur et leadership. Vos principales responsabilités : En véritable référent(e) technique, vous interviendrez sur un périmètre complet et stratégique : Superviser la comptabilité générale et garantir la fiabilité des comptes Assurer le respect des obligations fiscales et la conformité réglementaire Gérer la comptabilité de plusieurs entités juridiques Piloter les clôtures mensuelles, trimestrielles et annuelles Produire les états financiers et assurer un reporting régulier à la direction Encadrer, accompagner et faire monter en compétence l’équipe comptable Optimiser et améliorer en continu les processus comptables et fiscaux Être force de proposition sur les sujets d’organisation et de structuration | Profil recherché : Profil recherché : Formation supérieure en comptabilité, finance ou équivalent (Bac+5 souhaité) Minimum 7 ans d’expérience, idéalement en cabinet d’expertise comptable ou environnement multi-sociétés Expérience confirmée dans la gestion de plusieurs entités juridiques Excellente maîtrise des normes comptables et fiscales marocaines Leadership, sens des responsabilités et capacité à gérer les priorités Rigueur, autonomie et esprit d’analyse Pourquoi nous rejoindre ? Un environnement dynamique en pleine croissance Des missions à forte valeur ajoutée Une exposition à des problématiques variées (multi-clients / multi-secteurs) De réelles perspectives d’évolution",Conventionnel | Respect des règles | Besoin d'objectivité | Rationalisme | Organisation,https://www.rekrute.com/offre-emploi-chef-comptable-recrutement-moore-casablanca-casablanca-182087.html,N/A,2026-04-22T23:39:41.273260
rekrute,Déposez votre Candidature Spontanée | Casablanca (Maroc),Là,Casablanca et région - Maroc,CDI,Télécom / Réseaux                                                                 - Secteur Indifférent,Intermédiaire (3 à 5 ans),Bac +5 et plus Maximum - Université,N/A,"Entreprise : Là où la technologie rencontre l’impact. Orange Maroc n’est pas seulement un opérateur télécom. Nous sommes un acteur technologique majeur qui connecte 18,8 millions de clients, déploie les infrastructures du très haut débit et accélère la transformation digitale du Royaume. 5G. Data. AI. Cybersécurité. Orange Money. Digitalisation des entreprises. Depuis 1999, nous construisons un modèle qui conjugue innovation, performance et responsabilité. Entreprise profondément ancrée au Maroc, portée par la puissance d’un Groupe international, nous évoluons vite et où nous faisons évoluer notre écosystème avec nous. Certifiés GEEIS, Label Employeur Sportif, élus Service Client de l’Année pour la 9 année consécutive, nous plaçons l’expérience collaborateur au cœur de notre stratégie. Mais ce qui nous définit vraiment, ce sont les femmes et les hommes d’Orange Maroc, 1 300 femmes et hommes engagés qui transforment chaque jour une ambition en réalité. | Poste : Orange ouvre la possibilité de déposer une candidature spontanée afin de rejoindre nos équipes et d’être considéré(e) pour de futurs besoins dans ses différentes directions. Chez Orange , vous faites partie d’une équipe qui partage des valeurs fortes : être attentionnés envers nos clients et parties prenantes et entre collaborateurs, responsables dans nos engagements, et audacieux dans nos actions. Nous vous offrons des opportunités de carrière au sein d’un leader des télécoms et du numérique, solidement implanté au Maroc et sur le continent africain. En nous rejoignant, vous participez à une aventure ambitieuse, un projet digital et responsable visant l’excellence grâce à notre management de proximité, l’agilité de nos processus et notre politique de formation et de développement des compétences | Profil recherché : Chez Orange Maroc , nous recrutons des talents qui souhaitent évoluer dans un environnement où les usages, les technologies et les attentes clients évoluent en permanence. Nos équipes travaillent au cœur de ces transformations, en lien direct avec des enjeux concrets de performance, d’innovation et d’expérience. Nous recherchons des profils capables de s’inscrire dans ces dynamiques, sur des expertises variées : • Data, IA, IT, réseaux, cybersécurité, ICT • Customer experience, Marketing Digital, Transformation • Fonctions transverses clés : ressources humaines, finance, juridique, audit. Au-delà des expertises, nous sommes attentifs à des profils capables de comprendre rapidement leur environnement, de s’impliquer et de travailler en collectif, avec un vrai sens de la responsabilité et du potentiel à évoluer dans des dynamiques de transformation continues. Orange Maroc accorde également une place importante aux jeunes talents et aux profils en début de carrière. Nous sommes un environnement où l’on apprend vite, où l’on prend progressivement des responsabilités, et où l’on construit des bases solides pour la suite de son parcours. Rejoindre Orange Maroc , c’est intégrer une entreprise en mouvement, où chacun peut contribuer concrètement et évoluer dans la durée.",Extraversion | Ténacité | Travail en équipe | Implication au travail | Ambition,https://www.rekrute.com/offre-emploi-deposez-votre-candidature-spontanee-recrutement-orange-maroc-casablanca-181455.html,N/A,2026-04-22T23:39:43.566100
rekrute,Responsable RH | Marrakech (Maroc),Au cœur de Marrakech,Marrakech et région - Maroc,CDI,Gestion / Comptabilité / Finance - RH / Personnel / Formation - Secteur Comptabilité / Audit								- Recrutement / Intérim,Confirmé (5 à 10 ans),Bac +3 Minimum - Licence,N/A,"Entreprise : Au cœur de Marrakech, à quelques minutes du centre historique, un nouveau lieu festif voit le jour, perché au sommet d'un complexe, le restaurant séduit par sa vue panoramique sur l’Atlas, ses couchers de soleil, ses performances musicales et artistiques, rendant hommage à la culture marocaine. Reliés par une signature culinaire fusion aux influences marocaines et internationales, il devient un lieu incontournable, idéal pour bruncher, déjeuner, dîner, vibrer et vivre une expérience inoubliable à Marrakech. | Poste : .Assurer la gestion complète de la paie conformément à la législation marocaine .Établir, contrôler et valider les bulletins de paie dans le respect des règles fiscales et sociales .Maîtriser les calculs de l’IR, des cotisations CNSS, AMO, CIMR et autres organismes sociaux .Gérer les déclarations sociales et fiscales (CNSS, IR, états 9421, etc.) dans les délais légaux .Garantir la conformité des pratiques RH avec le Code du travail marocain .Rédiger, gérer et suivre les contrats de travail, avenants, sanctions disciplinaires et procédures internes .Assurer le suivi administratif du personnel : embauches, sorties, absences, congés, maladies, attestations .Identifier, prévenir et gérer les risques sociaux, fiscaux et juridiques liés à la gestion du personnel .Assurer une veille réglementaire (droit du travail, fiscalité, CNSS, IR) .Être un référent fiable et rassurant sur toutes les questions RH et paie, capable de sécuriser l’entreprise .Collaborer avec la direction financière et les autres départements pour garantir la cohérence des données RH | Profil recherché : .Expérience confirmée (minimum 5 ans souhaités) dans un poste RH & Paie, idéalement dans un environnement structuré .Maîtrise parfaite de la paie marocaine, avec capacité à établir et contrôler les bulletins de paie de manière autonome .Excellente connaissance des calculs de l’IR, des cotisations CNSS, AMO, CIMR et autres charges sociales .Très bonne maîtrise du Code du travail marocain et de son application pratique .Capacité à identifier, anticiper et gérer les risques sociaux, fiscaux et juridiques liés à la gestion du personnel .Expérience dans la gestion administrative du personnel (contrats, avenants, absences, congés, sanctions, sorties) .À l’aise avec les déclarations sociales et fiscales et le respect strict des délais légaux .Capacité à travailler en autonomie, avec rigueur et sens élevé des responsabilités .Profil fiable, structuré et rassurant, capable de sécuriser l’entreprise et d’instaurer un climat de confiance .Discrétion, confidentialité absolue et éthique professionnelle irréprochable .Bon sens de l’organisation, esprit d’analyse et capacité à apporter des solutions concrètes .Aisance relationnelle permettant d’interagir efficacement avec la direction et les collaborateurs .Maîtrise des outils informatiques RH et paie (logiciels de paie, Excel)",Respect des règles | Extraversion | Rationalisme | Besoin d'objectivité | Besoin d'autonomie | Implication au travail | Organisation,https://www.rekrute.com/offre-emploi-responsable-rh-recrutement-casa-sister-marrakech-182086.html,N/A,2026-04-22T23:39:46.700901
rekrute,Candidatures spontanées - Métiers de l'aéronautique | Casablanca (Maroc),Atlas Multiservices,Casablanca et région - Maroc,CDI,Logistique / Transport (métiers de)                                                                 - Secteur Indifférent								- Autres Industries,Débutant (-1 an) - Junior (1 à 3 ans),Bac +2 Minimum - Formation professionnelle,N/A,"Entreprise : Atlas Multiservices , filiale du groupe Royal Air Maroc, accompagne le développement des talents dans les métiers de l’industrie aérienne. Forte de son ancrage au sein d’un grand groupe national, elle offre aux candidats de véritables opportunités d’évolution dans l’univers exigeant et captivant du transport aérien, alliant professionnalisme, rigueur et épanouissement | Poste : En rejoignant nos équipes, vous contribuerez à des projets ambitieux au coeur d'un secteur en constante évolution. Vos missions seront définies en fonction de votre profil, de vos compétences et des besoins de nos équipes. | Profil recherché : Nationalité : Marocaine Âge : ≤ 27 ans Niveau d’instruction : BAC+2 ou BAC+3 Type de Bac : Scientifique ou Technique Nature de diplômes : Scientifique ; technique ; économie ; commerce ; tourisme Langue : Maîtrise du français à l’écrit et à l’oral",Travail en équipe,https://www.rekrute.com/offre-emploi-candidatures-spontanees---metiers-de-laeronautique-recrutement-atlas-multiservices-casablanca-182085.html,N/A,2026-04-22T23:39:48.552020
rekrute,Comptable confirmé(e) | Marrakech (Maroc),Au cœur de Marrakech,Marrakech et région - Maroc,CDI,Gestion / Comptabilité / Finance                                                                 - Secteur Comptabilité / Audit,Confirmé (5 à 10 ans),Bac +3 Minimum - Licence,N/A,"Entreprise : Au cœur de Marrakech, à quelques minutes du centre historique, un nouveau lieu festif voit le jour, perché au sommet d'un complexe, le restaurant séduit par sa vue panoramique sur l’Atlas, ses couchers de soleil, ses performances musicales et artistiques, rendant hommage à la culture marocaine. Reliés par une signature culinaire fusion aux influences marocaines et internationales, il devient un lieu incontournable, idéal pour bruncher, déjeuner, dîner, vibrer et vivre une expérience inoubliable à Marrakech. | Poste : Le comptable confirmé assure la gestion complète de la comptabilité du restaurant et participe au pilotage financier. Ses principales missions : Tenue et suivi de la comptabilité générale (saisie des factures, encaissements, notes de frais…). Contrôle et analyse des comptes, identification des écarts Établissement des états financiers : rapprochements bancaires, bilans, comptes de résultat. Suivi des obligations fiscales et sociales. Mise en place et suivi des procédures comptables et contrôle des coûts. Élaboration de tableaux de bord et reporting pour la direction. | Profil recherché : Le candidat idéal est un comptable confirmé capable de gérer la comptabilité de ses dossiers de A à Z, avec autonomie et rigueur. Il doit être capable de : Assurer la tenue complète de la comptabilité, de la saisie à la clôture. Réaliser l’analyse approfondie des comptes et identifier les écarts ou anomalies. Établir des rapports financiers fiables (bilans, comptes de résultat, tableaux de bord). Suivre les obligations fiscales et sociales avec précision et ponctualité. Mettre en place des procédures de contrôle interne et optimiser les coûts. Travailler de manière organisée, autonome et rigoureuse, tout en étant force de proposition auprès de la direction. Qualités recherchées : Sens de l’organisation Esprit analytique Autonomie Fiabilité Rigueur Capacité à gérer plusieurs dossiers simultanément.",Respect des règles | Rationalisme | Conventionnel | Besoin d'objectivité | Organisation,https://www.rekrute.com/offre-emploi-comptable-confirmee-recrutement-confidentiel-marrakech-182084.html,N/A,2026-04-22T23:39:51.703090
rekrute,Contrôleur Interne H/F | Casablanca (Maroc),Sothema,Casablanca et région - Maroc,CDI,Audit / Conseil - Santé / Social (métiers de) - Secteur Comptabilité / Audit								- Pharmacie / Santé,Intermédiaire (3 à 5 ans) - Confirmé (5 à 10 ans),Bac +5 et plus Minimum - Master - Autre,N/A,"Entreprise : Sothema, Des Energies Unies pour la Vie. Sothema est un laboratoire pharmaceutique marocain, spécialisé dans la fabrication et la commercialisation de médicaments depuis 1976. Avec plus de 250 produits fabriqués, Sothema représente 35 laboratoires commettants internationaux parmi les leaders au Monde dans la Recherche & Développement. Disposant d'un outil industriel à la pointe de l'innovation, Sothema bénéficie d'une expertise reconnue lui permettant d'être l'unique producteur d'insuline et de collyres au Maroc, et de se positionner comme leader dans la fabrication de sérums en poches souples et de céphalosporines. Grâce à ses unités de blocs stériles, Sothema se spécialise également dans les formes pharmaceutiques injectables telles que les seringues pré-remplies, les ampoules et les flacons injectables. Son usine des injectables est la plus grande d'Afrique. Les activités de Sothema sont certifiées en conformité avec les normes internationales de qualité (ISO) et de fabrication (BPF et GMP) : France, Belgique, Hollande, Allemagne, Portugal... | Culture de l'entreprise : Sothema évolue dans une culture orientée vers la performance et la compétition , où l’ambition, l’exigence de résultats et l’orientation client structurent les priorités. Cette dynamique est étroitement équilibrée par une culture collaborative , favorisant la confiance, l’engagement des équipes et un management de proximité. L’entreprise s’appuie également sur une organisation rigoureuse , garantissant efficacité, qualité et respect des processus. Enfin, une dimension d’innovation complète cet ensemble, soutenant l’adaptation et l’évolution des pratiques. | Poste : Envie de jouer un rôle clé dans la maîtrise des risques et la performance d’un environnement industriel pharmaceutique exigeant ? Nous recrutons un(e) Contrôleur Interne pour renforcer la culture du contrôle interne et accompagner la fiabilisation de nos processus au sein de l’ensemble des entités. Rattaché(e) à la Direction Audit , Contrôle Interne , vous contribuez activement à la diffusion des bonnes pratiques de contrôle interne et accompagnez les équipes dans la sécurisation des opérations, l’amélioration continue des méthodes de travail et la fiabilisation de l’information, afin de soutenir une prise de décision efficace et conforme aux exigences réglementaires du secteur pharmaceutique. Vos principales responsabilités : Évaluer les risques et identifier les besoins en matière de contrôle interne Concevoir, formaliser et déployer les dispositifs de contrôle adaptés Accompagner les équipes opérationnelles dans la mise en œuvre des contrôles Assurer le suivi de l’efficacité des dispositifs et piloter l’amélioration continue Produire des reportings réguliers et assurer une communication claire avec les parties prenantes Veiller au respect des procédures internes et des exigences réglementaires en vigueur | Profil recherché : Diplômé(e) d'un Bac +5 minimum  en audit, finance, contrôle de gestion, comptabilité ou équivalent Expérience minimum de 2 à 5 ans en audit interne, contrôle interne ou gestion des risques, idéalement acquise au sein d’un environnement industriel Maîtrise des méthodes de contrôle interne et de gestion des risques Capacité d’analyse et de cartographie des risques Bonne maîtrise d’Excel et des outils bureautiques Compréhension des environnements industriels et réglementés Rigueur et sens du détail Esprit analytique , Bon relationnel et communication aisée Autonomie et esprit d’initiative Esprit d’équipe et travail en transversal Intégrité et confidentialité",Respect des règles | Flexibilité | Travail en équipe | Organisation,https://www.rekrute.com/offre-emploi-controleur-interne-hf-recrutement-sothema-casablanca-182083.html,N/A,2026-04-22T23:39:54.600882
rekrute,Chargé(e) d’Import (H/F) | Rabat (Maroc),N/A (confidentiel),Rabat et région - Maroc,CDI,Commercial / Vente / Export - Distribution (métiers de la) - Secteur Transport / Messagerie / Logistique								- Import / Export / Négoce,Junior (1 à 3 ans) - Intermédiaire (3 à 5 ans),Bac +3 Minimum - Formation spécialisée,N/A,"Entreprise : Depuis plus de 30 ans, LOCAMED est le leader de la distribution de matériel médical au Maroc. Nous proposons une large gamme de produits couvrant l’orthopédie, l’aide à la mobilité, le maintien à domicile, l’équipement hospitalier, la kinésithérapie, le sport et les secours, ainsi que le consommable médical. Importateur et distributeur exclusif de marques de renommée mondiale, nous garantissons des produits de qualité validés par les professionnels de santé. Notre expertise nous permet d’accompagner efficacement nos clients dans leurs choix d’équipement et de prescriptions médicales. Avec 30 magasins dans les grandes villes du Maroc, notre équipe est à votre service pour vous conseiller et vous fournir le matériel adapté à vos besoins. Résolument tournés vers l’avenir, nous nous engageons à améliorer les soins de santé et à contribuer au bien-être de la population. | Culture de l'entreprise : Locamed adopte une culture largement orientée vers la coopération , où l’humain, la confiance et l’esprit d’équipe occupent une place centrale. L’entreprise privilégie un management de proximité, axé sur l’accompagnement, la responsabilisation et la qualité des relations professionnelles. Cette base collaborative est complétée par une présence marquée de l’innovation , favorisant l’initiative, la créativité et l’adaptabilité. Les dimensions de compétition et d’organisation , plus discrètes, contribuent à structurer l’activité et à soutenir l’atteinte des objectifs. | Poste : Vous recherchez un poste stimulant dans un secteur dynamique ? Rejoignez notre entreprise spécialisée dans les Autres services à Rabat , au Maroc , en tant que Chargé d'Import H/F ! Dans ce rôle captivant, vous serez au cœur de nos opérations d'importation, contribuant directement à la réussite de notre entreprise. Vous aurez l'opportunité de développer vos compétences et de progresser au sein d'une équipe accueillante et motivée. Ce poste est une excellente occasion pour une personne ambitieuse de s'épanouir dans un environnement professionnel enrichissant. L'objectif principal de ce poste est d'assurer la fluidité et l'efficacité de nos processus d'importation. Il s'agit de garantir la réception en temps et en heure des marchandises tout en respectant les réglementations douanières et les standards de qualité de l'entreprise. Vous travaillerez en étroite collaboration avec les différents services internes, et vous contribuerez à l'optimisation des coûts et de la logistique. Votre expertise sera essentielle pour la gestion des relations avec les fournisseurs étrangers, et pour maintenir un haut niveau de performance au sein de l'équipe. En tant que Chargé d'Import H/F , vos responsabilités seront variées et stimulantes. Vous serez responsable de la gestion complète des opérations d'importation, de la commande jusqu'à la réception des marchandises. Vous gérerez les relations avec les fournisseurs internationaux et les transporteurs. Vous vous assurerez de la conformité des documents d'importation avec les réglementations douanières. Vous surveillerez et optimiserez les coûts liés à l'importation. Vous collaborerez avec les différents services internes pour assurer une coordination efficace. Vous serez amené(e) à résoudre les problèmes liés aux importations. Vous contribuerez activement à l'amélioration continue de nos processus d'importation, en proposant des solutions innovantes et en participant à la mise en place de nouvelles stratégies. | Profil recherché : Pour réussir dans ce rôle, un niveau d' éducation Bac +3 est requis. Une spécialisation en Commercial / Vente / Export ou la Distribution serait un atout majeur, mais n'est pas une condition impérative. Nous recherchons avant tout une personne motivée, rigoureuse et dotée d'un fort potentiel. Une expérience professionnelle de 3 à 5 ans dans un poste similaire est souhaitée. Toutefois, les candidats ayant une expérience significative dans un domaine connexe et démontrant des compétences transférables seront également considérés. L'expérience dans la gestion des importations, la logistique ou le commerce international sera un atout important. Nous privilégions les candidats ayant fait preuve d'autonomie et d'initiative dans leurs précédentes fonctions. La maîtrise des outils informatiques et des logiciels de gestion est essentielle. Une excellente connaissance du français est requise. Une connaissance des réglementations douanières et des procédures d'importation est indispensable. Compétences organisationnelles et de gestion de projet Maîtrise des outils informatiques Connaissance des réglementations douanières Excellentes aptitudes de communication et de négociation Capacité de travail en équipe et autonomie Des qualités telles que le sens de l'organisation, le sens du détail, la rigueur, et l'esprit d'équipe sont des atouts majeurs pour réussir dans ce rôle. La capacité à travailler sous pression et à gérer plusieurs tâches simultanément sera fortement appréciée.",Recherche de nouveauté | Respect des règles | Extraversion | Volonté de persuasion | Intuition / Spontanéité | Implication au travail | Ambition | Organisation,https://www.rekrute.com/offre-emploi-chargee-dimport-hf-recrutement-locamed-rabat-182082.html,N/A,2026-04-22T23:39:56.833784
rekrute,Supply Chain Planner | Tanger (Maroc),DOMINO RH propose l’ensemble des services RH (intérim,Tanger et région - Maroc,CDI,Achats / Supply Chain                                                                 - Secteur Automobile / Motos / Cycles								- Textile / Cuir,Junior (1 à 3 ans),Bac +5 et plus Minimum - Master,N/A,"Entreprise : DOMINO RH propose l’ensemble des services RH (intérim, recrutement, conseil, formation, portage, management de transition, évaluation) via ses filiales dédiées. Spécialisé dans chaque domaine du marché (Tertiaire, BTP, logistique, industrie), sa branche médico-sociale est leader national dans le secteur social. Actuellement présent dans 5 pays, son développement international est en forte évolution. La valorisation de chaque personne est la vocation première de DOMINO RH . Au-delà des mots, le groupe encourage les comportements et initiatives permettant d’établir une confiance durable avec les personnes dont il a la charge et l’amélioration constante de ses services. Nos valeurs : Proximité clients et intérimaires • Disponibilité et réactivité • Recherche de solutions innovantes • Esprit de vérité et transparence • Esprit d’équipe et enthousiasme | Poste : --Élaborer et mettre à jour les plans de production en fonction des prévisions de la demande --Assurer la planification des approvisionnements en coordination avec les achats et les fournisseurs --Suivre les niveaux de stock et garantir leur optimisation --Coordonner avec la production pour assurer le respect des délais de fabrication et de livraison --Analyser les écarts entre le plan et le réalisé et proposer des actions correctives --Participer à l’amélioration continue des processus de planification (S&OP, forecast, KPI) --Assurer le reporting des indicateurs supply chain (OTIF, stock coverage, taux de service…) | Profil recherché : Profil recherché : Diplôme Bac+5 en supply chain, logistique, gestion industrielle ou équivalent Expérience de 2 à 3 ans dans un environnement industriel Bonne maîtrise de la planification et de la gestion des flux Rigueur, organisation et esprit d’analyse Bon niveau en français (anglais est un plus) Poste basé à Tanger Intéressé(e) ? Merci d’envoyer votre CV à : Boutaina.dom@gmail.com",Recherche de nouveauté | Respect des règles | Distance émotionnelle | Rationalisme | Besoin d'action,https://www.rekrute.com/offre-emploi-supply-chain-planner-recrutement-domino-hr-morocco-tanger-182081.html,N/A,2026-04-22T23:39:59.699797
rekrute,Assistante Administrative (H/F) – Marrakech | Marrakech (Maroc),DOMINO RH propose l’ensemble des services RH (intérim,Marrakech et région - Maroc,CDI,Gestion / Comptabilité / Finance - RH / Personnel / Formation - Secteur Comptabilité / Audit								- Autres services,Junior (1 à 3 ans) - Intermédiaire (3 à 5 ans),Bac +2 Minimum - DEUG - Licence,N/A,"Entreprise : DOMINO RH propose l’ensemble des services RH (intérim, recrutement, conseil, formation, portage, management de transition, évaluation) via ses filiales dédiées. Spécialisé dans chaque domaine du marché (Tertiaire, BTP, logistique, industrie), sa branche médico-sociale est leader national dans le secteur social. Actuellement présent dans 5 pays, son développement international est en forte évolution. La valorisation de chaque personne est la vocation première de DOMINO RH . Au-delà des mots, le groupe encourage les comportements et initiatives permettant d’établir une confiance durable avec les personnes dont il a la charge et l’amélioration constante de ses services. Nos valeurs : Proximité clients et intérimaires • Disponibilité et réactivité • Recherche de solutions innovantes • Esprit de vérité et transparence • Esprit d’équipe et enthousiasme | Poste : Gestion des opérations administratives (back-office) Suivi comptable (saisie, rapprochements, classement) Assistance dans la gestion de la paie Coordination avec les équipes basées en France Suivi des dossiers et reporting | Profil recherché : Expérience confirmée en assistanat administratif / back-office Bonnes connaissances en comptabilité Notions en paie Excellente maîtrise du français (écrit et oral) Rigueur, organisation et sens de la confidentialité",Respect des règles | Extraversion | Besoin d'objectivité | Rationalisme | Besoin d'autonomie | Implication au travail | Organisation,https://www.rekrute.com/offre-emploi-assistante-administrative-hf-marrakech-recrutement-domino-hr-morocco-marrakech-182080.html,N/A,2026-04-22T23:40:03.435282
rekrute,Manager ExpertComptable | Casablanca (Maroc),Présent depuis 1997 au Maroc,Casablanca et région - Maroc,CDI,Gestion / Comptabilité / Finance                                                                 - Secteur Comptabilité / Audit,Confirmé (5 à 10 ans),Bac +3 Minimum - Master,N/A,"Entreprise : Présent depuis 1997 au Maroc, Manpower Group est un acteur international incontournable de l’emploi et de l’insertion sociale dans le monde. Au sein du Royaume Chérifien, nous couvrons l’ensemble du territoire, de Tanger à Laayoune. Nos équipes sont formées pour appuyer les entreprises dans la promotion de l’excellence en matière de gestion du capital humain : Intérim, CDD/CDI, Solutions & Ingénierie RH, Développement du capital humain… Pour nos salariés intérimaires , nous proposons une expérience unique, notamment avec la déclaration de 100% des heures travaillées, la mise en place d’une mutuelle pour tous et un accompagnement personnalisé pour les démarches administratives (bancarisation, CNSS…). Pour nos candidats , nous offrons, conformément aux standards mondiaux de Manpower Group, un processus de sélection, d’évaluation et d’accompagnement à la réussite dans leur nouvelle mission. | Poste : En tant que Manager Expert-Comptable, votre rôle sera de piloter une équipe, d'assurer la supervision technique des missions de vos collaborateurs et de garantir la satisfaction client grâce à une expertise pointue et un conseil de qualité. Vos missions principales engloberont : La supervision et la validation des dossiers de tenue et de révision comptable. Le management et l'accompagnement d'une équipe de collaborateurs comptables. Gestion d’un portefeuille clients avec un bon sens relationnel, afin de garantir la qualité de service et la satisfaction client. Le conseil stratégique auprès d'une clientèle variée, dans des secteurs d'activité diversifiés. La gestion des aspects fiscaux et sociaux des dossiers. | Profil recherché : Vous avez minimum 5 ans d'expérience réussie, impérativement acquise au sein d'un cabinet d'expertise comptable. Vos atouts pour ce poste incluent : Une solide expertise technique en comptabilité , fiscalité et droit des sociétés. D'excellentes compétences en managemen t et en communication. Une grande capacité d'organisation et de gestion des priorités. La maîtrise des outils informatiques courants et des logiciels métiers.",Respect des règles | Rationalisme | Organisation,https://www.rekrute.com/offre-emploi-manager-expertcomptable-recrutement-manpower-agences-casablanca-182079.html,N/A,2026-04-22T23:40:07.740606
rekrute,Chef de projet infrastructure (F/H) | Rabat (Maroc),N/A (confidentiel),Rabat et région - Maroc,CDI,Informatique / Electronique                                                                 - Secteur Telecom,Confirmé (5 à 10 ans),Bac +5 et plus Minimum - Ecole d'ingénieur - Master,N/A,"Entreprise : Vous êtes en quête de nouveaux défis et souhaitez donner un nouvel élan à votre carrière ? Rejoignez Sofrecom , une entreprise où l’agilité, l’audace et l’esprit d’équipe sont au cœur de notre culture, et où chacun peut s’épanouir pleinement. Filiale du groupe Orange, Sofrecom est une société de conseil et d’ingénierie spécialisée dans les télécommunications. Nous accompagnons nos clients dans leur transformation numérique, en les aidant à anticiper les évolutions technologiques, adapter leurs activités, moderniser leurs organisations et développer des solutions durables et performantes. Avec plus de 3 000 consultant(e)s et expert(e)s issus de 34 nationalités et répartis sur 9 implantations dans le monde, Sofrecom s’appuie sur la richesse des parcours et des talents pour stimuler l’innovation et viser l’excellence. Notre culture d’entreprise valorise un environnement inclusif, diversifié et équitable, où chaque personne est encouragée à s’épanouir pleinement. Nous favorisons l’intégration des jeunes talents, soutenons l’évolution des collaboratrices et collaborateurs expérimentés, et promouvons l’égalité professionnelle pour toutes et tous. Nous nous engageons également à créer des conditions propices à la pleine participation des personnes en situation de handicap. Ainsi, chacun·e peut développer ses compétences, contribuer activement et progresser dans sa carrière, dans un cadre bienveillant, stimulant et respectueux de la diversité. Rejoindre Sofrecom , c’est participer à des projets passionnants, explorer des parcours variés et évoluer dans un environnement qui valorise vos idées, vos compétences et vos ambitions. Postulez dès maintenant et intégrez un lieu où chacun peut s’exprimer librement et trouver sa place. Toutes les données à caractère personnel partagées avec Sofrecom Services Maroc sont traitées conformément à la loi n° 09 08 relative à la protection des données à caractère personnel. Pour exercer vos droits d’accès, de rectification ou d’opposition, merci de contacter la DRH au 05 37 27 99 00. Ensemble, nous contribuons au développement du numérique dans le monde ! | Culture de l'entreprise : Sofrecom Maroc se caractérise par une culture fortement orientée vers la coopération , plaçant l’humain, la confiance et le bien-être des collaborateurs au cœur de son fonctionnement. Le management de proximité encourage l’accompagnement, la responsabilisation et des relations de travail durables au sein d’équipes solidaires. Cette dynamique collaborative est enrichie par une dimension innovation , favorisant l’initiative, l’agilité et l’ouverture aux nouvelles idées. Des processus structurés viennent compléter l’ensemble pour garantir fiabilité et efficacité, tandis que la performance reste présente de manière plus mesurée. | Poste : Au sein de la Direction Plateforme Cloud, vous accompagnez les clients internes d’Orange France sur le périmètre du réseau fixe des salariés, boutiques et sites techniques. Le Chef de Projet a pour mission de piloter le déploiement d’équipements et d’infrastructures nécessaires à la mise à disposition du réseau. • Piloter les projets : Définition des processus pour la réalisation des tâches relatives à la mise à disposition du réseau lors de projets spécifiques Création et gestion de l’équipe projet interne constituée de différentes entités métiers Demande d’affectation de ressources auprès des différents responsables d’entités Suivi d’imputation des ressources affectées au projet Planification, coordination et suivi des travaux de déploiement du réseau afin que ceux-ci soient réalisés en parfaite adéquation avec les différents chantiers adhérents le cas échéant Participer aux COPIL et réunions de chantiers Suivi des commandes et approvisionnement des équipements (OLT, AP WiFi, Switch, etc…) et des services (liens opérateurs Rsx, accès réseau, etc…), Gérer les coûts du projet Validation des phases travaux et mise à disposition des infrastructures Identifier les besoins réseaux annexes (métiers, digitaux.) Etre garant des recommandations de sécurité Traiter et escalader si nécessaire les problèmes non pris en charge par les contributeurs Valider les différents jalons projets par des passages en comité projet et comités de validation • Communiquer avec les parties prenantes des projets : Recueil et analyse des besoins clients Pilotage transverse et coordination des différentes entités métiers permettant de répondre aux besoins clients (infrastructure de câblage fibre optique POL, liens opérateur, réseau, wifi, téléphonie, le digital, contrôle d’accès, couverture mobile indoor, etc…), Communiquer un reporting hebdomadaire concernant l’activité du projet Participer et rendre compte des actions du client lors des réunions d’avancement organisées par les clients • Piloter l’activité de production des liens de gestion : Superviser le traitement des demandes de création et modification des liens de gestion Assurer le respect des engagements et la bonne réalisation (KPI) des activités de l’équipe de production Assurer la relation client en cas de problème Traiter les escalades Assurer le reporting des activités pour alimenter un comité de pilotage mensuel Gérer l’amélioration continue et l’évolution des processus de production • Mettre en place l’activité de production Votre premier projet sera de mettre en place la reprise de l‘activité de production des liens de gestion par une nouvelle équipe (durée estimée de 3 à 6 mois). Vous aurez en charge d’assurer ou de superviser le transfert de compétence depuis le prestataire cédant, vers le nouveau prestataire (formation, montée en compétence de l’équipe, gouvernance etc.) • Vos redevabilités: Assurer le point d’entrée privilégié du client pour le projet Assurer un reporting de l’activité du périmètre (KPIs) Identifier et accompagner le client face à ses difficultés Présentation des étapes LPM au comité Suivi hebdomadaire des projets (faits marquants…) Suivi mensuel de l’activité de production des liens de gestion | Profil recherché : Vous avez une expérience en management de projets, depuis l’expression de besoin jusqu’à la mise en exploitation & supervision incluant le déploiement tout en assurant l’organisation de comités de pilotage avec les acteurs concernés Vous avez des connaissances en réseau d'entreprise, wan, lan Vous disposez d’une capacité éprouvée à délivrer dans les échéances demandées Vous faites preuve de rigueur et de méthode Vous possédez un bon relationnel ce qui vous permet de favoriser la coopération au sein de vos équipes projets et savez gérer les éventuels conflits Vous savez rédiger de manière synthétique et adaptée aux interlocuteurs une présentation ou un reporting, Vous communiquez avec impact auprès de tous types d’interlocuteurs de tous niveaux hiérarchiques Vous avez le sens de l’écoute et de la satisfaction client Compétences indispensables : Gestion de projets, Management transverse et Gestion des priorités Rédaction de comptes-rendus, rapports, articles techniques Connaissances en réseaux et telecom Connaissance réseau IP (switchs, routeurs…) Connaissance sur les principes de sécurité et l’architecture réseau Capacité à faire une communication/restitution vers le client Autonomie dans les actions Compétences souhaitables : Certifications management de projets (CAPM, Prince 2, …)",Recherche de nouveauté | Besoin de réflexion | Besoin d'autonomie | Implication au travail | Ambition,https://www.rekrute.com/offre-emploi-chef-de-projet-infrastructure-fh-recrutement-sofrecom-maroc-rabat-181016.html,N/A,2026-04-22T23:40:09.912244
rekrute,Head of Product Development | Tanger (Maroc),DOMINO RH propose l’ensemble des services RH (intérim,Tanger et région - Maroc,CDI,Méthodes / Process / Industrialisation - Production / Qualité / Sécurité / Maintenance - Secteur Aéronautique / Spatial								- Textile / Cuir,Confirmé (5 à 10 ans),Bac +5 et plus Minimum - Master,N/A,"Entreprise : DOMINO RH propose l’ensemble des services RH (intérim, recrutement, conseil, formation, portage, management de transition, évaluation) via ses filiales dédiées. Spécialisé dans chaque domaine du marché (Tertiaire, BTP, logistique, industrie), sa branche médico-sociale est leader national dans le secteur social. Actuellement présent dans 5 pays, son développement international est en forte évolution. La valorisation de chaque personne est la vocation première de DOMINO RH . Au-delà des mots, le groupe encourage les comportements et initiatives permettant d’établir une confiance durable avec les personnes dont il a la charge et l’amélioration constante de ses services. Nos valeurs : Proximité clients et intérimaires • Disponibilité et réactivité • Recherche de solutions innovantes • Esprit de vérité et transparence • Esprit d’équipe et enthousiasme | Poste : Poste :Head of Product Development Compétences clés : -Maîtrise des logiciels CAO/DAO et outils de gestion de projet -Forte expertise des processus de fabrication industrielle -Solides compétences en management d’équipes et leadership -Rigueur, sens de l’analyse et orientation résultats Poste basé à Tanger Candidature : Boutaina.dom@gmail.com | Profil recherché : Profil recherché : -Diplôme Bac+5 -Expérience de 5 à 8 ans dans un environnement industriel -Maîtrise des outils techniques liés au poste -Esprit d’analyse, rigueur et sens du travail en équipe -Bon niveau en français (l’anglais est un plus)",Recherche de nouveauté | Respect des règles | Besoin d'objectivité | Rationalisme | Ténacité | Besoin de réflexion | Organisation,https://www.rekrute.com/offre-emploi-head-of-product-development-recrutement-domino-hr-morocco-tanger-182078.html,N/A,2026-04-22T23:40:11.782850
rekrute,Wir stellen ein: Kundenberater (m/w/d) – Deutsch C1 | Casablanca (Maroc),N/A (confidentiel),Casablanca et région - Maroc,CDI,Centre d'appels (métiers de) - Commercial / Vente / Export - Secteur Centre d'appels								- Offshoring / Nearshoring,Débutant (-1 an),Bac Minimum - Baccalauréat,N/A,"Entreprise : Créé en 2003, le groupe OUTSOURCIA est un opérateur spécialisé dans les métiers de l'outsourcing : gestion de la relation client à distance, multiservice, multilingue et multicanal (centres d'appels, gestion des e-mails, solutions de chats, télémarketing et relation client sur les réseaux sociaux), externalisation de métiers de Back Office (BPO), prestations digitales (développement d'applications spécifiques, web ou mobiles, communication digitale et Community Management) et études. À ce jour, OUTSOURCIA, emploie 3600 collaborateurs sur 12 sites de production au Maroc, en France, en Tunisie, à Madagascar et accompagne des clients de renom tels que : Aquarelle, Renault, Total, Orange, Histoire d'Or, Manutan, Marionnaud, Mister Auto, Seloger.com, Veepee, etc. Pour en savoir plus visitez www.outsourcia.com | Culture de l'entreprise : Outsourcia évolue dans une culture principalement orientée vers la performance et la compétition , où l’ambition, le goût du challenge et l’atteinte d’objectifs mesurables constituent des moteurs essentiels. L’entreprise valorise le dépassement de soi, la compétitivité et une forte orientation client, dans une logique de résultats et de positionnement sur le marché. Cette dynamique est complétée par une dimension humaine et collaborative , favorisant la cohésion des équipes, la responsabilisation et le management de proximité. L’innovation et des processus structurés viennent soutenir l’efficacité et l’adaptabilité de l’organisation. | Poste : Wir stellen ein: Kundenberater (m/w/d) – Deutsch C1+ | Casablanca Du sprichst fließend Deutsch (mindestens C1) und liebst den Kontakt mit Menschen? Dann bist du bei uns genau richtig! Standort: Casablanca Bereich: Kundenservice (Inbound – E-Commerce) Deine Aufgaben: Bearbeitung eingehender Kundenanfragen (Telefon / E-Commerce) Beratung und Unterstützung der Kunden bei Bestellungen, Lieferungen und Produkten Sicherstellung einer hohen Kundenzufriedenheit Professionelle und freundliche Kommunikation im täglichen Kundenkontakt | Profil recherché : Dein Profil: Sehr gute Deutschkenntnisse (mindestens C1) – Zertifikat erforderlich Kommunikationsstärke und ausgeprägte Kundenorientierung Freude am Austausch mit Kunden und Teamarbeit Auch Berufseinsteiger sind herzlich willkommen! Was wir dir bieten: Dynamisches, junges und motiviertes Team Angenehmes Arbeitsumfeld in Casablanca Schulungen und Entwicklungsmöglichkeiten Attraktive Vorteile und echte Karrierechancen Bereit für den nächsten Schritt? Bewirb dich jetzt und werde Teil unseres Teams!",Respect des règles | Volonté de persuasion | Distance émotionnelle | Ténacité | Besoin d'action | Travail en équipe | Implication au travail | Organisation,https://www.rekrute.com/offre-emploi-wir-stellen-ein-kundenberater-mwd-deutsch-c1-recrutement-outsourcia-casablanca-182077.html,N/A,2026-04-22T23:40:13.885528
rekrute,Chargé(e) administration des ventes et relation client  | Casablanca (Maroc),N/A (confidentiel),Casablanca et région - Maroc,CDI,Administration des ventes / SAV - Commercial / Vente / Export - Secteur Service public / Administration								- Service public / Administration,Junior (1 à 3 ans),Bac +2 Minimum - DEUG,N/A,"Entreprise : Créé en 2003, le groupe OUTSOURCIA est un opérateur spécialisé dans les métiers de l'outsourcing : gestion de la relation client à distance, multiservice, multilingue et multicanal (centres d'appels, gestion des e-mails, solutions de chats, télémarketing et relation client sur les réseaux sociaux), externalisation de métiers de Back Office (BPO), prestations digitales (développement d'applications spécifiques, web ou mobiles, communication digitale et Community Management) et études. À ce jour, OUTSOURCIA, emploie 3600 collaborateurs sur 12 sites de production au Maroc, en France, en Tunisie, à Madagascar et accompagne des clients de renom tels que : Aquarelle, Renault, Total, Orange, Histoire d'Or, Manutan, Marionnaud, Mister Auto, Seloger.com, Veepee, etc. Pour en savoir plus visitez www.outsourcia.com | Culture de l'entreprise : Outsourcia évolue dans une culture principalement orientée vers la performance et la compétition , où l’ambition, le goût du challenge et l’atteinte d’objectifs mesurables constituent des moteurs essentiels. L’entreprise valorise le dépassement de soi, la compétitivité et une forte orientation client, dans une logique de résultats et de positionnement sur le marché. Cette dynamique est complétée par une dimension humaine et collaborative , favorisant la cohésion des équipes, la responsabilisation et le management de proximité. L’innovation et des processus structurés viennent soutenir l’efficacité et l’adaptabilité de l’organisation. | Poste : Nous recrutons : Chargé(e) Administration des Ventes & Relation Client (H/F) Dans le cadre du développement de notre activité, nous recrutons un(e) Chargé(e) Administration des Ventes & Relation Client, garant(e) de la bonne gestion des commandes et de la satisfaction de nos clients BtoB. Vos principales missions : Créer les comptes des nouveaux clients sur les portails dédiés en coordination avec les équipes commerciales Assurer la saisie des commandes (carburants et lubrifiants) sur SAP pour les clients Réseau et Commerce Général Traiter les gratuités des produits lubrifiants en veillant à leur conformité avec les offres promotionnelles en cours Saisir les bulletins de livraison et de facturation des commandes JET dans les délais (J+1) Centraliser et suivre les commandes via les portails E-Fuel et E-Lub pour les clients BtoB Assurer l’assainissement des commandes (annulation des commandes non livrées, ajustement des quantités livrées partiellement) Gérer les retours produits (carburants) Informer les clients sur le statut de leurs commandes via les outils dédiés Élaborer les reportings et tableaux de bord liés à l’activité Votre rôle au quotidien : Collaborer étroitement avec les équipes Logistique, Transport, Commercial, Contrôle Crédit et Finance Garantir la fluidité et la rapidité du traitement des commandes Contribuer activement à la satisfaction et à la fidélisation des clients Assurer un rôle de coordination et de facilitation entre les différentes parties prenantes | Profil recherché : - Bac+2/3 en gestion, commerce ou équivalent - Parfaite maîtrise du français, tant à l’écrit qu’à l’oral - Une première expérience en administration des ventes ou en relation client est un atout - Maîtrise des outils informatiques, idéalement SAP - Rigueur, organisation et sens du détail - Excellent relationnel et sens du service",Recherche de nouveauté | Extraversion | Volonté de persuasion | Travail en équipe | Implication au travail | Ambition | Improvisation,https://www.rekrute.com/offre-emploi-chargee-administration-des-ventes-et-relation-client-recrutement-outsourcia-casablanca-182076.html,N/A,2026-04-22T23:40:16.592701
rekrute,IT Helpdesk bilingue (français/anglais) - marché canadien | Casablanca (Maroc),N/A (confidentiel),Casablanca et région - Maroc,CDI,Centre d'appels (métiers de) - Informatique / Electronique - Secteur Centre d'appels								- Offshoring / Nearshoring,Junior (1 à 3 ans),Bac Minimum - Formation spécialisée,N/A,"Entreprise : Créé en 2003, le groupe OUTSOURCIA est un opérateur spécialisé dans les métiers de l'outsourcing : gestion de la relation client à distance, multiservice, multilingue et multicanal (centres d'appels, gestion des e-mails, solutions de chats, télémarketing et relation client sur les réseaux sociaux), externalisation de métiers de Back Office (BPO), prestations digitales (développement d'applications spécifiques, web ou mobiles, communication digitale et Community Management) et études. À ce jour, OUTSOURCIA, emploie 3600 collaborateurs sur 12 sites de production au Maroc, en France, en Tunisie, à Madagascar et accompagne des clients de renom tels que : Aquarelle, Renault, Total, Orange, Histoire d'Or, Manutan, Marionnaud, Mister Auto, Seloger.com, Veepee, etc. Pour en savoir plus visitez www.outsourcia.com | Culture de l'entreprise : Outsourcia évolue dans une culture principalement orientée vers la performance et la compétition , où l’ambition, le goût du challenge et l’atteinte d’objectifs mesurables constituent des moteurs essentiels. L’entreprise valorise le dépassement de soi, la compétitivité et une forte orientation client, dans une logique de résultats et de positionnement sur le marché. Cette dynamique est complétée par une dimension humaine et collaborative , favorisant la cohésion des équipes, la responsabilisation et le management de proximité. L’innovation et des processus structurés viennent soutenir l’efficacité et l’adaptabilité de l’organisation. | Poste : Au nom de l'un de nos clients, nous recherchons des agents de support technique, parlant couramment le français et l'anglais, avec une expérience significative. Sous la responsabilité du responsable de l'équipe, vos principales missions seront les suivantes : • Recevoir et gérer les demandes des utilisateurs • Surveiller et traiter les incidents techniques • Effectuer un diagnostic complet des incidents pour intervention • Saisir les incidents • Traiter les incidents récurrents • Assurer la qualité du service de support informatique | Profil recherché : - Disponibilité immédiate. - Maîtrise parfaite du français et l'anglais aussi bien à l'oral qu'à l'écrit. - Connaissance des systèmes d'exploitation (Windows, MacOS, etc.) - Capacité à diagnostiquer et à résoudre des problèmes matériels et logiciels. - Compréhension des systèmes de gestion des tickets et des bases de données de support. - Excellentes compétences en communication verbale pour assister les utilisateurs par téléphone ou par chat. - Capacité à rédiger des réponses claires et précises dans des e-mails ou des documents de support. - Capacité à analyser un problème, identifier les causes sous-jacentes et développer des solutions efficaces. - Utilisation systématique des méthodes de résolution de problèmes. - Gestion efficace des tickets de support pour assurer un suivi approprié. - Capacité à prioriser les demandes en fonction de l'urgence et de l'importance. - Capacité à gérer plusieurs demandes de support simultanément. - Maintien de la qualité du service tout en travaillant sur plusieurs tâches. - L'industrie technologique évoluant rapidement, un technicien de support doit être prêt à acquérir de nouvelles compétences et à se tenir à jour.",Recherche de nouveauté | Respect des règles | Volonté de persuasion | Distance émotionnelle | Ténacité | Implication au travail | Ambition | Organisation,https://www.rekrute.com/offre-emploi-it-helpdesk-bilingue-francaisanglais---marche-canadien-recrutement-outsourcia-casablanca-182075.html,N/A,2026-04-22T23:40:18.768201
rekrute,Conseillers Commerciaux en Assurance santé – Émission d’Appels | Casablanca (Maroc),Acteur incontournable du courtage en Assurances,Casablanca et région - Maroc,CDI,Centre d'appels (métiers de)                                                                 - Secteur Centre d'appels,Junior (1 à 3 ans),Bac +2 Minimum - BTS / DUT,Un salaire de base avec commissions sur CA + primes statuts et contrats,"Entreprise : Acteur incontournable du courtage en Assurances, HEOMI construit depuis plus de 25 ans, des programmes d’Assurances à destination des particuliers, des travailleurs non-salariés et des entreprises. Leader Français dans la distribution de produits d’assurance en ligne et précurseur en la matière, HEOMI est résolument tournée vers le digital. Notre force c’est d’appartenir au Groupe FINARE qui s’est construit sur des expertises fortes permettant aux structures du Groupe d’intervenir sur l’ensemble de la chaîne de valeur notamment dans les domaines de l’assurance et de l’épargne. Le Groupe FINARE en quelques mots c’est : plus de 1350 collaborateurs répartis dans 3 pays (France, Luxembourg, Maroc), 3 pôles d’activités (assurance, gestion de patrimoine, services). Régulièrement classé parmi le top 10 des meilleurs courtiers grossiste en Assurances, HEOMI est en constante croissance depuis sa création et nous ne comptons pas nous arrêter là ! Notre ambition : devenir le numéro 1 du courtage en Assurances ! Nos valeurs : Engagement, Performance, Innovation, Capital Humain. Si vous êtes sensible à nos valeurs, alors nous sommes sûrement faits pour nous entendre ! | Culture de l'entreprise : HEOMI se caractérise par une culture fortement orientée vers la performance et la compétition , où l’ambition, le goût du challenge et l’orientation client constituent des leviers majeurs de réussite. Cette dynamique est complétée par une dimension de coopération , favorisant la confiance, la responsabilisation et un management de proximité attentif aux équipes. L’entreprise intègre également une composante d’ innovation , plus mesurée, encourageant l’initiative et l’adaptabilité. Enfin, la culture d’ organisation , moins dominante, apporte un cadre structurant au service de l’efficacité. | Poste : Dans le cadre de la poursuite de notre développement, nous recrutons des Conseillers Commerciaux : Rejoindre HEOMI, c'est dire oui à une expérience qui a du sens, celle où les rencontres et les missions vous poussent à grandir chaque jour au sein d’une équipe engagée et dynamique. Rattaché(e) au chef de ventes, vos principales missions seront les suivantes : Commercialiser des produits d’assurance auprès des particuliers ; Suivre la procédure interne et la charte d'appel préalablement établie ; Répondre précisément aux besoins, demandes et objections des prospects et/ou clients. | Profil recherché : Vous êtes reconnu pour les qualités/compétences suivantes: Vous avez une bonne maitrise des techniques de vente , avec une première expérience réussie en centre d’appel ; Vous avez un bon sens d’analyse, de négociation avec un réel esprit commercial ; Vous êtes réactif et dynamique ; Vous maitrisez bien le français et vous êtes capable d’entretenir une conversation ; Nous recrutons des collaborateurs avec un bel esprit d’équipe, autonomes, curieux, dynamiques. Des personnes avec des valeurs humaines solides, nécessaires à l’apprentissage d’un métier qui peut être nouveau, mais tellement passionnant et enrichissant. Une formation est assurée lors de votre intégration. Avantages sociaux et autres : Un programme de formation pour vous aider à bien intégrer votre rôle. Formation 100% rémunérée dès le 1er jour. Un cadre de travail motivant, convivial, et très agréablement entretenu Contrat CDI + CNSS + AMO + Mutuelle privée SANLAM + transport assuré Un salaire de base avec commissions sur CA + primes statuts et contrats Le process de recrutement : Un premier échange téléphonique avec notre Chargée de recrutement. Si cette première étape est validée, vous vous aurez un entretien RH qui sera suivi d’un entretien opérationnel avec les managers. La diversité des profils et expériences des talents qui composent nos équipes est le reflet de notre politique RSE et de nos engagements Vous voulez en savoir plus sur l’entreprise ? Rendez-vous sur notre site internet : https://heomi.fr/",Respect des règles | Besoin d'objectivité | Ténacité | Besoin d'action | Travail en équipe | Implication au travail | Ambition | Organisation,https://www.rekrute.com/offre-emploi-conseillers-commerciaux-en-assurance-sante-emission-dappels-recrutement-heomi-casablanca-181071.html,N/A,2026-04-22T23:40:20.868160
rekrute,Gestionnaire facturation(Junior) | Casablanca (Maroc),PwC,Casablanca et région - Maroc,CDI,Gestion / Comptabilité / Finance                                                                 - Secteur Comptabilité / Audit,Débutant (-1 an) - Junior (1 à 3 ans),Bac +5 et plus Minimum - Master,N/A,"Entreprise : PwC est le leader mondial sur le marché de l’audit financier, et compte plus de 236 000 collaborateurs dans le monde. Il réalise des missions d'audit, d'expertise comptable et de conseil pour des organisations de toutes tailles et de tous secteurs d’activité. | Culture de l'entreprise : PwC se caractérise par une culture fortement structurée et orientée organisation , où la rigueur des processus, la fiabilité et l’exigence de qualité constituent des piliers de la performance. Cette approche est étroitement complétée par une dimension collaborative de même intensité , favorisant la confiance, l’engagement collectif et un management de proximité axé sur l’accompagnement des talents. La recherche de résultats mesurables et la réputation du cabinet introduisent une logique de compétition maîtrisée , tandis que l’innovation, bien que présente, demeure plus encadrée et secondaire. | Poste : Dans le cadre du développement de ses activités, PwC Business Services recherche un(e) Gestionnaire Missions : Au sein d’une équipe dédiée, vous travaillerez principalement sur des missions auprès d’une clientèle composée de grands acteurs nationaux et internationaux : Analyse les marchés financiers et sélectionne des investissements adaptés aux objectifs des clients. Construit et ajuste des portefeuilles pour optimiser la performance et limiter les risques. Suit les résultats, réalise des rapports et justifie les décisions prises. S’assure du respect des règles financières et maintient une bonne relation avec les clients. | Profil recherché : De formation BAC+3 à BAC+5 en comptabilité ou finance. 1 an d'expérience ou débutant avec une motivation et volonté d’apprendre. Bonnes compétences organisationnelles et attention aux détails. Maîtrise des outils bureautiques (Excel, Word). Sens du travail en équipe et bonne communication.",Respect des règles | Rationalisme | Conventionnel | Besoin d'objectivité | Organisation,https://www.rekrute.com/offre-emploi-gestionnaire-facturationjunior-recrutement-pwc-casablanca-182074.html,N/A,2026-04-22T23:40:23.397108
rekrute,Chef de partie (Palace) | Marrakech (Maroc),Situé au coeur du prestigieux quartier de l'Hivernage,Marrakech et région - Maroc,CDI,Hôtellerie / Restauration (métiers de)                                                                 - Secteur Hôtellerie / Restauration,Intermédiaire (3 à 5 ans),Bac +2 Minimum - Formation professionnelle - Formation spécialisée,N/A,"Entreprise : Situé au coeur du prestigieux quartier de l'Hivernage, le Es Saadi Marrakech Resort incarne l'élégance et le raffinement à la marocaine. Le complexe s'étale sur 9 hectares de parc luxuriant et se compose d'un hôtel 5 étoiles de 149 chambres. Ouvert depuis 1966, Es Saadi dispose également d'un somptueux Palace abritant 81 suites, ainsi que de 10 villas privées et 8 ksars au charme authentique. Le Resort propose enfin 13 restaurants et bars, deux Spas dont l'un signé Dior, et un pôle Entertainment. Le Es Saadi Marrakech Resort s'impose comme une référence incontournable du luxe discret, de l'art de recevoir et d'expériences uniques. Rejoindre le Es Saadi Marrakech Resort , c'est bien plus qu'intégrer un établissement d'exception : c'est participer à une aventure humaine portée par des valeurs fortes de passion, d'excellence et d'authenticité. Depuis plus de 50 ans, notre maison cultive un art de vivre unique, en alliant l'élégance du service 5 étoiles à la richesse de la culture marocaine. Nous sommes fiers d'offrir à nos collaborateurs un cadre de travail inspirant, au cœur d'un environnement luxuriant, où la transmission du savoir-faire et la reconnaissance des talents sont au cœur de notre vision managériale. Notre ambition est de rassembler des talents animés par l'envie de s'investir dans une hôtellerie de prestige et de contribuer à des expériences clients inoubliables. Rejoindre notre équipe, c'est bénéficier d'un accompagnement sur mesure, de formations régulières, et de véritables perspectives d'évolution au sein d'un groupe familial, à taille humaine et tourné vers l'avenir. Que votre parcours soit déjà riche ou en pleine construction, si vous avez le sens du détail, l'amour du service et le goût de l'excellence, nous serions heureux de vous accueillir parmi nous. | Culture de l'entreprise : Es Saadi Marrakech Resort se distingue par une culture très fortement orientée vers la coopération , plaçant l’humain, le bien-être et la qualité des relations au cœur de son fonctionnement. Les équipes évoluent dans un environnement bienveillant, fondé sur la confiance, la solidarité et un management de proximité jouant un rôle de mentor et d’accompagnateur. Cette culture est complétée de manière équilibrée par des dimensions d’ innovation et d’ organisation , favorisant à la fois la créativité, l’initiative et la rigueur des processus. La compétition occupe une place marginale, laissant la priorité à la collaboration et à l’engagement collectif au service de l’excellence de l’expérience client. | Poste : Sous la supervision du chef de cuisine, vos responsabilités incluront : La préparation et la cuisson des mets selon les fiches techniques et les standards de qualité de l'établissement. La gestion de votre partie (garde-manger, entremets, sauces, etc.) en assurant l'organisation, la propreté et le respect des normes d'hygiène et de sécurité. La participation à la création de nouvelles cartes et suggestions. Le contrôle des stocks et des approvisionnements pour votre section. La formation et l'encadrement des commis et apprentis de votre partie. | Profil recherché : Une formation de niveau Bac +2 en Hôtellerie / Restauration métiers de est requise pour ce poste. Une expérience professionnelle significative, comprise entre 3 et 5 ans , dans des fonctions similaires au sein d'établissements de renommée, est indispensable. Ce rôle exige une passion pour la gastronomie, une maîtrise technique parfaite des différentes méthodes de cuisson et de préparation, ainsi qu'une grande rigueur. Vous possédez un sens aigu de l'organisation et une capacité à travailler sous pression. L'esprit d'équipe et un excellent relationnel seront des atouts majeurs pour réussir.",Flexibilité | Travail en équipe | Implication au travail | Ambition | Organisation,https://www.rekrute.com/offre-emploi-chef-de-partie-palace-recrutement-es-saadi-marrakech-resort-marrakech-181396.html,N/A,2026-04-22T23:40:26.312709
rekrute,Barista | Marrakech (Maroc),Situé au coeur du prestigieux quartier de l'Hivernage,Marrakech et région - Maroc,CDI,Hôtellerie / Restauration (métiers de)                                                                 - Secteur Hôtellerie / Restauration,Intermédiaire (3 à 5 ans),Bac +2 Minimum - Formation professionnelle - Formation spécialisée,N/A,"Entreprise : Situé au coeur du prestigieux quartier de l'Hivernage, le Es Saadi Marrakech Resort incarne l'élégance et le raffinement à la marocaine. Le complexe s'étale sur 9 hectares de parc luxuriant et se compose d'un hôtel 5 étoiles de 149 chambres. Ouvert depuis 1966, Es Saadi dispose également d'un somptueux Palace abritant 81 suites, ainsi que de 10 villas privées et 8 ksars au charme authentique. Le Resort propose enfin 13 restaurants et bars, deux Spas dont l'un signé Dior, et un pôle Entertainment. Le Es Saadi Marrakech Resort s'impose comme une référence incontournable du luxe discret, de l'art de recevoir et d'expériences uniques. Rejoindre le Es Saadi Marrakech Resort , c'est bien plus qu'intégrer un établissement d'exception : c'est participer à une aventure humaine portée par des valeurs fortes de passion, d'excellence et d'authenticité. Depuis plus de 50 ans, notre maison cultive un art de vivre unique, en alliant l'élégance du service 5 étoiles à la richesse de la culture marocaine. Nous sommes fiers d'offrir à nos collaborateurs un cadre de travail inspirant, au cœur d'un environnement luxuriant, où la transmission du savoir-faire et la reconnaissance des talents sont au cœur de notre vision managériale. Notre ambition est de rassembler des talents animés par l'envie de s'investir dans une hôtellerie de prestige et de contribuer à des expériences clients inoubliables. Rejoindre notre équipe, c'est bénéficier d'un accompagnement sur mesure, de formations régulières, et de véritables perspectives d'évolution au sein d'un groupe familial, à taille humaine et tourné vers l'avenir. Que votre parcours soit déjà riche ou en pleine construction, si vous avez le sens du détail, l'amour du service et le goût de l'excellence, nous serions heureux de vous accueillir parmi nous. | Culture de l'entreprise : Es Saadi Marrakech Resort se distingue par une culture très fortement orientée vers la coopération , plaçant l’humain, le bien-être et la qualité des relations au cœur de son fonctionnement. Les équipes évoluent dans un environnement bienveillant, fondé sur la confiance, la solidarité et un management de proximité jouant un rôle de mentor et d’accompagnateur. Cette culture est complétée de manière équilibrée par des dimensions d’ innovation et d’ organisation , favorisant à la fois la créativité, l’initiative et la rigueur des processus. La compétition occupe une place marginale, laissant la priorité à la collaboration et à l’engagement collectif au service de l’excellence de l’expérience client. | Poste : Vos missions principales incluront la préparation experte de diverses boissons à base de café, en respectant les standards de qualité de l'établissement. Vous serez également responsable de l'accueil chaleureux de la clientèle, de la prise de commande et du conseil personnalisé. La maintenance et le nettoyage du matériel de bar, ainsi que la gestion des stocks de consommables, feront partie intégrante de votre quotidien. Vous participerez à la création d'une ambiance accueillante et professionnelle. Préparation des boissons caféinées Accueil et service à la clientèle Entretien du poste de travail et du matériel Gestion des stocks | Profil recherché : Un diplôme de niveau Bac +2 est requis, idéalement dans le domaine de l' Hôtellerie / Restauration métiers de . Une expérience confirmée de 3 à 5 ans dans un poste similaire est attendue, vous permettant de maîtriser les techniques de préparation et d'offrir un service de qualité. Une excellente présentation, un sens aigu du service client, une bonne aisance relationnelle et une capacité à travailler en équipe sont essentiels. La propreté et le respect des règles d'hygiène seront appréciés. La maîtrise des techniques de latte art est un plus. Maîtrise des techniques de barista Sens du service et de l'accueil Dynamisme et professionnalisme Capacité à travailler en équipe",Flexibilité | Travail en équipe | Implication au travail | Organisation,https://www.rekrute.com/offre-emploi-barista-recrutement-es-saadi-marrakech-resort-marrakech-181395.html,N/A,2026-04-22T23:40:29.712568
rekrute,Chef de Rang  Palace | Marrakech (Maroc),Situé au coeur du prestigieux quartier de l'Hivernage,Marrakech et région - Maroc,CDI,Hôtellerie / Restauration (métiers de)                                                                 - Secteur Hôtellerie / Restauration,Intermédiaire (3 à 5 ans),Bac Minimum - Formation professionnelle - Formation spécialisée,N/A,"Entreprise : Situé au coeur du prestigieux quartier de l'Hivernage, le Es Saadi Marrakech Resort incarne l'élégance et le raffinement à la marocaine. Le complexe s'étale sur 9 hectares de parc luxuriant et se compose d'un hôtel 5 étoiles de 149 chambres. Ouvert depuis 1966, Es Saadi dispose également d'un somptueux Palace abritant 81 suites, ainsi que de 10 villas privées et 8 ksars au charme authentique. Le Resort propose enfin 13 restaurants et bars, deux Spas dont l'un signé Dior, et un pôle Entertainment. Le Es Saadi Marrakech Resort s'impose comme une référence incontournable du luxe discret, de l'art de recevoir et d'expériences uniques. Rejoindre le Es Saadi Marrakech Resort , c'est bien plus qu'intégrer un établissement d'exception : c'est participer à une aventure humaine portée par des valeurs fortes de passion, d'excellence et d'authenticité. Depuis plus de 50 ans, notre maison cultive un art de vivre unique, en alliant l'élégance du service 5 étoiles à la richesse de la culture marocaine. Nous sommes fiers d'offrir à nos collaborateurs un cadre de travail inspirant, au cœur d'un environnement luxuriant, où la transmission du savoir-faire et la reconnaissance des talents sont au cœur de notre vision managériale. Notre ambition est de rassembler des talents animés par l'envie de s'investir dans une hôtellerie de prestige et de contribuer à des expériences clients inoubliables. Rejoindre notre équipe, c'est bénéficier d'un accompagnement sur mesure, de formations régulières, et de véritables perspectives d'évolution au sein d'un groupe familial, à taille humaine et tourné vers l'avenir. Que votre parcours soit déjà riche ou en pleine construction, si vous avez le sens du détail, l'amour du service et le goût de l'excellence, nous serions heureux de vous accueillir parmi nous. | Culture de l'entreprise : Es Saadi Marrakech Resort se distingue par une culture très fortement orientée vers la coopération , plaçant l’humain, le bien-être et la qualité des relations au cœur de son fonctionnement. Les équipes évoluent dans un environnement bienveillant, fondé sur la confiance, la solidarité et un management de proximité jouant un rôle de mentor et d’accompagnateur. Cette culture est complétée de manière équilibrée par des dimensions d’ innovation et d’ organisation , favorisant à la fois la créativité, l’initiative et la rigueur des processus. La compétition occupe une place marginale, laissant la priorité à la collaboration et à l’engagement collectif au service de l’excellence de l’expérience client. | Poste : Accueillir et installer la clientèle avec courtoisie et professionnalisme. Présenter la carte, conseiller et prendre les commandes des clients. Assurer le service des mets et des boissons en respectant les règles de l'art. Coordonner l'équipe de salle lors du service. Veiller à la propreté et à la mise en place de la salle. Gérer les relations avec la clientèle et anticiper ses besoins. Participer à la formation des commis et serveurs. Travailler en étroite collaboration avec les autres départements de l'hôtel. Une parfaite maîtrise des techniques de service et une connaissance approfondie des vins et spiritueux seront essentielles pour exceller dans ces missions. | Profil recherché : Votre parcours vous a permis d'obtenir au minimum un Bac , idéalement complété par une formation spécialisée dans les métiers de l' Hôtellerie / Restauration . Vous justifiez d'une expérience significative, comprise entre 3 et 5 ans , dans des fonctions similaires, de préférence au sein d'établissements de prestige. Excellente présentation et aisance relationnelle . Sens aigu du service client et de l' hospitalité . Capacité à travailler sous pression et à gérer les imprévus avec calme . Maîtrise des techniques de service à table et de vente . Bonne connaissance des vins et des différentes cartes. Sens de l' organisation et des responsabilités . Esprit d'équipe et capacité à motiver. Maîtrise du français ; la connaissance d'autres langues sera un atout appréciable.",Besoin d'action | Travail en équipe | Implication au travail | Ambition | Organisation,https://www.rekrute.com/offre-emploi-chef-de-rang-palace-recrutement-es-saadi-marrakech-resort-marrakech-181397.html,N/A,2026-04-22T23:40:32.270697
rekrute,Caissier | Marrakech (Maroc),Situé au coeur du prestigieux quartier de l'Hivernage,Marrakech et région - Maroc,CDI,Hôtellerie / Restauration (métiers de)                                                                 - Secteur Hôtellerie / Restauration,Intermédiaire (3 à 5 ans),Bac Minimum - Formation professionnelle - Formation spécialisée,N/A,"Entreprise : Situé au coeur du prestigieux quartier de l'Hivernage, le Es Saadi Marrakech Resort incarne l'élégance et le raffinement à la marocaine. Le complexe s'étale sur 9 hectares de parc luxuriant et se compose d'un hôtel 5 étoiles de 149 chambres. Ouvert depuis 1966, Es Saadi dispose également d'un somptueux Palace abritant 81 suites, ainsi que de 10 villas privées et 8 ksars au charme authentique. Le Resort propose enfin 13 restaurants et bars, deux Spas dont l'un signé Dior, et un pôle Entertainment. Le Es Saadi Marrakech Resort s'impose comme une référence incontournable du luxe discret, de l'art de recevoir et d'expériences uniques. Rejoindre le Es Saadi Marrakech Resort , c'est bien plus qu'intégrer un établissement d'exception : c'est participer à une aventure humaine portée par des valeurs fortes de passion, d'excellence et d'authenticité. Depuis plus de 50 ans, notre maison cultive un art de vivre unique, en alliant l'élégance du service 5 étoiles à la richesse de la culture marocaine. Nous sommes fiers d'offrir à nos collaborateurs un cadre de travail inspirant, au cœur d'un environnement luxuriant, où la transmission du savoir-faire et la reconnaissance des talents sont au cœur de notre vision managériale. Notre ambition est de rassembler des talents animés par l'envie de s'investir dans une hôtellerie de prestige et de contribuer à des expériences clients inoubliables. Rejoindre notre équipe, c'est bénéficier d'un accompagnement sur mesure, de formations régulières, et de véritables perspectives d'évolution au sein d'un groupe familial, à taille humaine et tourné vers l'avenir. Que votre parcours soit déjà riche ou en pleine construction, si vous avez le sens du détail, l'amour du service et le goût de l'excellence, nous serions heureux de vous accueillir parmi nous. | Culture de l'entreprise : Es Saadi Marrakech Resort se distingue par une culture très fortement orientée vers la coopération , plaçant l’humain, le bien-être et la qualité des relations au cœur de son fonctionnement. Les équipes évoluent dans un environnement bienveillant, fondé sur la confiance, la solidarité et un management de proximité jouant un rôle de mentor et d’accompagnateur. Cette culture est complétée de manière équilibrée par des dimensions d’ innovation et d’ organisation , favorisant à la fois la créativité, l’initiative et la rigueur des processus. La compétition occupe une place marginale, laissant la priorité à la collaboration et à l’engagement collectif au service de l’excellence de l’expérience client. | Poste : L'objectif principal est d'assurer un service de caisse rapide, précis et accueillant, contribuant à la satisfaction de notre clientèle et à l'efficacité opérationnelle. Vos missions principales incluront : Enregistrer les ventes et encaisser les paiements. Gérer la caisse et assurer le rendu de monnaie. Maintenir la zone de caisse propre et organisée. Assister occasionnellement les équipes en salle ou en bar. Contribuer à la clôture journalière des comptes. | Profil recherché : Un niveau Bac est requis, idéalement avec une spécialisation dans les métiers de l' Hôtellerie / Restauration . Une expérience professionnelle de 3 à 5 ans dans un poste similaire est fortement souhaitée. Nous recherchons une personne rigoureuse, fiable et dotée d'un excellent sens du contact. La maîtrise des outils de caisse et une bonne présentation sont indispensables. La capacité à travailler en équipe et à gérer le stress dans un environnement dynamique est un atout majeur.",Respect des règles | Flexibilité | Travail en équipe | Organisation,https://www.rekrute.com/offre-emploi-caissier-recrutement-es-saadi-marrakech-resort-marrakech-181399.html,N/A,2026-04-22T23:40:34.302820
rekrute,Order Taker Palace | Marrakech (Maroc),Situé au coeur du prestigieux quartier de l'Hivernage,Marrakech et région - Maroc,CDI,Hôtellerie / Restauration (métiers de)                                                                 - Secteur Hôtellerie / Restauration,Intermédiaire (3 à 5 ans),Bac Minimum - Formation professionnelle - Formation spécialisée,N/A,"Entreprise : Situé au coeur du prestigieux quartier de l'Hivernage, le Es Saadi Marrakech Resort incarne l'élégance et le raffinement à la marocaine. Le complexe s'étale sur 9 hectares de parc luxuriant et se compose d'un hôtel 5 étoiles de 149 chambres. Ouvert depuis 1966, Es Saadi dispose également d'un somptueux Palace abritant 81 suites, ainsi que de 10 villas privées et 8 ksars au charme authentique. Le Resort propose enfin 13 restaurants et bars, deux Spas dont l'un signé Dior, et un pôle Entertainment. Le Es Saadi Marrakech Resort s'impose comme une référence incontournable du luxe discret, de l'art de recevoir et d'expériences uniques. Rejoindre le Es Saadi Marrakech Resort , c'est bien plus qu'intégrer un établissement d'exception : c'est participer à une aventure humaine portée par des valeurs fortes de passion, d'excellence et d'authenticité. Depuis plus de 50 ans, notre maison cultive un art de vivre unique, en alliant l'élégance du service 5 étoiles à la richesse de la culture marocaine. Nous sommes fiers d'offrir à nos collaborateurs un cadre de travail inspirant, au cœur d'un environnement luxuriant, où la transmission du savoir-faire et la reconnaissance des talents sont au cœur de notre vision managériale. Notre ambition est de rassembler des talents animés par l'envie de s'investir dans une hôtellerie de prestige et de contribuer à des expériences clients inoubliables. Rejoindre notre équipe, c'est bénéficier d'un accompagnement sur mesure, de formations régulières, et de véritables perspectives d'évolution au sein d'un groupe familial, à taille humaine et tourné vers l'avenir. Que votre parcours soit déjà riche ou en pleine construction, si vous avez le sens du détail, l'amour du service et le goût de l'excellence, nous serions heureux de vous accueillir parmi nous. | Culture de l'entreprise : Es Saadi Marrakech Resort se distingue par une culture très fortement orientée vers la coopération , plaçant l’humain, le bien-être et la qualité des relations au cœur de son fonctionnement. Les équipes évoluent dans un environnement bienveillant, fondé sur la confiance, la solidarité et un management de proximité jouant un rôle de mentor et d’accompagnateur. Cette culture est complétée de manière équilibrée par des dimensions d’ innovation et d’ organisation , favorisant à la fois la créativité, l’initiative et la rigueur des processus. La compétition occupe une place marginale, laissant la priorité à la collaboration et à l’engagement collectif au service de l’excellence de l’expérience client. | Poste : Votre rôle sera central dans la fluidité et la qualité du service en salle. Il s'agit de garantir une prise de commande précise et efficace, contribuant ainsi à la satisfaction de nos clients et à l'optimisation du travail des équipes en cuisine et au bar. Vous serez le lien privilégié entre nos convives et nos brigades, assurant une communication parfaite pour une expérience sans faute. Vos missions principales incluront : Accueil chaleureux des clients et présentation des menus. Prise de commandes des mets et des boissons avec précision et attention aux détails. Transmission rapide et claire des commandes aux équipes de cuisine et de bar. Gestion des demandes spécifiques et des allergies alimentaires des clients. Suivi des commandes pour assurer un service dans les meilleurs délais. Maintien de la propreté et de l'organisation de votre zone de travail. Contribution à une ambiance de travail positive et collaborative. | Profil recherché : Une formation de niveau Bac est requise, idéalement complétée par une spécialisation dans les métiers de l'hôtellerie ou de la restauration . Une expérience de 3 à 5 ans dans des fonctions similaires, de préférence au sein d'établissements de luxe ou de restauration renommée, est attendue. Pour exceller dans ce rôle, vous possédez : Un sens aigu du service client et une présentation soignée. D'excellentes compétences en communication et un bon relationnel. La capacité à travailler sous pression et à gérer plusieurs tâches simultanément. Une bonne maîtrise des langues étrangères, notamment l'anglais et le français. Une connaissance des normes de qualité et d'hygiène dans le secteur de la restauration. Une attitude proactive, rigoureuse et un esprit d'équipe développé.",Respect des règles | Flexibilité | Travail en équipe | Implication au travail | Organisation,https://www.rekrute.com/offre-emploi-order-taker-palace-recrutement-es-saadi-marrakech-resort-marrakech-181400.html,N/A,2026-04-22T23:40:36.982547
rekrute,Chargé de suivi et culture de microalgues | Safi (Maroc),Ciments du Maroc,Casablanca et région - Maroc,CDI,Agriculture (métiers de l') - Production / Qualité / Sécurité / Maintenance - Secteur Agriculture / Environnement,Junior (1 à 3 ans),Bac +3 Minimum - Licence,N/A,"Entreprise : Ciments du Maroc, plus de 70 ans d’histoire d’hommes et de femmes au service du développement du Royaume. Filiale du leader mondial Heidelberg Materials, nous sommes un acteur incontournable des matériaux de construction au Maroc, et groupe industriel de référence opérant dans les métiers du ciment, du béton prêt à l’emploi et des granulats. Notre force réside dans notre savoir-faire, notre engagement et notre capacité à accompagner les grands projets structurants du pays. Avec plus de 900 collaborateurs, nous disposons d’un ancrage territorial solide et d’un dispositif industriel complet : quatre cimenteries – Aït Baha (Agadir), Had Hrara (Safi), M’zoudia (Marrakech) et Témara –, des centres de broyage, des carrières et des centrales à béton répartis sur l’ensemble du territoire . Entreprise responsable et engagée, nous plaçons la sécurité, la réduction de notre empreinte environnementale et le soutien aux communautés locales au cœur de nos priorités. Rejoindre Ciments du Maroc, c’est intégrer une équipe passionnée, évoluer dans un environnement stimulant et contribuer à bâtir un avenir durable pour le Maroc. C’est aussi bénéficier de réelles opportunités de développement professionnel, aussi bien au niveau national qu’international, grâce à notre appartenance à un groupe mondial qui valorise la mobilité et la diversité des parcours. | Culture de l'entreprise : Ciments du Maroc se distingue par une culture majoritairement orientée vers la coopération , où l’humain, la confiance et la qualité des relations de travail occupent une place centrale. L’entreprise favorise un management de proximité, fondé sur l’accompagnement, la responsabilisation et l’engagement collectif. Cette dynamique collaborative est complétée par des dimensions innovation et organisation d’intensité comparable, qui soutiennent à la fois l’amélioration continue, l’adaptabilité et la rigueur des processus. La performance reste présente, mais dans une logique plus mesurée et secondaire. | Poste : Mission: Assurer le pilotage du laboratoire et le système qualité liés à la culture de microalgues en photobioréacteurs semi fermés, depuis l’inoculation jusqu’à l’ensachage, en garantissant la conformité des lots (physico chimie, microbiologie, humidité, salinité, pureté) et la traçabilité dans un environnement industriel Réalisation de l'échantillonnage des cultures de microalgues, ainsi que de la biomasse humide et sèche concentrée. Maîtrise des méthodes de culture de microalgues en batch et en conditions contrôlées (photobioréacteurs). Le/la Chargé(e) Qualité et Laboratoire est responsable de la gestion et de l'exécution des opérations quotidiennes liées à la culture, la récolte et la transformation en biomasse de microalgues. Il/elle supervise également en coordination avec le/la chargé(e) de maintenance la maintenance des équipements afin de garantir des conditions optimales pour la production et le bon fonctionnement de l'infrastructure. | Profil recherché : Rôles et responsabilité Optimiser la productivité de la culture des microalgues et maximiser le rendement. Enregistrer et rendre compte conformément aux normes convenues - produire des rapports hebdomadaires et mensuels sur les activités, les intrants et les extrants du processus opérationnel. Garantir le contrôle de la qualité des cultures de microalgues et de la biomasse de sortie (séchée et en suspension). Assurer une coopération, une coordination et une communication optimales entre l’équipe opérationnelle et le Manager. Veiller aux Conditions de travail sûres ; conformément aux exigences sécurités du Groupe HC, tout en appliquant les bonnes pratiques de laboratoire (BPL). Il/elle préparera des rapports d'activité et communiquera les données de consommation au chef de projet sur une base bi mensuelle. Il/elle agira et prendra des décisions afin d'optimiser le résultat de l'opération, notamment en maximisant la quantité et la qualité de la biomasse produite tout en minimisant l'apport et la consommation de ressources. Mesures/analyses quotidiennes, calculs : Préparer les milieux de culture (eau salinisée, nutriments, oligoéléments) et assurer la stérilité opérationnelle ; Suivre les paramètres critiques : pH, salinité, T°, irradiance, DO, EC, turbidité/OD ; Conduire les inoculations, dilutions, transitions d’échelle, et prévenir les contaminations ; Collaborer sur les étapes aval : récolte (filtration/UF/centrifugation), séchage, conditionnement ; Observation microscopique de l'état et de la qualité de la culture - enregistrement des données pertinentes ; Enregistrement et calcul de la densité et de la productivité de la culture ; Enregistrement et documentation des progrès ; Réaliser et préparer différents types de cultures de microalgues ; Planifier la production et la formulation des extraits et actifs ; Participer à toutes les opérations nécessaires au bon fonctionnement de l’activité ; Définir les process physicochimiques de culture ; Assurer la gestion des Intrants en collaboration avec le chargé de culture/production ; Contrôle qualité et suivi des systèmes documentaires (Production/HACCP/ONSSA) Compétences Maîtrise des milieux de culture salins ou enrichis ; Gestion de photobioréacteurs semi fermés ; Microscopie, numération cellulaire, hémocytomètre ; Mesure chlorophylle, absorbance, salinité, pH, DO, EC ; Préparation des inocula et contrôles de contamination ; Méthodes de récolte : filtration, centrifugation ; Notions d’assurance qualité (traçabilité, SOP, contrôles critiques) ; Sécurité biologique et manipulation en conditions stériles. Qualités personnelles : Rigueur documentaire et sens du détail ; Proactivité (détection/gestion des dérives, proposition d’actions) ; Esprit d’équipe avec production/maintenance/HSE ; Résilience en environnement pilote (variabilité, itérations) ; Communication claire (rapports, briefings, formations). Profil du poste Un diplôme de niveau Bac +3 est requis Une expérience de 1 à 3 ans dans des fonctions similaires Traitement de données et bonne maîtrise des logiciels de bureautique (Word, Excel, Access)",Recherche de nouveauté | Respect des règles | Extraversion | Besoin d'objectivité | Flexibilité | Travail en équipe | Equilibre personnel | Ambition,https://www.rekrute.com/offre-emploi-charge-de-suivi-et-culture-de-microalgues-recrutement-ciments-du-maroc-safi-180801.html,N/A,2026-04-22T23:40:44.179450
rekrute,Technicien Production (Rondier) | Temara (Maroc),Ciments du Maroc,Rabat et région - Maroc,CDI,Production / Qualité / Sécurité / Maintenance                                                                 - Secteur Electro-mécanique / Mécanique								- Autres Industries,Intermédiaire (3 à 5 ans),Bac +2 Minimum - BTS / DUT,N/A,"Entreprise : Ciments du Maroc, plus de 70 ans d’histoire d’hommes et de femmes au service du développement du Royaume. Filiale du leader mondial Heidelberg Materials, nous sommes un acteur incontournable des matériaux de construction au Maroc, et groupe industriel de référence opérant dans les métiers du ciment, du béton prêt à l’emploi et des granulats. Notre force réside dans notre savoir-faire, notre engagement et notre capacité à accompagner les grands projets structurants du pays. Avec plus de 900 collaborateurs, nous disposons d’un ancrage territorial solide et d’un dispositif industriel complet : quatre cimenteries – Aït Baha (Agadir), Had Hrara (Safi), M’zoudia (Marrakech) et Témara –, des centres de broyage, des carrières et des centrales à béton répartis sur l’ensemble du territoire . Entreprise responsable et engagée, nous plaçons la sécurité, la réduction de notre empreinte environnementale et le soutien aux communautés locales au cœur de nos priorités. Rejoindre Ciments du Maroc, c’est intégrer une équipe passionnée, évoluer dans un environnement stimulant et contribuer à bâtir un avenir durable pour le Maroc. C’est aussi bénéficier de réelles opportunités de développement professionnel, aussi bien au niveau national qu’international, grâce à notre appartenance à un groupe mondial qui valorise la mobilité et la diversité des parcours. | Culture de l'entreprise : Ciments du Maroc se distingue par une culture majoritairement orientée vers la coopération , où l’humain, la confiance et la qualité des relations de travail occupent une place centrale. L’entreprise favorise un management de proximité, fondé sur l’accompagnement, la responsabilisation et l’engagement collectif. Cette dynamique collaborative est complétée par des dimensions innovation et organisation d’intensité comparable, qui soutiennent à la fois l’amélioration continue, l’adaptabilité et la rigueur des processus. La performance reste présente, mais dans une logique plus mesurée et secondaire. | Poste : Veiller au fonctionnement des installations de fabrication sous sa responsabilité, en effectuant des rondes de surveillance, le contrôle visuel et auditif des équipements; Garantir la continuité du processus de fabrication et la préservation et fiabilité des équipements sous sa responsabilité; A la fin de chaque poste, reporter l'état des installations sous sa responsabilité et prévenir les éventuels problèmes, et les anomalies constatées pouvant se transformer en problèmes et communiquer à la salle de contrôle les différentes mesures; Suivre les consignes du Chef d'Equipe, notamment porter assistance sur d'autres équipements que le sien en cas de besoin et participer à la maintenance des équipements lors des arrêts; Veiller au respect des normes de santé, Sécurité, Qualité, Environnement et Energie en vigueur dans son périmètre. Informer sa hiérarchie des non-conformités liées à l’environnement et à l’énergie | Profil recherché : Profil recherché : Nous recherchons un(e) Électromécanicien(ne) disposant de 2 à 5 ans d’expérience dans une fonction similaire ou équivalente, idéalement acquise en industrie lourde. Les qualités attendues : Calme et sangfroid : capable de garder le contrôle en toute situation, de détecter les comportements anormaux et les dysfonctionnements, et de rester vigilant en permanence. En cas d’incident, il/elle doit analyser rapidement la situation et prendre une décision adaptée. Patience et rigueur : indispensable pour intervenir sur des équipements sensibles et assurer un diagnostic fiable. Sens des responsabilités : respect strict des consignes, des procédures de sécurité et de la réglementation liée au métier.",Respect des règles | Besoin d'objectivité | Rationalisme | Ténacité | Organisation,https://www.rekrute.com/offre-emploi-technicien-production-rondier-recrutement-ciments-du-maroc-temara-180800.html,N/A,2026-04-22T23:40:47.753035
rekrute,Chef d’équipe Électrique | Temara (Maroc),Ciments du Maroc,Rabat et région - Maroc,CDI,Electricité - Production / Qualité / Sécurité / Maintenance - Secteur Electricité								- Autres Industries,Intermédiaire (3 à 5 ans),Bac +2 Minimum - BTS / DUT,N/A,"Entreprise : Ciments du Maroc, plus de 70 ans d’histoire d’hommes et de femmes au service du développement du Royaume. Filiale du leader mondial Heidelberg Materials, nous sommes un acteur incontournable des matériaux de construction au Maroc, et groupe industriel de référence opérant dans les métiers du ciment, du béton prêt à l’emploi et des granulats. Notre force réside dans notre savoir-faire, notre engagement et notre capacité à accompagner les grands projets structurants du pays. Avec plus de 900 collaborateurs, nous disposons d’un ancrage territorial solide et d’un dispositif industriel complet : quatre cimenteries – Aït Baha (Agadir), Had Hrara (Safi), M’zoudia (Marrakech) et Témara –, des centres de broyage, des carrières et des centrales à béton répartis sur l’ensemble du territoire . Entreprise responsable et engagée, nous plaçons la sécurité, la réduction de notre empreinte environnementale et le soutien aux communautés locales au cœur de nos priorités. Rejoindre Ciments du Maroc, c’est intégrer une équipe passionnée, évoluer dans un environnement stimulant et contribuer à bâtir un avenir durable pour le Maroc. C’est aussi bénéficier de réelles opportunités de développement professionnel, aussi bien au niveau national qu’international, grâce à notre appartenance à un groupe mondial qui valorise la mobilité et la diversité des parcours. | Culture de l'entreprise : Ciments du Maroc se distingue par une culture majoritairement orientée vers la coopération , où l’humain, la confiance et la qualité des relations de travail occupent une place centrale. L’entreprise favorise un management de proximité, fondé sur l’accompagnement, la responsabilisation et l’engagement collectif. Cette dynamique collaborative est complétée par des dimensions innovation et organisation d’intensité comparable, qui soutiennent à la fois l’amélioration continue, l’adaptabilité et la rigueur des processus. La performance reste présente, mais dans une logique plus mesurée et secondaire. | Poste : Veiller au respect des règles et consignes sécurité et d’environnement; Lancer, organiser , distribuer et superviser les travaux d’entretien, de révision ou de réparation électrique et automatisme des moyens de production de son équipe conformément aux instructions données et dans le respect de la procédure maintenance; Organiser les moyens humains et matériels pour réaliser les travaux de maintenance; Veiller à une bonne coordination avec le superviseur et les techniciens de maintenance; Participer à l’identification des besoins matériels pour la maintenance; Mettre en place les plans d’actions correctives et préventives afin de traiter les dysfonctionnements/pannes rencontrés; Participer à l’analyse des dysfonctionnements des équipements; Assurer le repporting de son activité, permettant de fournir l'information nécessaire à la prise de décision; | Profil recherché : Profil recherché : - 2 à 5 ans d’expérience en maintenance électrique industrielle, idéalement industrie lourde. - Bonne maîtrise des fondamentaux : lecture schémas, mesures, moteurs, protections, commandes. - Connaissance pratique MT et VSD/VFD (au moins lecture alarmes + logique de diagnostic). - Sérieux, discipline, esprit d’équipe, disponibilité pour astreintes/horaires adaptés si nécessaire. Atouts (souhaités) Notions instrumentation/automatisme (capteurs, boucles simples, échanges avec automaticien). Si vous êtes prêt(e) à relever ce défi et que votre profil correspond à ces exigences, n'attendez plus et postulez dès maintenant en utilisant le bouton « Envoyer mon CV au recruteur ».",Respect des règles | Besoin d'objectivité | Rationalisme | Ténacité | Besoin de réflexion | Organisation,https://www.rekrute.com/offre-emploi-chef-dequipe-electrique-recrutement-ciments-du-maroc-temara-180688.html,N/A,2026-04-22T23:40:50.698392
rekrute,Application Specialist | Casablanca (Maroc),Ciments du Maroc,Safi et région - Maroc,CDI,Informatique / Electronique                                                                 - Secteur Informatique,Junior (1 à 3 ans),Bac +5 et plus - Master,N/A,"Entreprise : Ciments du Maroc, plus de 70 ans d’histoire d’hommes et de femmes au service du développement du Royaume. Filiale du leader mondial Heidelberg Materials, nous sommes un acteur incontournable des matériaux de construction au Maroc, et groupe industriel de référence opérant dans les métiers du ciment, du béton prêt à l’emploi et des granulats. Notre force réside dans notre savoir-faire, notre engagement et notre capacité à accompagner les grands projets structurants du pays. Avec plus de 900 collaborateurs, nous disposons d’un ancrage territorial solide et d’un dispositif industriel complet : quatre cimenteries – Aït Baha (Agadir), Had Hrara (Safi), M’zoudia (Marrakech) et Témara –, des centres de broyage, des carrières et des centrales à béton répartis sur l’ensemble du territoire . Entreprise responsable et engagée, nous plaçons la sécurité, la réduction de notre empreinte environnementale et le soutien aux communautés locales au cœur de nos priorités. Rejoindre Ciments du Maroc, c’est intégrer une équipe passionnée, évoluer dans un environnement stimulant et contribuer à bâtir un avenir durable pour le Maroc. C’est aussi bénéficier de réelles opportunités de développement professionnel, aussi bien au niveau national qu’international, grâce à notre appartenance à un groupe mondial qui valorise la mobilité et la diversité des parcours. | Culture de l'entreprise : Ciments du Maroc se distingue par une culture majoritairement orientée vers la coopération , où l’humain, la confiance et la qualité des relations de travail occupent une place centrale. L’entreprise favorise un management de proximité, fondé sur l’accompagnement, la responsabilisation et l’engagement collectif. Cette dynamique collaborative est complétée par des dimensions innovation et organisation d’intensité comparable, qui soutiennent à la fois l’amélioration continue, l’adaptabilité et la rigueur des processus. La performance reste présente, mais dans une logique plus mesurée et secondaire. | Poste : Mission Assurer le maintien opérationnel d’un portefeuille d’applications et participer à la mise en place de nouveaux outils, en cohérence avec les évolutions des processus métiers dans le respect des procédures Groupe, la législation en vigueur et les règles de conformité et de bonne conduite professionnelle. | Profil recherché : Rôles et responsabilités Analyser les besoins et piloter la maintenance opérationnelle d'un ou plusieurs domaines technico-fonctionnels en lien avec l'architecte SI. Prendre en charge les incidents de niveau 2 et 3 dans le cadre de l'assistance utilisateurs et proposez des solutions innovantes. Planifier les activités des équipes internes ou externes et suivre leurs états d’avancement. Participer à la conception des solutions informatiques en rédigeant et analysant les spécifications fonctionnelles et techniques (diagrammes de classes, interfaces entre applications en effectuant les développements informatiques et en animant la phase des tests). Effectuer la maintenance correctrice, évolutive et/ou préventive des solutions. Donnes des positionnements des droits sur les applications et habilitations. Traiter les anomalies. Recueillir et qualifier les demandes et besoins de maintenance corrective, évolutive et/ou préventive du SI. Suivre les évolutions réglementaires et technologiques du SI. Contribuer à l'optimisation des processus métiers, des données, des applications et des systèmes associés au cadrage du projet. Anticiper les changements et leurs impacts métiers sur le SI. Analyser les tendances et être une force de proposition de solutions digitales dans l’optique de repositionner le business vis-à-vis de la concurrence et des mouvements du marché. S’assurer du respect des normes de sécurité et reporter tout incident à l’animateur sécurité et à la hiérarchie. S’assurer du respect des exigences de conformité et de bonne conduite professionnelle à travers des mesures organisationnelles et procédurales en respect des guidelines Groupe en la matière. Compétences Capacités rédactionnelles Architecture SI métier et fonctionnelle Informatique, SI et veille technologique Méthode de conduite de projet (planification, reporting, analyse de risques, ...) Sens de l’implication, des qualités d’écoute et d’adaptabilité. Organisé Esprit d’équipe Profil du poste Bac+5 en développement Informatique Expérience de 2 ans dans un poste similaire, Bonne connaissance de SAP Maitrise de l’Arabe, le Français et l’Anglais.",Créativité | Extraversion | Rationalisme | Flexibilité | Besoin de réflexion | Travail en équipe | Implication au travail,https://www.rekrute.com/offre-emploi-application-specialist-recrutement-ciments-du-maroc-casablanca-180802.html,N/A,2026-04-22T23:40:52.974083
rekrute,Chargée de Consolidation | Casablanca (Maroc),Ciments du Maroc,Casablanca et région - Maroc,CDI,Gestion / Comptabilité / Finance                                                                 - Secteur Comptabilité / Audit,Intermédiaire (3 à 5 ans),Bac +5 et plus Minimum - Master,N/A,"Entreprise : Ciments du Maroc, plus de 70 ans d’histoire d’hommes et de femmes au service du développement du Royaume. Filiale du leader mondial Heidelberg Materials, nous sommes un acteur incontournable des matériaux de construction au Maroc, et groupe industriel de référence opérant dans les métiers du ciment, du béton prêt à l’emploi et des granulats. Notre force réside dans notre savoir-faire, notre engagement et notre capacité à accompagner les grands projets structurants du pays. Avec plus de 900 collaborateurs, nous disposons d’un ancrage territorial solide et d’un dispositif industriel complet : quatre cimenteries – Aït Baha (Agadir), Had Hrara (Safi), M’zoudia (Marrakech) et Témara –, des centres de broyage, des carrières et des centrales à béton répartis sur l’ensemble du territoire . Entreprise responsable et engagée, nous plaçons la sécurité, la réduction de notre empreinte environnementale et le soutien aux communautés locales au cœur de nos priorités. Rejoindre Ciments du Maroc, c’est intégrer une équipe passionnée, évoluer dans un environnement stimulant et contribuer à bâtir un avenir durable pour le Maroc. C’est aussi bénéficier de réelles opportunités de développement professionnel, aussi bien au niveau national qu’international, grâce à notre appartenance à un groupe mondial qui valorise la mobilité et la diversité des parcours. | Culture de l'entreprise : Ciments du Maroc se distingue par une culture majoritairement orientée vers la coopération , où l’humain, la confiance et la qualité des relations de travail occupent une place centrale. L’entreprise favorise un management de proximité, fondé sur l’accompagnement, la responsabilisation et l’engagement collectif. Cette dynamique collaborative est complétée par des dimensions innovation et organisation d’intensité comparable, qui soutiennent à la fois l’amélioration continue, l’adaptabilité et la rigueur des processus. La performance reste présente, mais dans une logique plus mesurée et secondaire. | Poste : Gérer les travaux de consolidation et les reportings et veiller sur la fiabilité des données comptables et fiscales communiquées au groupe tout en respectant les normes IFRS et normes de reporting groupe. | Profil recherché : Rôles et responsabilités Assurer le rôle d’interlocuteur et justifier les données des reportings communiqués aux auditeurs Groupe et aux commissaires aux comptes. Elaborer et s’assurer de la cohérence des reportings consolidés mensuels. Préparer les comptes annuels consolidés en IFRS et participer aux travaux spécifiques de clôture annuelle. Renseigner en respect du calendrier du Groupe, les reportings périodiques comptable et fiscale (mensuel, trimestriel, annuel) : Extraire les données nécessaires de SAP pour renseigner les reportings groupe. Réaliser les retraitements nécessaires en respect des normes IFRS applicables Intégrer les données retraitées dans l’outil de consolidation Groupe. Analyser et s’assurer de la fiabilité des chiffres et des données communiqués au Groupe et des administrations locales. Justifier les demandes d’analyses et d’explication des évolutions des comptes comptables. Assurer les taches d’analyses des comptes comptables. Élaborer des états ETIC consolidé. Développer et améliorer le processus de consolidation. Assurer la veille réglementaire (loi marocaines et normes internationales). Participer aux groupes de projet d’amélioration des systèmes d’information. Participer aux audits internes et externes et assurer la relation avec les CACs. Participer à la préparation des procédures pour le volet comptable. Participer au choix et au recrutement du personnel pour le Département. Proposer les besoins en formation et de développement de ses collaborateurs. Favoriser le partage et le transfert d’expériences dans les métiers. S’assurer du respect des normes de sécurité et reporter tout incident à l’animateur sécurité et à la hiérarchie. S’assurer du respect des exigences de conformité et de bonne conduite professionnelle à travers des mesures organisationnelles et procédurales en respect des guidelines Groupe en la matière. Profil du poste Formation supérieure BAC +5 en Comptabilité et Fiscalité. Expérience minimale de 3 ans dans un poste similaire dans une multinationale ou pour le compte d'un cabinet d'audit. Langues : Arabe, français, Anglais SAP R/3, outils bureautiques Autonome, rigoureux, et avec une grande capacité de communication et de négociation Grande capacité d'adaptation.",Respect des règles | Extraversion | Flexibilité | Besoin de réflexion | Travail en équipe | Implication au travail | Ambition | Organisation,https://www.rekrute.com/offre-emploi-chargee-de-consolidation-recrutement-ciments-du-maroc-casablanca-180901.html,N/A,2026-04-22T23:40:55.848277
rekrute,Technicien Électrique | Temara (Maroc),Ciments du Maroc,Rabat et région - Maroc,CDI,Electricité - Production / Qualité / Sécurité / Maintenance - Secteur Electricité								- Autres Industries,Intermédiaire (3 à 5 ans),Bac +2 Minimum - BTS / DUT - DEUG,N/A,"Entreprise : Ciments du Maroc, plus de 70 ans d’histoire d’hommes et de femmes au service du développement du Royaume. Filiale du leader mondial Heidelberg Materials, nous sommes un acteur incontournable des matériaux de construction au Maroc, et groupe industriel de référence opérant dans les métiers du ciment, du béton prêt à l’emploi et des granulats. Notre force réside dans notre savoir-faire, notre engagement et notre capacité à accompagner les grands projets structurants du pays. Avec plus de 900 collaborateurs, nous disposons d’un ancrage territorial solide et d’un dispositif industriel complet : quatre cimenteries – Aït Baha (Agadir), Had Hrara (Safi), M’zoudia (Marrakech) et Témara –, des centres de broyage, des carrières et des centrales à béton répartis sur l’ensemble du territoire . Entreprise responsable et engagée, nous plaçons la sécurité, la réduction de notre empreinte environnementale et le soutien aux communautés locales au cœur de nos priorités. Rejoindre Ciments du Maroc, c’est intégrer une équipe passionnée, évoluer dans un environnement stimulant et contribuer à bâtir un avenir durable pour le Maroc. C’est aussi bénéficier de réelles opportunités de développement professionnel, aussi bien au niveau national qu’international, grâce à notre appartenance à un groupe mondial qui valorise la mobilité et la diversité des parcours. | Culture de l'entreprise : Ciments du Maroc se distingue par une culture majoritairement orientée vers la coopération , où l’humain, la confiance et la qualité des relations de travail occupent une place centrale. L’entreprise favorise un management de proximité, fondé sur l’accompagnement, la responsabilisation et l’engagement collectif. Cette dynamique collaborative est complétée par des dimensions innovation et organisation d’intensité comparable, qui soutiennent à la fois l’amélioration continue, l’adaptabilité et la rigueur des processus. La performance reste présente, mais dans une logique plus mesurée et secondaire. | Poste : Veiller au respect des règles et consignes sécurité; d’environnement et d’énergie Lancer, organiser, distribuer et superviser la qualité des travaux d’entretien, de révision ou de réparation électrique des moyens de production de son équipe conformément aux instructions données et dans le respect de la procédure Maintenance. Organiser les moyens humains et matériels pour réaliser les travaux de maintenance Veiller à une bonne coordination avec les préparateurs et visiteurs et la production. Mettre en place les plans d’actions correctives et préventives afin de traiter les dysfonctionnements/pannes rencontrés Effectuer les travaux de réparation électrique des pièces parvenues à l'atelier en fonction des demandes du Chef de Service Maintenance Electrique et assurer la disponibilité des informations sur l'état de l'équipement dépanné. Identifier et Mettre en œuvre les nouvelles sources électriques nécessaires Réparer les pannes électriques, et assurer la disponibilité des informations sur l'état de l'équipement dépanné. Participer à l’analyse des dysfonctionnements des équipements. Assurer le repporting de son activité, permettant de fournir l'information nécessaire à la prise de décision. Participer à l’amélioration de la performance environnementale et énergétique de l’usine. Appliquer les documents de l’environnement et de l’énergie qui le concerne (consignes et procédures). Participer à l’amélioration de la performance environnementale et énergétique de l’usine | Profil recherché : Profil recherché : - 2 à 5 ans d’expérience en maintenance électrique industrielle, idéalement industrie lourde. - Bonne maîtrise des fondamentaux : lecture schémas, mesures, moteurs, protections, commandes. - Connaissance pratique MT et VSD/VFD (au moins lecture alarmes + logique de diagnostic). - Sérieux, discipline, esprit d’équipe, disponibilité pour astreintes/horaires adaptés si nécessaire. Atouts (souhaités) Notions instrumentation/automatisme (capteurs, boucles simples, échanges avec automaticien). Si vous êtes prêt(e) à relever ce défi et que votre profil correspond à ces exigences, n'attendez plus et postulez dès maintenant en utilisant le bouton « Envoyer mon CV au recruteur ».",Respect des règles | Besoin d'objectivité | Rationalisme | Ténacité | Besoin de réflexion | Organisation,https://www.rekrute.com/offre-emploi-technicien-electrique-recrutement-ciments-du-maroc-temara-180686.html,N/A,2026-04-22T23:40:58.702256
rekrute,Magasinier | Nador (Maroc),Ciments du Maroc,Oujda et région - Maroc,CDI,Production / Qualité / Sécurité / Maintenance                                                                 - Secteur BTP / Génie Civil,Junior (1 à 3 ans),Bac +2 Minimum - BTS / DUT,N/A,"Entreprise : Ciments du Maroc, plus de 70 ans d’histoire d’hommes et de femmes au service du développement du Royaume. Filiale du leader mondial Heidelberg Materials, nous sommes un acteur incontournable des matériaux de construction au Maroc, et groupe industriel de référence opérant dans les métiers du ciment, du béton prêt à l’emploi et des granulats. Notre force réside dans notre savoir-faire, notre engagement et notre capacité à accompagner les grands projets structurants du pays. Avec plus de 900 collaborateurs, nous disposons d’un ancrage territorial solide et d’un dispositif industriel complet : quatre cimenteries – Aït Baha (Agadir), Had Hrara (Safi), M’zoudia (Marrakech) et Témara –, des centres de broyage, des carrières et des centrales à béton répartis sur l’ensemble du territoire . Entreprise responsable et engagée, nous plaçons la sécurité, la réduction de notre empreinte environnementale et le soutien aux communautés locales au cœur de nos priorités. Rejoindre Ciments du Maroc, c’est intégrer une équipe passionnée, évoluer dans un environnement stimulant et contribuer à bâtir un avenir durable pour le Maroc. C’est aussi bénéficier de réelles opportunités de développement professionnel, aussi bien au niveau national qu’international, grâce à notre appartenance à un groupe mondial qui valorise la mobilité et la diversité des parcours. | Culture de l'entreprise : Ciments du Maroc se distingue par une culture majoritairement orientée vers la coopération , où l’humain, la confiance et la qualité des relations de travail occupent une place centrale. L’entreprise favorise un management de proximité, fondé sur l’accompagnement, la responsabilisation et l’engagement collectif. Cette dynamique collaborative est complétée par des dimensions innovation et organisation d’intensité comparable, qui soutiennent à la fois l’amélioration continue, l’adaptabilité et la rigueur des processus. La performance reste présente, mais dans une logique plus mesurée et secondaire. | Poste : • Assurer la réception, le contrôle et l’enregistrement des marchandises dans le système SAP. • Organiser, ranger et optimiser l’espace de stockage selon les normes internes. • Gérer les entrées et sorties de stock, préparer les commandes et assurer leur livraison interne. • Suivre les niveaux de stock, signaler les anomalies et proposer des actions correctives. • Effectuer des inventaires périodiques et participer aux inventaires annuels. • Garantir la propreté, l’ordre et la sécurité du magasin. • Collaborer étroitement avec les services achats, production et maintenance. | Profil recherché : • Bac+2 en logistique, gestion des stocks ou équivalent. • Expérience souhaitée : 1 à 2 ans dans un poste similaire. • Solides connaissances des processus de gestion de stock. • Maîtrise du logiciel SAP (module MM ou équivalent). • Aisance avec les outils informatiques : Excel, Word, PowerPoint. • Rigueur, organisation, sens des priorités et esprit d’équipe. • Capacités d’analyse et réactivité.",Respect des règles | Besoin d'objectivité | Rationalisme | Ténacité | Organisation,https://www.rekrute.com/offre-emploi-magasinier-recrutement-ciments-du-maroc-nador-181356.html,N/A,2026-04-22T23:41:01.307715
rekrute,Chef de Carrière - Granulats | Benslimane (Maroc),Ciments du Maroc,Casablanca et région - Maroc,CDI,Production / Qualité / Sécurité / Maintenance                                                                 - Secteur Extraction / Mines,Intermédiaire (3 à 5 ans),Bac +3 Minimum - Formation spécialisée,N/A,"Entreprise : Ciments du Maroc, plus de 70 ans d’histoire d’hommes et de femmes au service du développement du Royaume. Filiale du leader mondial Heidelberg Materials, nous sommes un acteur incontournable des matériaux de construction au Maroc, et groupe industriel de référence opérant dans les métiers du ciment, du béton prêt à l’emploi et des granulats. Notre force réside dans notre savoir-faire, notre engagement et notre capacité à accompagner les grands projets structurants du pays. Avec plus de 900 collaborateurs, nous disposons d’un ancrage territorial solide et d’un dispositif industriel complet : quatre cimenteries – Aït Baha (Agadir), Had Hrara (Safi), M’zoudia (Marrakech) et Témara –, des centres de broyage, des carrières et des centrales à béton répartis sur l’ensemble du territoire . Entreprise responsable et engagée, nous plaçons la sécurité, la réduction de notre empreinte environnementale et le soutien aux communautés locales au cœur de nos priorités. Rejoindre Ciments du Maroc, c’est intégrer une équipe passionnée, évoluer dans un environnement stimulant et contribuer à bâtir un avenir durable pour le Maroc. C’est aussi bénéficier de réelles opportunités de développement professionnel, aussi bien au niveau national qu’international, grâce à notre appartenance à un groupe mondial qui valorise la mobilité et la diversité des parcours. | Culture de l'entreprise : Ciments du Maroc se distingue par une culture majoritairement orientée vers la coopération , où l’humain, la confiance et la qualité des relations de travail occupent une place centrale. L’entreprise favorise un management de proximité, fondé sur l’accompagnement, la responsabilisation et l’engagement collectif. Cette dynamique collaborative est complétée par des dimensions innovation et organisation d’intensité comparable, qui soutiennent à la fois l’amélioration continue, l’adaptabilité et la rigueur des processus. La performance reste présente, mais dans une logique plus mesurée et secondaire. | Poste : Planifier, organiser et superviser les activités d’extraction, de traitement et de production des granulats. Veiller au respect des règles et consignes en matière de sécurité, d’environnement et d’énergie. Assurer l’atteinte des objectifs de production (volume, qualité, délais). Optimiser les coûts d’exploitation et améliorer la performance globale du site. Encadrer, organiser et développer les compétences des équipes opérationnelles. Superviser les activités de maintenance et garantir la disponibilité des équipements. Assurer un reporting régulier de l’activité auprès de la hiérarchie. Contribuer à l’amélioration continue des performances opérationnelles du site. | Profil recherché : Formation : Licence en génie minier, génie industriel, génie civil ou équivalent. Expérience : Minimum 3 ans d’expérience dans un poste similaire ou dans un environnement industriel (carrière, mines, cimenterie). Compétences : Bonne maîtrise des techniques d’exploitation de carrière (extraction, concassage, criblage). Connaissance des installations de production et notions solides en maintenance industrielle. Capacité d’analyse et de résolution de problèmes. Forte sensibilité aux enjeux HSE (Hygiène, Sécurité, Environnement). Qualités personnelles : Leadership et sens du management d’équipes terrain. Rigueur, organisation et réactivité. Orientation résultats et capacité à travailler dans un environnement exigeant. Conditions : Poste basé en environnement carrière, nécessitant une forte présence terrain et une grande disponibilité.",Respect des règles | Besoin d'objectivité | Rationalisme | Ténacité | Organisation,https://www.rekrute.com/offre-emploi-chef-de-carriere---granulats-recrutement-ciments-du-maroc-benslimane-181535.html,N/A,2026-04-22T23:41:03.529296
rekrute,Comptable Confirmé | Casablanca (Maroc),Ciments du Maroc,Casablanca et région - Maroc,CDI,Gestion / Comptabilité / Finance                                                                 - Secteur Comptabilité / Audit,Confirmé (5 à 10 ans),Bac +3 Minimum - Licence,N/A,"Entreprise : Ciments du Maroc, plus de 70 ans d’histoire d’hommes et de femmes au service du développement du Royaume. Filiale du leader mondial Heidelberg Materials, nous sommes un acteur incontournable des matériaux de construction au Maroc, et groupe industriel de référence opérant dans les métiers du ciment, du béton prêt à l’emploi et des granulats. Notre force réside dans notre savoir-faire, notre engagement et notre capacité à accompagner les grands projets structurants du pays. Avec plus de 900 collaborateurs, nous disposons d’un ancrage territorial solide et d’un dispositif industriel complet : quatre cimenteries – Aït Baha (Agadir), Had Hrara (Safi), M’zoudia (Marrakech) et Témara –, des centres de broyage, des carrières et des centrales à béton répartis sur l’ensemble du territoire . Entreprise responsable et engagée, nous plaçons la sécurité, la réduction de notre empreinte environnementale et le soutien aux communautés locales au cœur de nos priorités. Rejoindre Ciments du Maroc, c’est intégrer une équipe passionnée, évoluer dans un environnement stimulant et contribuer à bâtir un avenir durable pour le Maroc. C’est aussi bénéficier de réelles opportunités de développement professionnel, aussi bien au niveau national qu’international, grâce à notre appartenance à un groupe mondial qui valorise la mobilité et la diversité des parcours. | Culture de l'entreprise : Ciments du Maroc se distingue par une culture majoritairement orientée vers la coopération , où l’humain, la confiance et la qualité des relations de travail occupent une place centrale. L’entreprise favorise un management de proximité, fondé sur l’accompagnement, la responsabilisation et l’engagement collectif. Cette dynamique collaborative est complétée par des dimensions innovation et organisation d’intensité comparable, qui soutiennent à la fois l’amélioration continue, l’adaptabilité et la rigueur des processus. La performance reste présente, mais dans une logique plus mesurée et secondaire. | Poste : Missions : Respecter des règles comptables et des procédures internes. Assurer la tenue de la comptabilité générale de la filiale de A à Z Passer les écritures comptables (OD, provisions, amortissements, régularisations…) Gérer les clôtures mensuelles, trimestrielles et annuelles Assurer la justification des comptes (balance, grand livre, rapprochements) S’assurer du respect des exigences de conformité et de bonne conduite professionnelle à travers des mesures organisationnelles et procédurales en respect des guidelines Groupe en la matière. Participer aux audits internes et externes Participer à l’optimisation des procédures comptables Mettre en place des contrôles internes efficaces Contribuer à des projets de transformation (ERP, digitalisation…) Compétences : Rigueur Capacité d’analyse et synthèse Autonomie Intégrité/discrétion Aisance relationnelle Esprit d’analyse et capacité de réflexion Très bon esprit d’équipe Sens de l’écoute | Profil recherché : Profil recherché : Formation en comptabilité / finance (Bac+3 à Bac+5). Expérience significative dans un poste similaire dans une multinationale ou pour le compte d'un cabinet d'audit ou fiduciaire. Langues : Arabe, français. Un bon niveau d'anglais est exigé. SAP R/3, outils bureautiques",Conventionnel | Respect des règles | Besoin d'objectivité | Rationalisme | Ambition | Organisation,https://www.rekrute.com/offre-emploi-comptable-confirme-recrutement-ciments-du-maroc-casablanca-181537.html,N/A,2026-04-22T23:41:06.743733
rekrute,Chargée de Facturation & Livraison | Bouskoura (Maroc),Auto Nejma,Casablanca et région - Maroc,CDI,Gestion / Comptabilité / Finance                                                                 - Secteur Automobile / Motos / Cycles,Intermédiaire (3 à 5 ans),Bac +3 Minimum - Licence,N/A,"Entreprise : Auto Nejma est un acteur historique et majeur du secteur automobile au Maroc. Représentant officiel des marques Mercedes-Benz, BYD et smart , nous opérons à travers un réseau national couvrant plusieurs villes stratégiques du Royaume. Forts d’une expertise reconnue dans les activités Véhicules Particuliers, Véhicules Utilitaires, Poids Lourds, Après-Vente et Pièces de Rechange, nous plaçons l’excellence opérationnelle, la satisfaction client et la performance durable au cœur de notre stratégie. Notre organisation s’appuie sur : Un réseau multi-sites à l’échelle nationale Des standards constructeurs internationaux Une culture orientée performance et amélioration continue Une politique RH axée sur le développement des talents et la mobilité interne Chez Auto Nejma , nous croyons que la performance collective repose sur l’engagement, la compétence et le sens du service de nos équipes. Rejoindre Auto Nejma , c’est intégrer un groupe structuré, ambitieux et en transformation, offrant de réelles perspectives d’évolution dans un environnement professionnel exigeant et stimulant. | Poste : Vos missions principales en tant que Chargée de Facturation & Livraison incluront : Préparer et vérifier les dossiers administratifs liés à la livraison Participer au suivi administratif et comptable de la succursale Assurer la livraison des véhicules neufs aux clients particuliers Garantir une expérience client conforme aux standards de qualité Préparer les dossiers d’immatriculation des véhicules Valider les factures PDR / SAV Assurer la comptabilisation de la caisse (recettes et dépenses) | Profil recherché : Bac+3/4 en gestion, comptabilité ou équivalent, Expérience significative en administration, facturation et/ou comptabilité souhaitée, Rigueur, organisation et sens du détail, Bon relationnel et sens du service client, À l’aise avec les outils informatiques de gestion (comptabilité et facturation).",Conventionnel | Respect des règles | Besoin d'objectivité | Implication au travail | Organisation,https://www.rekrute.com/offre-emploi-chargee-de-facturation-livraison-recrutement-auto-nejma-maroc-s.a.-bouskoura-182073.html,N/A,2026-04-22T23:41:08.828073
rekrute,Senior Training Facilitator | Casablanca (Maroc),Capgemini Engineering,Casablanca et région - Maroc,CDI,Gestion projet / Etudes / R&D - RH / Personnel / Formation - Secteur Automobile / Motos / Cycles								- Conseil / Etudes,Expert (10 à 20 ans),Bac +5 et plus - Master,N/A,"Entreprise : Capgemini Engineering est la marque du groupe Capgemini réunissant les services d'ingénierie et de R&D d’Altran, leader mondial du secteur dont Capgemini a finalisé l’acquisition en 2020, et l’expertise de Capgemini dans le domaine du digital manufacturing. Grâce à une connaissance sectorielle approfondie et à la maîtrise des technologies digitales et logicielles de pointe, Capgemini Engineering accompagne la convergence des mondes physique et numérique. Conjuguée avec l’ensemble des capacités du Groupe, elle aide les entreprises à accélérer leur transformation vers l'Intelligent Industry. Capgemini Engineering compte plus de 52 000 ingénieurs et scientifiques dans plus de 30 pays, dans des secteurs tels que l'aéronautique, l'automobile, le ferroviaire, les communications, l'énergie, les sciences de la vie, les semi-conducteurs, les logiciels et l'Internet, le spatial et la défense, et les biens de consommation. Capgemini Engineering fait partie du groupe Capgemini, un leader mondial, responsable et multiculturel, regroupant 300 000 personnes dans près de 50 pays. Partenaire stratégique des entreprises pour la transformation de leurs activités en tirant profit de toute la puissance de la technologie, le Groupe est guidé au quotidien par sa raison d’être : libérer les énergies humaines par la technologie pour un avenir inclusif et durable. Fort de plus de 50 ans d’expérience et d’une grande expertise des différents secteurs d’activité, Capgemini est reconnu par ses clients pour répondre à l’ensemble de leurs besoins, de la stratégie et du design jusqu’au management des opérations, en tirant parti des innovations dans les domaines en perpétuelle évolution du cloud, de la data, de l’Intelligence Artificielle, de la connectivité, des logiciels, de l’ingénierie digitale et des plateformes. Le Groupe a réalisé un chiffre d'affaires de 16 milliards d'euros en 2020. Get the Future You Want* - www.capgemini.com. | Culture de l'entreprise : Capgemini Engineering s’appuie sur une culture fortement orientée vers la coopération , plaçant l’humain, la confiance et l’esprit d’équipe au cœur de son fonctionnement. Le management de proximité favorise l’accompagnement, la responsabilisation et le développement des talents dans un environnement bienveillant. Cette dynamique est renforcée par une dimension d’ innovation marquée, encourageant la créativité, l’initiative et l’expérimentation au service de solutions à forte valeur ajoutée. Elle s’appuie également sur une base d’ organisation structurée, garantissant rigueur et fiabilité, tandis que la compétition , plus modérée, soutient une exigence de performance mesurée. | Poste : Rejoignez notre équipe dynamique dans le secteur des Autres services en tant que Senior Training Facilitator . Ce poste, basé à Casablanca , est une opportunité unique de contribuer activement au développement des compétences au sein de notre organisation. Votre rôle sera essentiel dans la conception, la livraison et l'évaluation de programmes de formation innovants. L'objectif est de garantir que nos équipes disposent des compétences nécessaires pour exceller et d'accompagner la croissance stratégique de l'entreprise. Au quotidien, vous serez amené à : Concevoir et développer des modules de formation adaptés aux besoins évolutifs de l'organisation. Animer des sessions de formation interactives et engageantes pour divers publics. Évaluer l'efficacité des programmes de formation et proposer des améliorations continues. Collaborer étroitement avec les différentes parties prenantes pour identifier les besoins en formation. Assurer une veille constante sur les meilleures pratiques en matière de développement des compétences. Gérer les aspects logistiques liés à l'organisation des sessions de formation. Contribuer à l’intégration de l’IA dans les outils et supports. Représenter le programme lors d’événements internes et externes. | Profil recherché : Un niveau d'études Bac +5 et plus est requis, idéalement dans les domaines de la Gestion de projet, Études, R&D, ou RH/Personnel/Formation . Fort d'une expérience significative à partir de 10 ans , vous avez déjà démontré votre expertise dans la conception et l'animation de programmes de formation complexes. Nous recherchons une personne dotée de compétences solides en : Pédagogie et andragogie. Techniques d'animation de groupe et de facilitation. Conception pédagogique (e-learning, présentiel, blended learning). Analyse des besoins en formation et ingénierie pédagogique. Excellentes capacités de communication et d'écoute. Maîtrise des outils de présentation et de gestion de projet. Adaptabilité et proactivité. Si ce défi correspond à vos aspirations et que votre profil Matcher avec ces exigences, envoyez votre candidature sans tarder en utilisant le bouton « Envoyer mon CV au recruteur » ci-dessous.",Créativité | Flexibilité | Travail en équipe | Implication au travail | Organisation,https://www.rekrute.com/offre-emploi-senior-training-facilitator-recrutement-capgemini-engineering-casablanca-180390.html,N/A,2026-04-22T23:41:13.938587
rekrute,Stagiaire RH | Casablanca (Maroc),Capgemini Engineering,Casablanca et région - Maroc,Stage,RH / Personnel / Formation                                                                 - Secteur Automobile / Motos / Cycles,Débutant (-1 an),Bac +4 - Formation spécialisée - Université,N/A,"Entreprise : Capgemini Engineering est la marque du groupe Capgemini réunissant les services d'ingénierie et de R&D d’Altran, leader mondial du secteur dont Capgemini a finalisé l’acquisition en 2020, et l’expertise de Capgemini dans le domaine du digital manufacturing. Grâce à une connaissance sectorielle approfondie et à la maîtrise des technologies digitales et logicielles de pointe, Capgemini Engineering accompagne la convergence des mondes physique et numérique. Conjuguée avec l’ensemble des capacités du Groupe, elle aide les entreprises à accélérer leur transformation vers l'Intelligent Industry. Capgemini Engineering compte plus de 52 000 ingénieurs et scientifiques dans plus de 30 pays, dans des secteurs tels que l'aéronautique, l'automobile, le ferroviaire, les communications, l'énergie, les sciences de la vie, les semi-conducteurs, les logiciels et l'Internet, le spatial et la défense, et les biens de consommation. Capgemini Engineering fait partie du groupe Capgemini, un leader mondial, responsable et multiculturel, regroupant 300 000 personnes dans près de 50 pays. Partenaire stratégique des entreprises pour la transformation de leurs activités en tirant profit de toute la puissance de la technologie, le Groupe est guidé au quotidien par sa raison d’être : libérer les énergies humaines par la technologie pour un avenir inclusif et durable. Fort de plus de 50 ans d’expérience et d’une grande expertise des différents secteurs d’activité, Capgemini est reconnu par ses clients pour répondre à l’ensemble de leurs besoins, de la stratégie et du design jusqu’au management des opérations, en tirant parti des innovations dans les domaines en perpétuelle évolution du cloud, de la data, de l’Intelligence Artificielle, de la connectivité, des logiciels, de l’ingénierie digitale et des plateformes. Le Groupe a réalisé un chiffre d'affaires de 16 milliards d'euros en 2020. Get the Future You Want* - www.capgemini.com. | Culture de l'entreprise : Capgemini Engineering s’appuie sur une culture fortement orientée vers la coopération , plaçant l’humain, la confiance et l’esprit d’équipe au cœur de son fonctionnement. Le management de proximité favorise l’accompagnement, la responsabilisation et le développement des talents dans un environnement bienveillant. Cette dynamique est renforcée par une dimension d’ innovation marquée, encourageant la créativité, l’initiative et l’expérimentation au service de solutions à forte valeur ajoutée. Elle s’appuie également sur une base d’ organisation structurée, garantissant rigueur et fiabilité, tandis que la compétition , plus modérée, soutient une exigence de performance mesurée. | Poste : Rejoignez notre dynamique équipe dans le secteur des Autres services à Casablanca en tant que Stagiaire RH . Une opportunité unique de développer vos compétences et de contribuer activement à la gestion des talents au sein d'une entreprise tournée vers l'avenir. Votre mission principale sera d'apporter un soutien précieux au département des Ressources Humaines dans ses différentes missions. Vous participerez à des projets clés et développerez une compréhension approfondie des enjeux RH dans un environnement professionnel stimulant. Vos missions quotidiennes incluront : Assister dans les processus de recrutement : sourcing, tri de CV, planification d'entretiens. Contribuer à la gestion administrative du personnel : suivi des dossiers, préparation des documents. Participer à l'organisation des formations et au suivi des plans de développement. Soutenir la mise en œuvre des politiques RH et projets transverses. Participer à la communication interne et à l'animation de la vie d'entreprise. C'est une occasion formidable d'appliquer vos connaissances théoriques dans des situations concrètes et variées. | Profil recherché : Pour ce stage, un niveau d'études Bac +4 est requis, idéalement dans le domaine des Ressources Humaines , de la gestion du Personnel ou de la Formation . Une première expérience, même courte ( 1 à 1 an ), dans un environnement RH ou similaire, est un atout significatif qui vous permettra de monter rapidement en compétence. Nous recherchons une personne : Dotée d'un excellent sens relationnel et d'une grande capacité d'écoute. Organisée, rigoureuse et faisant preuve de discrétion. Proactive, curieuse et désireuse d'apprendre. A l'aise avec les outils informatiques, notamment le Pack Office. Capable de travailler en équipe et de s'adapter rapidement. Votre potentiel et votre motivation seront les clés de votre succès au sein de notre structure.",Créativité | Flexibilité | Travail en équipe | Organisation,https://www.rekrute.com/offre-emploi-stagiaire-rh-recrutement-capgemini-engineering-casablanca-180718.html,N/A,2026-04-22T23:41:17.165400
rekrute,Stagiaire RSE | Casablanca (Maroc),Capgemini Engineering,Casablanca et région - Maroc,Stage,Gestion projet / Etudes / R&D                                                                 - Secteur Automobile / Motos / Cycles,Débutant (-1 an),Bac +4 - Ecole de commerce - Master,N/A,"Entreprise : Capgemini Engineering est la marque du groupe Capgemini réunissant les services d'ingénierie et de R&D d’Altran, leader mondial du secteur dont Capgemini a finalisé l’acquisition en 2020, et l’expertise de Capgemini dans le domaine du digital manufacturing. Grâce à une connaissance sectorielle approfondie et à la maîtrise des technologies digitales et logicielles de pointe, Capgemini Engineering accompagne la convergence des mondes physique et numérique. Conjuguée avec l’ensemble des capacités du Groupe, elle aide les entreprises à accélérer leur transformation vers l'Intelligent Industry. Capgemini Engineering compte plus de 52 000 ingénieurs et scientifiques dans plus de 30 pays, dans des secteurs tels que l'aéronautique, l'automobile, le ferroviaire, les communications, l'énergie, les sciences de la vie, les semi-conducteurs, les logiciels et l'Internet, le spatial et la défense, et les biens de consommation. Capgemini Engineering fait partie du groupe Capgemini, un leader mondial, responsable et multiculturel, regroupant 300 000 personnes dans près de 50 pays. Partenaire stratégique des entreprises pour la transformation de leurs activités en tirant profit de toute la puissance de la technologie, le Groupe est guidé au quotidien par sa raison d’être : libérer les énergies humaines par la technologie pour un avenir inclusif et durable. Fort de plus de 50 ans d’expérience et d’une grande expertise des différents secteurs d’activité, Capgemini est reconnu par ses clients pour répondre à l’ensemble de leurs besoins, de la stratégie et du design jusqu’au management des opérations, en tirant parti des innovations dans les domaines en perpétuelle évolution du cloud, de la data, de l’Intelligence Artificielle, de la connectivité, des logiciels, de l’ingénierie digitale et des plateformes. Le Groupe a réalisé un chiffre d'affaires de 16 milliards d'euros en 2020. Get the Future You Want* - www.capgemini.com. | Culture de l'entreprise : Capgemini Engineering s’appuie sur une culture fortement orientée vers la coopération , plaçant l’humain, la confiance et l’esprit d’équipe au cœur de son fonctionnement. Le management de proximité favorise l’accompagnement, la responsabilisation et le développement des talents dans un environnement bienveillant. Cette dynamique est renforcée par une dimension d’ innovation marquée, encourageant la créativité, l’initiative et l’expérimentation au service de solutions à forte valeur ajoutée. Elle s’appuie également sur une base d’ organisation structurée, garantissant rigueur et fiabilité, tandis que la compétition , plus modérée, soutient une exigence de performance mesurée. | Poste : Rejoignez notre équipe dynamique dans le secteur des Autres services ! Nous recherchons un(e) Stagiaire RSE pour une expérience enrichissante au cœur de Casablanca . Cette opportunité unique vous permettra de contribuer activement à nos initiatives de responsabilité sociale d'entreprise et de développer vos compétences dans un environnement stimulant. L'objectif principal de ce stage est de vous immerger dans le monde de la RSE, en vous donnant l'opportunité de participer à des projets concrets et de comprendre les enjeux de développement durable au sein d'une entreprise. Vous contribuerez à l'analyse, à la mise en œuvre et au suivi de nos stratégies RSE, tout en développant une vision globale des impacts sociaux et environnementaux de nos activités. Vos missions principales incluront : Participation à la définition et à la mise en œuvre de la stratégie RSE de l'entreprise. Accompagnement dans la collecte et l'analyse des données RSE. Contribution à la communication interne et externe sur les actions RSE. Soutien dans l'organisation d'événements et de campagnes liés à la RSE. Veille sur les nouvelles tendances et réglementations en matière de RSE. Aide à la préparation de rapports et de bilans RSE. | Profil recherché : Pour ce stage (PFE /Libre), un niveau Bac +4 est souhaité, avec une spécialisation en Management des Risques et RSE, en Stratégie, Développement Durable et RSE, en Développement Durable, en Environnement, ou en Politiques Publiques. Nous recherchons un(e) candidat(e) doté(e) d’un excellent sens de l’organisation, d’une forte capacité d’analyse et d’une réelle envie d’apprendre. Vos compétences en communication, votre autonomie et votre proactivité constitueront des atouts essentiels pour réussir dans cette mission. La maîtrise des outils bureautiques est également indispensable. Compétences requises : Capacité d’analyse et de synthèse Excellent relationnel et esprit d’équipe Autonomie et sens de l’initiative Bonne expression écrite et orale Maîtrise des outils bureautiques (Pack Office)",Besoin d'objectivité | Flexibilité | Travail en équipe | Ambition | Organisation,https://www.rekrute.com/offre-emploi-stagiaire-rse-recrutement-capgemini-engineering-casablanca-180949.html,N/A,2026-04-22T23:41:23.001490
rekrute,Technicien (ne) planche de bord automobile | Casablanca (Maroc),Capgemini Engineering,Casablanca et région - Maroc,CDI,Gestion projet / Etudes / R&D                                                                 - Secteur Automobile / Motos / Cycles,Intermédiaire (3 à 5 ans),Bac +3 - DEUG - Formation spécialisée,N/A,"Entreprise : Capgemini Engineering est la marque du groupe Capgemini réunissant les services d'ingénierie et de R&D d’Altran, leader mondial du secteur dont Capgemini a finalisé l’acquisition en 2020, et l’expertise de Capgemini dans le domaine du digital manufacturing. Grâce à une connaissance sectorielle approfondie et à la maîtrise des technologies digitales et logicielles de pointe, Capgemini Engineering accompagne la convergence des mondes physique et numérique. Conjuguée avec l’ensemble des capacités du Groupe, elle aide les entreprises à accélérer leur transformation vers l'Intelligent Industry. Capgemini Engineering compte plus de 52 000 ingénieurs et scientifiques dans plus de 30 pays, dans des secteurs tels que l'aéronautique, l'automobile, le ferroviaire, les communications, l'énergie, les sciences de la vie, les semi-conducteurs, les logiciels et l'Internet, le spatial et la défense, et les biens de consommation. Capgemini Engineering fait partie du groupe Capgemini, un leader mondial, responsable et multiculturel, regroupant 300 000 personnes dans près de 50 pays. Partenaire stratégique des entreprises pour la transformation de leurs activités en tirant profit de toute la puissance de la technologie, le Groupe est guidé au quotidien par sa raison d’être : libérer les énergies humaines par la technologie pour un avenir inclusif et durable. Fort de plus de 50 ans d’expérience et d’une grande expertise des différents secteurs d’activité, Capgemini est reconnu par ses clients pour répondre à l’ensemble de leurs besoins, de la stratégie et du design jusqu’au management des opérations, en tirant parti des innovations dans les domaines en perpétuelle évolution du cloud, de la data, de l’Intelligence Artificielle, de la connectivité, des logiciels, de l’ingénierie digitale et des plateformes. Le Groupe a réalisé un chiffre d'affaires de 16 milliards d'euros en 2020. Get the Future You Want* - www.capgemini.com. | Culture de l'entreprise : Capgemini Engineering s’appuie sur une culture fortement orientée vers la coopération , plaçant l’humain, la confiance et l’esprit d’équipe au cœur de son fonctionnement. Le management de proximité favorise l’accompagnement, la responsabilisation et le développement des talents dans un environnement bienveillant. Cette dynamique est renforcée par une dimension d’ innovation marquée, encourageant la créativité, l’initiative et l’expérimentation au service de solutions à forte valeur ajoutée. Elle s’appuie également sur une base d’ organisation structurée, garantissant rigueur et fiabilité, tandis que la compétition , plus modérée, soutient une exigence de performance mesurée. | Poste : Rejoignez notre équipe dynamique dans le secteur des Autres services à Casablanca ! Nous recherchons une Technicienne planche de bord automobile passionnée pour contribuer à l'innovation et à la qualité de nos produits. C'est une opportunité unique de façonner l'avenir de l'automobile dans un environnement stimulant. Votre rôle sera essentiel dans le pilotage des projets liés à la planche de bord, assurant le respect des spécifications techniques et des délais. Vous serez un acteur clé dans l'atteinte de nos objectifs de performance et de qualité, en apportant une expertise technique pointue. Vos missions comprendront la coordination des différentes étapes de développement, depuis la conception jusqu'à la mise en production. Vous serez responsable du suivi des avancements techniques , de la gestion des interfaces avec les équipes d'ingénierie et de production, et de la résolution des problématiques rencontrées. Une partie de votre rôle impliquera également la réalisation d' études de faisabilité et la proposition d' améliorations continues . Participation à la définition des cahiers des charges. Suivi des essais et validations. Analyse des retours qualité et mise en place d'actions correctives. | Profil recherché : Un diplôme de niveau Bac +3 est requis, idéalement dans le domaine de la Gestion de projet , des Études ou de la R&D automobile. Une expérience professionnelle de 3 à 5 ans dans un rôle similaire, idéalement dans l'industrie automobile, est attendue. Ce bagage vous permettra de comprendre rapidement nos enjeux et de contribuer efficacement dès votre intégration. Nous recherchons une personne dotée d'un excellent sens de l'organisation et d'une forte capacité d'analyse . Votre rigueur et votre aptitude à résoudre des problèmes complexes seront des atouts majeurs. Une bonne maîtrise des outils de gestion de projet et une connaissance approfondie des systèmes embarqués automobiles sont indispensables. Excellente communication et travail d'équipe. Adaptabilité et proactivité. Maîtrise des logiciels de CAO/DAO et PLM est un plus.",Créativité | Flexibilité | Travail en équipe | Organisation,https://www.rekrute.com/offre-emploi-technicien-ne-planche-de-bord-automobile-recrutement-capgemini-engineering-casablanca-181072.html,N/A,2026-04-22T23:41:24.874331
rekrute,Stagiaire RH | Casablanca (Maroc),Capgemini Engineering,Casablanca et région - Maroc,Stage,RH / Personnel / Formation                                                                 - Secteur Conseil / Etudes,Débutant (-1 an),Bac +5 et plus - Ecole de commerce - Master,N/A,"Entreprise : Capgemini Engineering est la marque du groupe Capgemini réunissant les services d'ingénierie et de R&D d’Altran, leader mondial du secteur dont Capgemini a finalisé l’acquisition en 2020, et l’expertise de Capgemini dans le domaine du digital manufacturing. Grâce à une connaissance sectorielle approfondie et à la maîtrise des technologies digitales et logicielles de pointe, Capgemini Engineering accompagne la convergence des mondes physique et numérique. Conjuguée avec l’ensemble des capacités du Groupe, elle aide les entreprises à accélérer leur transformation vers l'Intelligent Industry. Capgemini Engineering compte plus de 52 000 ingénieurs et scientifiques dans plus de 30 pays, dans des secteurs tels que l'aéronautique, l'automobile, le ferroviaire, les communications, l'énergie, les sciences de la vie, les semi-conducteurs, les logiciels et l'Internet, le spatial et la défense, et les biens de consommation. Capgemini Engineering fait partie du groupe Capgemini, un leader mondial, responsable et multiculturel, regroupant 300 000 personnes dans près de 50 pays. Partenaire stratégique des entreprises pour la transformation de leurs activités en tirant profit de toute la puissance de la technologie, le Groupe est guidé au quotidien par sa raison d’être : libérer les énergies humaines par la technologie pour un avenir inclusif et durable. Fort de plus de 50 ans d’expérience et d’une grande expertise des différents secteurs d’activité, Capgemini est reconnu par ses clients pour répondre à l’ensemble de leurs besoins, de la stratégie et du design jusqu’au management des opérations, en tirant parti des innovations dans les domaines en perpétuelle évolution du cloud, de la data, de l’Intelligence Artificielle, de la connectivité, des logiciels, de l’ingénierie digitale et des plateformes. Le Groupe a réalisé un chiffre d'affaires de 16 milliards d'euros en 2020. Get the Future You Want* - www.capgemini.com. | Culture de l'entreprise : Capgemini Engineering s’appuie sur une culture fortement orientée vers la coopération , plaçant l’humain, la confiance et l’esprit d’équipe au cœur de son fonctionnement. Le management de proximité favorise l’accompagnement, la responsabilisation et le développement des talents dans un environnement bienveillant. Cette dynamique est renforcée par une dimension d’ innovation marquée, encourageant la créativité, l’initiative et l’expérimentation au service de solutions à forte valeur ajoutée. Elle s’appuie également sur une base d’ organisation structurée, garantissant rigueur et fiabilité, tandis que la compétition , plus modérée, soutient une exigence de performance mesurée. | Poste : Rejoignez notre entreprise dynamique dans le secteur d'ingénierie, basée à Casablanca , en tant que Stagiaire RH . C'est une opportunité unique de plonger au cœur de la gestion des ressources humaines et de contribuer activement à notre succès. L'objectif principal de ce stage est de vous permettre d'acquérir une expérience pratique significative dans divers aspects de la fonction RH, tout en apportant un soutien précieux à notre équipe. Vous serez amené(e) à participer à des projets stimulants et à développer vos compétences professionnelles dans un environnement bienveillant. Vos missions quotidiennes seront variées et enrichissantes. Vous assisterez l'équipe dans le suivi administratif du personnel, la gestion des processus de recrutement (publication d'offres, tri de CV, organisation d'entretiens). Vous aurez également l'occasion de contribuer à des projets transverses visant à améliorer l'expérience collaborateur. | Profil recherché : Pour prétendre à ce stage, un niveau d'études Bac +5 et plus est requis, avec une spécialisation privilégiée en RH, Personnel ou Formation . Une première expérience, même en stage serait un atout considérable pour appréhender pleinement les missions proposées. Nous recherchons une personne dotée d'une grande rigueur, d'une excellente capacité d'organisation et d'un sens relationnel aiguisé. Une bonne maîtrise des outils informatiques, notamment la suite Office, est indispensable. La curiosité, l'autonomie et une forte envie d'apprendre seront vos meilleurs alliés pour réussir dans ce rôle. Les compétences suivantes sont importantes : Capacité d'analyse et de synthèse Esprit d'équipe Bonne communication écrite et orale Discrétion et confidentialité",Extraversion | Rationalisme | Flexibilité | Besoin d'action | Organisation,https://www.rekrute.com/offre-emploi-stagiaire-rh-recrutement-capgemini-engineering-casablanca-181132.html,N/A,2026-04-22T23:41:26.980030
rekrute,Stagiaire en finance | Casablanca (Maroc),Capgemini Engineering,Casablanca et région - Maroc,Stage,Banque (métiers de la) - Gestion / Comptabilité / Finance - Secteur Banque / Finance,Débutant (-1 an),Bac +3 - Ecole de commerce - Formation spécialisée,N/A,"Entreprise : Capgemini Engineering est la marque du groupe Capgemini réunissant les services d'ingénierie et de R&D d’Altran, leader mondial du secteur dont Capgemini a finalisé l’acquisition en 2020, et l’expertise de Capgemini dans le domaine du digital manufacturing. Grâce à une connaissance sectorielle approfondie et à la maîtrise des technologies digitales et logicielles de pointe, Capgemini Engineering accompagne la convergence des mondes physique et numérique. Conjuguée avec l’ensemble des capacités du Groupe, elle aide les entreprises à accélérer leur transformation vers l'Intelligent Industry. Capgemini Engineering compte plus de 52 000 ingénieurs et scientifiques dans plus de 30 pays, dans des secteurs tels que l'aéronautique, l'automobile, le ferroviaire, les communications, l'énergie, les sciences de la vie, les semi-conducteurs, les logiciels et l'Internet, le spatial et la défense, et les biens de consommation. Capgemini Engineering fait partie du groupe Capgemini, un leader mondial, responsable et multiculturel, regroupant 300 000 personnes dans près de 50 pays. Partenaire stratégique des entreprises pour la transformation de leurs activités en tirant profit de toute la puissance de la technologie, le Groupe est guidé au quotidien par sa raison d’être : libérer les énergies humaines par la technologie pour un avenir inclusif et durable. Fort de plus de 50 ans d’expérience et d’une grande expertise des différents secteurs d’activité, Capgemini est reconnu par ses clients pour répondre à l’ensemble de leurs besoins, de la stratégie et du design jusqu’au management des opérations, en tirant parti des innovations dans les domaines en perpétuelle évolution du cloud, de la data, de l’Intelligence Artificielle, de la connectivité, des logiciels, de l’ingénierie digitale et des plateformes. Le Groupe a réalisé un chiffre d'affaires de 16 milliards d'euros en 2020. Get the Future You Want* - www.capgemini.com. | Culture de l'entreprise : Capgemini Engineering s’appuie sur une culture fortement orientée vers la coopération , plaçant l’humain, la confiance et l’esprit d’équipe au cœur de son fonctionnement. Le management de proximité favorise l’accompagnement, la responsabilisation et le développement des talents dans un environnement bienveillant. Cette dynamique est renforcée par une dimension d’ innovation marquée, encourageant la créativité, l’initiative et l’expérimentation au service de solutions à forte valeur ajoutée. Elle s’appuie également sur une base d’ organisation structurée, garantissant rigueur et fiabilité, tandis que la compétition , plus modérée, soutient une exigence de performance mesurée. | Poste : En tant que stagiaire en finance, vous serez intégré(e) au département financier et aurez pour objectif principal de soutenir les équipes dans leurs missions quotidiennes. Il s'agit d'une immersion complète dans le monde de la finance d'entreprise, vous permettant d'acquérir une expérience précieuse et de comprendre les rouages de la gestion financière. Vous contribuerez activement à l'atteinte des objectifs financiers du service. Vos missions principales incluront : Gestion administrative avec les établissements bancaires Suivi des signatures et des courses liées aux opérations bancaires Suivi des encaissements et décaissements Participation à diverses tâches de support selon les besoins | Profil recherché : Niveau Bac +3 en économie ou finance Maîtrise du français et de l’anglais Durée de stage : 6 mois Disponibilité : immédiate Bonne capacité d’organisation et de rigueur Si vous êtes une personne organisée, curieuse et désireuse d'apprendre, ce stage est une opportunité parfaite pour vous.",Implication au travail | Organisation,https://www.rekrute.com/offre-emploi-stagiaire-en-finance-recrutement-capgemini-engineering-casablanca-181358.html,N/A,2026-04-22T23:41:29.766424
rekrute,Technicien maintenance - électromécanicien | Casablanca (Maroc),N/A,Casablanca et région - Maroc,CDI,Méthodes / Process / Industrialisation - Production / Qualité / Sécurité / Maintenance - Secteur Agroalimentaire								- Autres Industries,Junior (1 à 3 ans),Bac +2 Minimum - BTS / DUT,N/A,"Entreprise : | Poste : Rattaché au Chef d'équipe, vos missions sont : Veiller au bon fonctionnement des équipements de l'usine. ? Intervenir aux travaux de réparation et de rénovation.? Veiller au bon état des outils d'entretien. Activités du poste : 1- Entretien et maintenance :? Appliquer les consignes du chef d'équipe d'entretien.? Assurer la réparation du matériel en défaillance.? Participer aux travaux de rénovation.? Contrôler l'état des équipements de l'usine et suivre leur fonctionnement.? Appliquer la maintenance préventive et curative et rendre compte au chef d'équipe des constations.? Remplir les fiches de tâches journalières.? Respecter la procédure de travail et de sécurité.? 2- Qualité :? Appliquer et faire appliquer les procédures de qualité et de remontée de l'information.? S'assurer que les solutions proposées et les informations communiquées sont conformes aux procédures en vigueur.? Engager les actions correctives pour remédier aux déficiences trouvées lors des audits qualité.? Proposer toute action de nature à atteindre les objectifs de l'entreprise en matière de qualité.? Etre associé à toutes les études de nature à atteindre l'objectif de qualité totale.? | Profil recherché : De formation technique, vous disposez d'un diplôme de technicien spécialisé en maintenance automatisme et instrumentation, électrique. Vous justifiez d'une expérience entre 2 ans minimum en milieu industriel (Maintenance), dans un poste similaire.",Respect des règles | Rationalisme | Travail en équipe | Besoin d'objectivité | Flexibilité | Implication au travail | Humilité | Organisation,https://www.rekrute.com/offre-emploi-technicien-maintenance---electromecanicien-recrutement-confidentiel-casablanca-182072.html,N/A,2026-04-22T23:41:40.133836
rekrute,Comptable Confirmé (H/F) | Casablanca (Maroc),PwC développe au Maroc des missions d’audit,Casablanca et région - Maroc,CDI,Gestion / Comptabilité / Finance                                                                 - Secteur Comptabilité / Audit,Intermédiaire (3 à 5 ans),Bac +5 et plus Minimum - Master,N/A,"Entreprise : PwC développe au Maroc des missions d’audit, d’expertise comptable et de conseil créatrices de valeur pour ses clients, privilégiant des approches sectorielles. Dans le monde, plus de 236 000 personnes travaillent en réseau dans 158 pays, partageant points de vues, expériences et solutions pour proposer des perspectives innovantes et des conseils adaptés à chaque problématique. Au Maroc, PwC développe cette approche à travers deux entités juridiques, membres du réseau international PwC : PwC Maroc (Audit, Expertise Comptable et Conseil Fiscal) et PwC Advisory (Stratégie et Consulting, Fusions et Acquisitions et Conseil Juridique). PwC Maroc et PwC Advisory travaillent en étroite collaboration avec l’ensemble des autres entités membres du réseau international PwC. Elles peuvent ainsi faire bénéficier leurs clients, au Maroc, des expertises techniques et sectorielles de l’ensemble du réseau et apporter ainsi des prestations à haute valeur ajoutée. PwC rassemble aujourd'hui 12 Associés et plus de 200 collaborateurs, au sein de deux bureaux à Casablanca. Ceci lui permet d’offrir à ses clients, depuis Casablanca, une réactivité, une proximité et une connaissance accrue du tissu économique local. | Culture de l'entreprise : PwC se caractérise par une culture fortement structurée et orientée organisation , où la rigueur des processus, la fiabilité et l’exigence de qualité constituent des piliers de la performance. Cette approche est étroitement complétée par une dimension collaborative de même intensité , favorisant la confiance, l’engagement collectif et un management de proximité axé sur l’accompagnement des talents. La recherche de résultats mesurables et la réputation du cabinet introduisent une logique de compétition maîtrisée , tandis que l’innovation, bien que présente, demeure plus encadrée et secondaire. | Poste : PwC au Maroc recrute un(e) Comptable Confirmé(e) (H/F) à Casablanca. Missions et Responsabilités : • Assurer la réalisation des opérations comptables ; • Réaliser les travaux d’analyse de comptes comptables ; • Réaliser les travaux de rapprochements bancaires et produire les états correspondants ; • Réaliser les travaux de réconciliation d’opérations inter-filiales et produire les états correspondants ; • Préparer les états de déclaration de TVA et les dossiers de remboursement correspondants ; • Réaliser les travaux relatifs à la clôture comptable (provisions, OD, régularisations comptables...). | Profil recherché : • Bac+5 en comptabilité ou équivalent. • Vous disposez d’une expérience de 3 à 5 années acquise en cabinet d’expertise comptable ou en direction financière, • Maîtrise souhaitée de SAP et de Microsoft Office (Excel, PowerPoint, …), Qualités attendues : - Bonnes capacités de communication - Rigueur - Esprit d’analyse et de synthèse - Proactivité - Sens de l’organisation - Ecoute - Aisance relationnelle",Respect des règles | Rationalisme | Conventionnel | Besoin d'objectivité | Organisation,https://www.rekrute.com/offre-emploi-comptable-confirme-hf-recrutement-pwc-casablanca-182071.html,N/A,2026-04-22T23:41:44.259876
rekrute,Conseiller Clientèle Krona / Midar / Kassita (H/F) | Nador (Maroc),Avec son modèle de banque universelle,Oujda et région - Maroc,CDI,Banque (métiers de la)                                                                 - Secteur Banque / Finance,Débutant (-1 an),Bac +5 et plus Minimum - Master,"• Intégrer une banque leader sur le marché financier tourné vers l’humain et l’innovation et certifiée Top Employeur pour 4 années consécutives . • Bénéficiez d’un environnement de travail stimulant avec nombreuses opportunités de développement professionnel. • Profitez d’avantages compétitifs (rémunération attractive, formations continues, etc).","Entreprise : Avec son modèle de banque universelle, sa dimension panafricaine, la complémentarité de ses métiers et ses expertises solides, le Groupe Attijariwafa bank est un acteur de référence du secteur financier au Maroc et en Afrique. Attijariwafa bank a su, depuis plus d’un siècle, se réinventer en diversifiant ses métiers, en renouvelant ses offres et en adaptant ses organisations, pour répondre à son ambition de devenir la banque relationnelle de référence. Le Groupe Attijariwafa bank accompagne aujourd’hui près de 10,2 millions de clients particuliers, professionnels, entreprises et institutionnels et mobilise 20 602 collaborateurs dans 25 pays en Afrique, en Europe et au Moyen-Orient. NOUVEAUTÉ : Découvrez notre 2ème colloque «Talents africains groupe attijariwafa bank» en cliquant ici Premier financeur de l’économie nationale, premier collecteur de l’épargne et premier acteur des paiements électroniques au Maroc, les différentes performances du Groupe Attijariwafa bank le confortent dans ses choix stratégiques et le positionnent comme leader incontesté du secteur bancaire et financier national. Le Groupe est un acteur bancaire et financier de premier plan à l'échelle de la région et dispose du réseau d'agences le plus large en Afrique avec plus 5265 Agences bancaires. | Culture de l'entreprise : Attijariwafa bank développe une culture majoritairement orientée coopération , plaçant l’humain, la confiance et l’esprit d’équipe au cœur de son fonctionnement. L’entreprise favorise un management de proximité, fondé sur l’accompagnement, la responsabilisation et la qualité des relations professionnelles. Cette approche collaborative est complétée par une forte exigence de performance, valorisant l’ambition, le dépassement de soi et l’orientation client. Elle intègre également une dynamique d’innovation, encadrée par des processus structurés garantissant fiabilité, efficacité et maîtrise des activités. | Poste : Dans le cadre de développement de notre activité, nous recherchons des Conseillers(ères) Clientèles dynamiques et motivé(es). Vous serez l’interlocuteur privilégié de nos clients en les accompagnant dans leurs projets financiers et en leur proposant des solutions adaptées à leurs besoins. Si vous répondez à ces critères et que vous souhaitez évoluer dans un environnement stimulant, alors cette opportunité est pour vous. En tant que Conseiller(ère) Clientèle , vous serez directement rattaché au Responsable d’agence. Vos responsabilités incluront : • Gérer et développer un portefeuille clients (particuliers et professionnels). • Identifier les besoins des clients et leur proposer des produits et services bancaires adaptés (épargne, crédits, assurances…). • Fidéliser et conseiller les clients. • Développer l’activité commerciale à travers la prospection. • Veiller au respect des procédures internes et des normes en vigueur. | Profil recherché : Profil recherché : • De Formation Bac+5 Ecoles de Commerce ou équivalent, vous débutez ou justifiez d’une première expérience dans le domaine commercial idéalement en milieu financier. • Vous avez une capacité d’écoute, une aisance relationnelle et le sens du conseil. • Vous êtes dynamique, autonome et avez l’esprit d’équipe. Pourquoi nous rejoindre ? • Intégrer une banque leader sur le marché financier tourné vers l’humain et l’innovation et certifiée Top Employeur pour 4 années consécutives . • Bénéficiez d’un environnement de travail stimulant avec nombreuses opportunités de développement professionnel. • Profitez d’avantages compétitifs (rémunération attractive, formations continues, etc). Envoyez-nous votre CV, nous sommes impatients de découvrir votre profil !",Volonté de persuasion | Conventionnel | Flexibilité | Implication au travail,https://www.rekrute.com/offre-emploi-conseiller-clientele-krona-midar-kassita-hf-recrutement-attijariwafa-bank-nador-182070.html,N/A,2026-04-22T23:41:48.496164
rekrute,Gestionnaire Clientèle - Krona / Midar / Kasseta (H/F) | Nador (Maroc),Avec son modèle de banque universelle,Kénitra et région - Maroc,Autre,Banque (métiers de la)                                                                 - Secteur Banque / Finance,Débutant (-1 an),Bac +3 Minimum,"• Intégrer une banque leader sur le marché financier tourné vers l’humain et l’innovation et certifiée Top Employeur pour 4 années consécutives . • Bénéficiez d’un environnement de travail stimulant avec nombreuses opportunités de développement professionnel. • Profitez d’avantages compétitifs (rémunération attractive, formations continues, etc).","Entreprise : Avec son modèle de banque universelle, sa dimension panafricaine, la complémentarité de ses métiers et ses expertises solides, le groupe Attijariwafa bank est un acteur de référence du secteur financier au Maroc et en Afrique. Attijariwafa bank a su, depuis plus d’un siècle, se réinventer en diversifiant ses métiers, en renouvelant ses offres et en adaptant ses organisations, pour répondre à son ambition de devenir la banque relationnelle de référence. Le groupe Attijariwafa bank accompagne aujourd’hui 12 millions de clients particuliers, professionnels, entreprises et institutionnels et mobilise 20.900 collaborateurs dans 26 pays en Afrique, en Europe et au Moyen-Orient. | Culture de l'entreprise : Attijariwafa bank développe une culture majoritairement orientée coopération , plaçant l’humain, la confiance et l’esprit d’équipe au cœur de son fonctionnement. L’entreprise favorise un management de proximité, fondé sur l’accompagnement, la responsabilisation et la qualité des relations professionnelles. Cette approche collaborative est complétée par une forte exigence de performance, valorisant l’ambition, le dépassement de soi et l’orientation client. Elle intègre également une dynamique d’innovation, encadrée par des processus structurés garantissant fiabilité, efficacité et maîtrise des activités. | Poste : Dans le cadre de développement de notre activité, nous recherchons des Gestionnaires Clientèles dynamiques et motivé(es). Si vous répondez à ces critères et que vous souhaitez évoluer dans un environnement stimulant, alors cette opportunité est pour vous. En tant que Gestionnaire Clientèle , vos responsabilités incluront : • Accueillir et orienter les clients particuliers et professionnels. • Prendre en charge la gestion de la caisse et procéder aux opérations courantes de la banque (versement, retraits, virements…). • Assurer, avec le Gestionnaire Clientèle Principal ou le Responsable d'Agence, la gestion de la trésorerie (appel ou ramassage des fonds, alimentation du GAB). • Procéder au traitement des valeurs et à la centralisation des journées comptables. • Développer un portefeuille clients et commercialiser des produits bancaires simplifiés. • Veiller au respect des procédures internes et des normes en vigueur. | Profil recherché : • De formation Bac+2/ Bac+3 : BTS, DTS, DUT, DEUG ou Licence avec une spécialité en Economie et gestion, Comptabilité Finance ou Commerce Marketing • Vous êtes dynamique, autonome et avez l’esprit d’équipe. Pourquoi nous rejoindre ? • Intégrer une banque leader sur le marché financier tourné vers l’humain et l’innovation et certifiée Top Employeur pour 4 années consécutives . • Bénéficiez d’un environnement de travail stimulant avec nombreuses opportunités de développement professionnel. • Profitez d’avantages compétitifs (rémunération attractive, formations continues, etc). Envoyez-nous votre CV, nous sommes impatients de découvrir votre profil !",Volonté de persuasion | Conventionnel | Flexibilité | Implication au travail,https://www.rekrute.com/offre-emploi-gestionnaire-clientele---krona-midar-kasseta-hf-recrutement-attijariwafa-bank-nador-182069.html,N/A,2026-04-22T23:41:57.873696
rekrute,Gestionnaire Clientèle - Réseau Beni Nssar / Driouech (H/F) | Nador (Maroc),Avec son modèle de banque universelle,Kénitra et région - Maroc,Autre,Banque (métiers de la)                                                                 - Secteur Banque / Finance,Débutant (-1 an),Bac +3 Minimum,"• Intégrer une banque leader sur le marché financier tourné vers l’humain et l’innovation et certifiée Top Employeur pour 4 années consécutives . • Bénéficiez d’un environnement de travail stimulant avec nombreuses opportunités de développement professionnel. • Profitez d’avantages compétitifs (rémunération attractive, formations continues, etc).","Entreprise : Avec son modèle de banque universelle, sa dimension panafricaine, la complémentarité de ses métiers et ses expertises solides, le groupe Attijariwafa bank est un acteur de référence du secteur financier au Maroc et en Afrique. Attijariwafa bank a su, depuis plus d’un siècle, se réinventer en diversifiant ses métiers, en renouvelant ses offres et en adaptant ses organisations, pour répondre à son ambition de devenir la banque relationnelle de référence. Le groupe Attijariwafa bank accompagne aujourd’hui 12 millions de clients particuliers, professionnels, entreprises et institutionnels et mobilise 20.900 collaborateurs dans 26 pays en Afrique, en Europe et au Moyen-Orient. | Culture de l'entreprise : Attijariwafa bank développe une culture majoritairement orientée coopération , plaçant l’humain, la confiance et l’esprit d’équipe au cœur de son fonctionnement. L’entreprise favorise un management de proximité, fondé sur l’accompagnement, la responsabilisation et la qualité des relations professionnelles. Cette approche collaborative est complétée par une forte exigence de performance, valorisant l’ambition, le dépassement de soi et l’orientation client. Elle intègre également une dynamique d’innovation, encadrée par des processus structurés garantissant fiabilité, efficacité et maîtrise des activités. | Poste : Dans le cadre de développement de notre activité, nous recherchons des Gestionnaires Clientèles dynamiques et motivé(es). Si vous répondez à ces critères et que vous souhaitez évoluer dans un environnement stimulant, alors cette opportunité est pour vous. En tant que Gestionnaire Clientèle , vos responsabilités incluront : • Accueillir et orienter les clients particuliers et professionnels. • Prendre en charge la gestion de la caisse et procéder aux opérations courantes de la banque (versement, retraits, virements…). • Assurer, avec le Gestionnaire Clientèle Principal ou le Responsable d'Agence, la gestion de la trésorerie (appel ou ramassage des fonds, alimentation du GAB). • Procéder au traitement des valeurs et à la centralisation des journées comptables. • Développer un portefeuille clients et commercialiser des produits bancaires simplifiés. • Veiller au respect des procédures internes et des normes en vigueur. | Profil recherché : • De formation Bac+2/ Bac+3 : BTS, DTS, DUT, DEUG ou Licence avec une spécialité en Economie et gestion, Comptabilité Finance ou Commerce Marketing • Vous êtes dynamique, autonome et avez l’esprit d’équipe. Pourquoi nous rejoindre ? • Intégrer une banque leader sur le marché financier tourné vers l’humain et l’innovation et certifiée Top Employeur pour 4 années consécutives . • Bénéficiez d’un environnement de travail stimulant avec nombreuses opportunités de développement professionnel. • Profitez d’avantages compétitifs (rémunération attractive, formations continues, etc). Envoyez-nous votre CV, nous sommes impatients de découvrir votre profil !",Volonté de persuasion | Conventionnel | Flexibilité | Implication au travail,https://www.rekrute.com/offre-emploi-gestionnaire-clientele---reseau-beni-nssar-driouech-hf-recrutement-attijariwafa-bank-nador-182068.html,N/A,2026-04-22T23:42:00.833927
rekrute,Technicien de Maintenance | Casablanca (Maroc),Sothema,Casablanca et région - Maroc,CDI,Production / Qualité / Sécurité / Maintenance                                                                 - Secteur Autres Industries,Intermédiaire (3 à 5 ans) - Confirmé (5 à 10 ans),Bac +3 Minimum - Formation spécialisée,N/A,"Entreprise : Sothema, Des Energies Unies pour la Vie. Sothema est un laboratoire pharmaceutique marocain, spécialisé dans la fabrication et la commercialisation de médicaments depuis 1976. Avec plus de 250 produits fabriqués, Sothema représente 35 laboratoires commettants internationaux parmi les leaders au Monde dans la Recherche & Développement. Disposant d'un outil industriel à la pointe de l'innovation, Sothema bénéficie d'une expertise reconnue lui permettant d'être l'unique producteur d'insuline et de collyres au Maroc, et de se positionner comme leader dans la fabrication de sérums en poches souples et de céphalosporines. Grâce à ses unités de blocs stériles, Sothema se spécialise également dans les formes pharmaceutiques injectables telles que les seringues pré-remplies, les ampoules et les flacons injectables. Son usine des injectables est la plus grande d'Afrique. Les activités de Sothema sont certifiées en conformité avec les normes internationales de qualité (ISO) et de fabrication (BPF et GMP) : France, Belgique, Hollande, Allemagne, Portugal... | Culture de l'entreprise : Sothema évolue dans une culture orientée vers la performance et la compétition , où l’ambition, l’exigence de résultats et l’orientation client structurent les priorités. Cette dynamique est étroitement équilibrée par une culture collaborative , favorisant la confiance, l’engagement des équipes et un management de proximité. L’entreprise s’appuie également sur une organisation rigoureuse , garantissant efficacité, qualité et respect des processus. Enfin, une dimension d’innovation complète cet ensemble, soutenant l’adaptation et l’évolution des pratiques. | Poste : Rejoignez une entreprise de référence dans le secteur Pharmacie / Santé et contribuez à notre succès en tant que Technicien de Maintenance au cœur de Casablanca . C'est une opportunité unique de mettre votre expertise au service d'une structure dynamique et innovante. Votre rôle sera essentiel pour garantir la pérennité et la performance de nos équipements. L'objectif principal est de maintenir un environnement de production optimal en intervenant avec réactivité et précision sur tous les aspects techniques. Vos responsabilités engloberont la maintenance préventive et curative des installations, la gestion des pannes, le suivi des interventions et la participation à l'amélioration continue des processus. Vous serez amené(e) à réaliser les tâches suivantes : Diagnostiquer les dysfonctionnements techniques sur divers équipements. Effectuer les opérations de maintenance préventive selon les plans établis. Intervenir rapidement en cas de panne pour minimiser les arrêts de production. Rédiger les rapports d'intervention et tenir à jour la documentation technique. Collaborer avec les équipes de production et de qualité pour assurer un fonctionnement fluide. Participer à la mise en place de nouvelles installations ou à la modification des équipements existants. | Profil recherché : Pour prospérer dans ce rôle, une formation de niveau Bac +3 est requise. Une spécialisation dans les domaines de la Production, Qualité, Sécurité ou Maintenance serait un atout majeur. Nous recherchons une personne avec une expérience significative, idéalement comprise entre 3 et 10 ans , dans des fonctions similaires. Une expérience dans le secteur pharmaceutique est un plus apprécié. Vous possédez une solide connaissance des technologies de maintenance industrielle et une aptitude démontrée pour la résolution de problèmes complexes. Vos compétences clés incluent : Maîtrise des techniques de maintenance électromécanique, pneumatique et hydraulique. Capacité à lire et interpréter des schémas techniques. Rigueur, autonomie et sens de l'organisation. Excellent esprit d'analyse et de synthèse. Bonnes aptitudes relationnelles pour interagir avec les différentes équipes. Connaissance des normes de sécurité et de qualité dans l'industrie pharmaceutique serait un avantage certain. Si votre profil correspond à cette description et que vous aspirez à relever ce défi, n'hésitez plus et postulez dès maintenant !",Recherche de nouveauté | Créativité | Flexibilité | Besoin d'action | Travail en équipe | Implication au travail | Ambition | Organisation,https://www.rekrute.com/offre-emploi-technicien-de-maintenance-recrutement-sothema-casablanca-182067.html,N/A,2026-04-22T23:42:04.131492
rekrute,Responsable Applicatif | Casablanca (Maroc),Présent depuis 1997 au Maroc,Casablanca et région - Maroc,CDI,Informatique / Electronique                                                                 - Secteur Informatique,Confirmé (5 à 10 ans),Bac +4 Minimum - Ecole d'ingénieur - Master,N/A,"Entreprise : Présent depuis 1997 au Maroc, Manpower Group est un acteur international incontournable de l’emploi et de l’insertion sociale dans le monde. Au sein du Royaume Chérifien, nous couvrons l’ensemble du territoire, de Tanger à Laayoune. Nos équipes sont formées pour appuyer les entreprises dans la promotion de l’excellence en matière de gestion du capital humain : Intérim, CDD/CDI, Solutions & Ingénierie RH, Développement du capital humain… Pour nos salariés intérimaires , nous proposons une expérience unique, notamment avec la déclaration de 100% des heures travaillées, la mise en place d’une mutuelle pour tous et un accompagnement personnalisé pour les démarches administratives (bancarisation, CNSS…). Pour nos candidats , nous offrons, conformément aux standards mondiaux de Manpower Group, un processus de sélection, d’évaluation et d’accompagnement à la réussite dans leur nouvelle mission. | Poste : Mission principale : Garantir la disponibilité, la performance et l'évolution du parc applicatif de l'entreprise (ERP, applications métiers, outils collaboratifs, etc.) en cohérence avec les besoins des métiers et la stratégie SI. Responsabilités principales Piloter le cycle de vie des applications : conception, intégration, maintenance, obsolescence. Superviser les prestataires et éditeurs d'applications (contrats, SLA, livrables). Être l'interlocuteur privilégié des directions métiers (finance, logistique, RH, ventes, etc.). Piloter les projets applicatifs : cadrage, planification, recette, mise en production . Garantir la cohérence fonctionnelle et technique du SI (urbanisation, interopérabilité). Contribuer à la gouvernance applicative (catalogue, référentiel, roadmap). Assurer la supervision du support applicatif (niveaux 2 & 3). | Profil recherché : Compétences techniques: Connaissance approfondie des ERP (SAP, Sage Tréso, Dynamics...) et des systèmes métiers. Maitrise de module FI-CO Maîtrise de la gestion de projets (Cycle en V / Agile). Bon niveau sur les bases de données, interfaces (API, EDI, middleware). Compréhension des architectures applicatives (web, cloud, mobile). Compétences comportementales: Sens de l'écoute et de la médiation. Capacité à traduire un besoin métier en solution technique. Leadership transverse et capacité d'arbitrage. Indicateurs de performance (KPI): Taux de disponibilité des applications critiques. Respect des délais et budgets projets Nombre d'incidents récurrents / correctifs",Recherche de nouveauté | Flexibilité | Besoin de réflexion | Besoin d'autonomie | Implication au travail | Ambition | Organisation,https://www.rekrute.com/offre-emploi-responsable-applicatif-recrutement-manpower-agences-casablanca-182066.html,N/A,2026-04-22T23:42:07.479637
rekrute,Responsable Infrastructure | Casablanca (Maroc),Présent depuis 1997 au Maroc,Casablanca et région - Maroc,CDI,Informatique / Electronique                                                                 - Secteur Informatique,Confirmé (5 à 10 ans),Bac +4 Minimum - Ecole d'ingénieur - Master,N/A,"Entreprise : Présent depuis 1997 au Maroc, Manpower Group est un acteur international incontournable de l’emploi et de l’insertion sociale dans le monde. Au sein du Royaume Chérifien, nous couvrons l’ensemble du territoire, de Tanger à Laayoune. Nos équipes sont formées pour appuyer les entreprises dans la promotion de l’excellence en matière de gestion du capital humain : Intérim, CDD/CDI, Solutions & Ingénierie RH, Développement du capital humain… Pour nos salariés intérimaires , nous proposons une expérience unique, notamment avec la déclaration de 100% des heures travaillées, la mise en place d’une mutuelle pour tous et un accompagnement personnalisé pour les démarches administratives (bancarisation, CNSS…). Pour nos candidats , nous offrons, conformément aux standards mondiaux de Manpower Group, un processus de sélection, d’évaluation et d’accompagnement à la réussite dans leur nouvelle mission. | Poste : Mission principale Assurer la disponibilité, la performance, la sécurité et l'évolution de l'infrastructure technique (serveurs, réseau, cloud, stockage, sécurité, télécoms) supportant l'ensemble du SI. Responsabilités principales Superviser l'exploitation et la maintenance du socle technique (datacenter, serveurs, réseau). Garantir la sécurité du SI (pare-feu, sauvegardes, PRA/PCA, antivirus, patch management). Piloter les prestataires d'hébergement, d'infogérance et de sécurité. Conduire les projets d'évolution technique (virtualisation, migration cloud, refresh hardware). Mettre en œuvre et suivre les politiques de sécurité (en coordination RSSI). Assurer la veille technologique et proposer des optimisations d'architecture. Superviser le support de niveau 2 pour les incidents infrastructure. | Profil recherché : Compétences techniques Maîtrise des environnements serveurs (Windows, Linux), virtualisation (VMware, Hyper-V). Solides connaissances en réseau (LAN/WAN, Cisco, Fortinet, VPN). Connaissance des plateformes cloud (Azure, AWS, GCP). Outils de supervision, sauvegarde et gestion de parc. Connaissances sécurité: IDS/IPS, SIEM, gestion des accès. Compétences comportementales Rigueur et sens du service. Résistance au stress et capacité à gérer les urgences. Capacité à documenter et formaliser les processus techniques. Indicateurs de performance (KPI) Taux de disponibilité des infrastructures critiques. Temps moyen de résolution des incidents. Taux de conformité sécurité / audits. Respect des SLA d'exploitation Avec un Bac +4/ 5 Option informatique, et une expérience de 5 ans et plus.",Recherche de nouveauté | Respect des règles | Besoin d'autonomie | Implication au travail | Ambition | Organisation,https://www.rekrute.com/offre-emploi-responsable-infrastructure-recrutement-manpower-agences-casablanca-182065.html,N/A,2026-04-22T23:42:09.811403
rekrute,Acheteur(se) Sénior | Casablanca (Maroc),SGS Maroc,Casablanca et région - Maroc,CDI,Achats / Supply Chain                                                                 - Secteur Autres Industries,Intermédiaire (3 à 5 ans) - Confirmé (5 à 10 ans),Bac +5 et plus Minimum - Ecole de commerce - Master,N/A,"Entreprise : SGS Maroc est la filiale marocaine de la multinationale suisse SGS S.A , est le leader mondial de l’inspection, du contrôle, de l’analyse et de la certification. Employant plus de 96 000 personnes, SGS exploite plus de 2 700 bureaux et laboratoires à travers le monde. Fondée en 1951, SGS Maroc propose des services qui couvrent l’inspection, la vérification, l'analyse de la qualité des produits, ainsi que les tests de performance selon des normes qui visent à protéger la santé, la sécurité des consommateurs, et préserver l’environnement. Les services SGS Maroc se déclinent tout au long des chaînes d’approvisionnement et concernent de nombreux secteurs tels que les produits agricoles et agro-alimentaires, la cosmétique, les biens d’équipement, les biens de consommation, l’énergie, les mines, la chimie, l’environnement, les services industriels, le secteur public, le transport, etc. Avec un réseau de 45 bureaux, centres de contrôle et laboratoires à travers le royaume et un capital humain de près de 400 employés, SGS Maroc est le partenaire préféré des acteurs économiques marocains en quête de la qualité pour tendre vers un objectif commun qui est de permettre un monde meilleur, plus sûr et plus interconnecté. | Culture de l'entreprise : SGS Maroc SA se distingue par une culture majoritairement orientée vers la coopération , plaçant l’humain, la confiance et le bien-être des collaborateurs au cœur de son fonctionnement. Le management de proximité favorise l’accompagnement, la responsabilisation et la qualité des relations au sein d’équipes solidaires. Cette approche est renforcée par une dimension compétitive affirmée , orientée vers la performance, les résultats et la satisfaction client. Des processus structurés viennent soutenir la fiabilité et l’efficacité opérationnelle, tandis que l’innovation, plus discrète, accompagne l’amélioration continue des pratiques. | Poste : Piloter les processus d'achat sur les périmètres RH (prestations de services, cabinets de recrutement, formation) et IT (matériels, logiciels, contrats de maintenance). Gérer le panel fournisseurs : sourcing, qualification, évaluation de la performance et renouvellement des contrats. Conduire les appels d'offres, les négociations et la contractualisation dans le respect des politiques Groupe. Analyser les dépenses et identifier les opportunités d'optimisation et de réduction des coûts. Assurer la conformité des achats aux exigences réglementaires et aux standards internes SGS. Être l'interlocuteur(trice) privilégié(e) des prescripteurs internes RH et IT pour tout besoin d'achat. | Profil recherché : Formation supérieure en Achats, Commerce, Gestion ou équivalent (Bac+4/5). Expérience minimum de 5 ans dans un poste Acheteur/se, idéalement sur des familles d'achats RH et/ou IT. Une expérience dans un environnement concurrentiel ou chez un acteur du même secteur est un atout fortement valorisé. Maîtrise des techniques de négociation et des outils de gestion des achats. Capacité à travailler en transversal avec des équipes internes exigeantes. Rigueur, sens de l'organisation et orienté(e) résultats. Bonne maîtrise du français ; l'anglais est un plus.",Recherche de nouveauté | Respect des règles | Distance émotionnelle | Rationalisme | Besoin d'action,https://www.rekrute.com/offre-emploi-acheteurse-senior-recrutement-sgs-maroc-sa-casablanca-182064.html,N/A,2026-04-22T23:42:13.437971
rekrute,Ingénieur Support Réseaux  N2 (H/F) | Rabat (Maroc),BTECHNOLOGIE,Rabat et région - Maroc,CDI,Informatique / Electronique - Télécom / Réseaux - Secteur Informatique								- Telecom,Intermédiaire (3 à 5 ans),Bac +5 et plus Minimum - Ecole d'ingénieur - Master,N/A,"Entreprise : BTECHNOLOGIE est un centre d’excellence premium au service de Bouygues Telecom filiale du groupe Accenture, visant à augmenter sa capacité de delivery, à améliorer la qualité perçue par ses clients finaux et à accompagner la croissance technologique dans une perspective d’économie décarbonée. Aujourd'hui, le centre compte plus de 500 talents et ambitionne d’atteindre les 1000 talents d’ici 2026. Envie de nouvelles perspectives de carrière ? Nous vous invitons à rejoindre notre centre d'excellence à Rabat, où vous participerez à des projets d'envergure avec une vision à long terme. Chaque jour est une opportunité de relever de nouveaux défis et de contribuer à façonner l'avenir de la technologie. Ensemble, nous bâtissons un avenir innovant, propulsé par votre talent et notre passion pour l'excellence. En intégrant notre équipe, vous serez reconnu(e) comme un collaborateur interne de Bouygues Telecom, acteur majeur des télécommunications. Nos atouts chez BTechnologie : • Bénéficiez d’un accompagnement personnalisé dès votre 1er jour d’arrivée par notre équipe Onboarding et votre futur Manager (accueil au sein de nos locaux à Rabat, journée d’onboarding, petit-déjeuner convivial). • Développez vos compétences techniques, fonctionnelles ou de management, grâce au catalogues de formations Accenture et à l’aide de nos Practice Managers et de leurs communautés. • Faîtes évoluer votre carrière grâce à notre politique de mobilité. | Poste : Vos Missions: Gestion et résolution des incidents techniques Data & Voix pour garantir la continuité de service client Analyse des dysfonctionnements réseau et mise en place de solutions de contournement adaptées Coordination des interventions avec les fournisseurs d’accès, installateurs et partenaires techniques Suivi et pilotage des interventions terrain ainsi que l’escalade vers le niveau 3 si nécessaire Communication proactive et régulière avec les clients sur l’avancement des incidents Réalisation de reportings, comptes rendus et participation à l’amélioration continue des process Support sur les environnements réseaux : routeurs Cisco/Huawei, sécurité Fortinet, Meraki, SD-WAN, téléphonie fixe et solutions Voix/Data | Profil recherché : Compétences techniques : Connaissance des réseaux fixes Maîtrise des infrastructures fibres (FTTH/FTTO) et DSL Bonne connaissance de MPLS Connaissance de la technologie SD-WAN Maîtrise des protocoles voix fixes Communication client BtoB Soft Skills : Excellente communication orale Bonne communication écrite Forte réactivité",Recherche de nouveauté | Besoin de réflexion | Besoin d'autonomie | Implication au travail | Ambition,https://www.rekrute.com/offre-emploi-ingenieur-support-reseaux-n2-hf-recrutement-btechnologie-rabat-182063.html,N/A,2026-04-22T23:42:19.366146
rekrute,Professeur Assistant en Sciences Biomédicales H/F | Rabat (Maroc),Née de la volonté de répondre aux enjeux économiques,Rabat et région - Maroc,CDI,Médical / Paramédical                                                                 - Secteur Enseignement / Formation								- Pharmacie / Santé,Junior (1 à 3 ans),Bac +5 et plus Minimum - Doctorat / DEA,N/A,"Entreprise : Née de la volonté de répondre aux enjeux économiques, politiques et sociaux du Maroc et de l'Afrique, l'Université Internationale de Rabat (UIR) est la première une université publique à gestion privée sous contrat avec l'État Marocain. Fondée en 2010, elle est devenue dès ses premières années d'existence un modèle d'établissement innovant conforme aux meilleurs standards internationaux dans le domaine de l'Enseignement Supérieur et de la Recherche. Comptant plus de 8500 étudiants et participants en formation continue, l'UIR propose une offre de formation pluridisciplinaire qui couvre les domaines de l'Ingénierie, de l'Architecture, des Sciences de la Santé, des Sciences Humaines et Sociales, du Management …. En matière de formation continue, l'UIR accompagne les institutions publiques et privées dans le renforcement des capacités de leurs équipes avec des programmes diversifiés d'Executive masters, des licences, des certificats qui couvrent les stratégies sectorielles impulsées par le Maroc. La recherche et l'innovation, constituent également un axe majeur de la stratégie de l'Université qui s'exprime à la fois autour des publications académiques, de la recherche appliquée et d'une politique active de R&D avec près de 540 brevets déposés dont 100 a? l'international, ce qui la classe en tant que 1e?re université au Maroc et en Afrique, en termes de dépôt de brevets (source OMPIC). Jeune, dynamique, citoyenne, notre université qui bénéficie d'une attractivité grandissante et d'une capacité d'innovation reconnue, lance aujourd'hui un ambitieux programme de développement pour atteindre 41.000 étudiants à l'horizon 2040. | Culture de l'entreprise : L’Université Internationale de Rabat (UIR) s’inscrit dans une culture fortement orientée performance et compétitivité , où l’ambition, l’excellence académique et le rayonnement institutionnel constituent des moteurs clés. Cette dynamique s’accompagne d’une dimension innovation marquée , encourageant la recherche, l’expérimentation et le développement de projets à forte valeur ajoutée. La culture est également enrichie par une approche collaborative , favorisant l’engagement des équipes, la transmission des savoirs et le management de proximité. Plus secondairement, des processus structurés viennent soutenir l’efficacité et la fiabilité des activités académiques et administratives. | Poste : Enseignement et formation Assurer des enseignements théoriques et pratiques en sciences biomédicales Encadrer les étudiants dans les travaux dirigés (TD) et travaux pratiques (TP) Assurer le suivi pédagogique et l'évaluation des étudiants conformément aux normes en vigueur Contribuer à l'élaboration, à l'actualisation et à l'amélioration continue des supports pédagogiques des programmes de formation Recherche et innovation Développer des activités de recherche dans le domaine des sciences biomédicales Publier des travaux scientifiques dans des revues indexées et participer à des manifestations scientifiques nationales et internationales Contribuer à la promotion de l'innovation pédagogique et scientifique Encadrement et supervision Assurer l'encadrement des stages et des projets de fin d'études Accompagner les étudiants dans leur parcours académique et leur insertion professionnelle Participation à la vie académique et institutionnelle Contribuer au développement et à l'amélioration continue des programmes de formation Participer aux réunions pédagogiques, aux comités scientifiques et aux conseils académiques Prendre part aux projets institutionnels de développement académique et scientifique Assurer la réception et le traitement des requêtes des étudiants Veiller à la gestion et au suivi des candidatures via la plateforme dédiée Participer à l'élaboration et à la validation des emplois du temps, des concours d'accès et des examens Contribuer à l'organisation des manifestations scientifiques et des actions de promotion de l'établissement Veiller à la coordination des activités académiques des programmes de formation Garantir la conformité et le suivi des procédures administratives afférentes aux activités pédagogiques | Profil recherché : Profil recherché : Les candidats doivent : Être titulaires d'un Doctorat d'État en sciences biomédicales ou dans un domaine connexe Justifier d'une maîtrise des concepts fondamentaux et avancés en sciences biomédicales Disposer d'une expérience avérée en enseignement supérieur et/ou en encadrement pédagogique Faire preuve de compétences en méthodologie de recherche et en publication scientifique Démontrer des aptitudes pédagogiques confirmées et une capacité de transmission des connaissances Disposer d'excellentes compétences en communication et en leadership Faire preuve d'un esprit d'équipe et d'une aptitude à évoluer dans un environnement interdisciplinaire Témoigner d'un engagement en matière d'innovation pédagogique et de développement académique Dossier de candidature : Le dossier de candidature doit comporter les pièces suivantes : Une demande de candidature Un curriculum vitae détaillé comprenant les coordonnées, le parcours académique et le parcours professionnel La mention du niveau d'anglais, accompagnée, le cas échéant, de justificatifs Une copie diplôme de Doctorat d'État Une copie du diplôme de Master Une copie du diplôme de Licence Un exemplaire de la thèse de Doctorat Un dossier des titres et travaux incluant les attestations d'enseignement et d'encadrement Modalités de recrutement : Le recrutement s'effectuera en deux étapes : Une phase de présélection fondée sur l'examen des dossiers de candidature par un jury compétent Une épreuve d'exposé suivie d'un entretien devant les membres du jury",Recherche de nouveauté | Besoin d'objectivité | Distance émotionnelle | Rationalisme | Besoin de réflexion,https://www.rekrute.com/offre-emploi-professeur-assistant-en-sciences-biomedicales-hf-recrutement-universite-internationale-de-rabat-uir-rabat-182062.html,N/A,2026-04-22T23:42:22.225818
rekrute,Professeur Assistant H/F | Rabat (Maroc),Née de la volonté de répondre aux enjeux économiques,Rabat et région - Maroc,CDI,Médical / Paramédical - Santé / Social (métiers de) - Secteur Enseignement / Formation								- Pharmacie / Santé,Junior (1 à 3 ans),Bac +5 et plus Minimum,N/A,"Entreprise : Née de la volonté de répondre aux enjeux économiques, politiques et sociaux du Maroc et de l'Afrique, l'Université Internationale de Rabat (UIR) est la première une université publique à gestion privée sous contrat avec l'État Marocain. Fondée en 2010, elle est devenue dès ses premières années d'existence un modèle d'établissement innovant conforme aux meilleurs standards internationaux dans le domaine de l'Enseignement Supérieur et de la Recherche. Comptant plus de 8500 étudiants et participants en formation continue, l'UIR propose une offre de formation pluridisciplinaire qui couvre les domaines de l'Ingénierie, de l'Architecture, des Sciences de la Santé, des Sciences Humaines et Sociales, du Management …. En matière de formation continue, l'UIR accompagne les institutions publiques et privées dans le renforcement des capacités de leurs équipes avec des programmes diversifiés d'Executive masters, des licences, des certificats qui couvrent les stratégies sectorielles impulsées par le Maroc. La recherche et l'innovation, constituent également un axe majeur de la stratégie de l'Université qui s'exprime à la fois autour des publications académiques, de la recherche appliquée et d'une politique active de R&D avec près de 540 brevets déposés dont 100 a? l'international, ce qui la classe en tant que 1e?re université au Maroc et en Afrique, en termes de dépôt de brevets (source OMPIC). Jeune, dynamique, citoyenne, notre université qui bénéficie d'une attractivité grandissante et d'une capacité d'innovation reconnue, lance aujourd'hui un ambitieux programme de développement pour atteindre 41.000 étudiants à l'horizon 2040. | Culture de l'entreprise : L’Université Internationale de Rabat (UIR) s’inscrit dans une culture fortement orientée performance et compétitivité , où l’ambition, l’excellence académique et le rayonnement institutionnel constituent des moteurs clés. Cette dynamique s’accompagne d’une dimension innovation marquée , encourageant la recherche, l’expérimentation et le développement de projets à forte valeur ajoutée. La culture est également enrichie par une approche collaborative , favorisant l’engagement des équipes, la transmission des savoirs et le management de proximité. Plus secondairement, des processus structurés viennent soutenir l’efficacité et la fiabilité des activités académiques et administratives. | Poste : L'Université Internationale de Rabat et l'Hôpital UIR recrutent pour une double mission à la fois académique et clinique et vous offrent une opportunité de carrière hospitalo-universitaire : Au sein de la Faculté Internationale de Médecine de Rabat de l'UIR, en tant que Professeur Assistant, pour des missions d'enseignement et de recherche. Au sein de l'Hôpital UIR, en tant que Praticien Hospitalier pour assurer des activités cliniques, de soins et de recherche appliquée. A travers ces missions vous pourrez contribuer à la formation des futurs professionnels de santé et vous inscrire pleinement dans une dynamique d'innovation, de recherche et de performance hospitalière. | Profil recherché : Profil recherché : Le profil souhaité est un médecin, spécialiste, avec une solide expérience clinique et académique. Il/Elle devra également démontrer une aptitude à mener des activités de recherche et à participer au développement de projets innovants dans le domaine des sciences de la santé. Spécialité médicales : Néphrologie Neurologie Radiologie Notre Offre : CDI avec package salarial compétitif Emploi à plein temps et exclusif au sein de l'hôpital universitaire de l'UIR Environnement hospitalo-universitaire dynamique et stimulant Une équipe passionnée, multilingue et multidisciplinaire Dossier de candidature à adresser avant le 31/03/2026 à l'adresse recrutement.hopital@uir.ac.ma ou postuler via notre site web. Le dossier de candidature doit contenir les pièces suivantes : CV et Diplômes, Publications scientifiques et activités de recherche.",Recherche de nouveauté | Extraversion | Rationalisme | Besoin d'objectivité | Besoin de réflexion | Implication au travail | Humilité,https://www.rekrute.com/offre-emploi-professeur-assistant-hf-recrutement-universite-internationale-de-rabat-uir-rabat-180989.html,N/A,2026-04-22T23:42:25.532495
rekrute,Inspecteur commercial sédentaire | Casablanca (Maroc),Acteur incontournable du courtage en Assurances,Casablanca et région - Maroc,CDI,Assurance (métiers de l') - Commercial / Vente / Export - Secteur Centre d'appels,Intermédiaire (3 à 5 ans),Bac +3 Minimum - Autre,Une rémunération motivante + primes sur objectif,"Entreprise : Acteur incontournable du courtage en Assurances, HEOMI construit depuis plus de 25 ans, des programmes d’Assurances à destination des particuliers, des travailleurs non-salariés et des entreprises. Leader Français dans la distribution de produits d’assurance en ligne et précurseur en la matière, HEOMI est résolument tournée vers le digital. Notre force c’est d’appartenir au Groupe FINARE qui s’est construit sur des expertises fortes permettant aux structures du Groupe d’intervenir sur l’ensemble de la chaîne de valeur notamment dans les domaines de l’assurance et de l’épargne. Le Groupe FINARE en quelques mots c’est : plus de 1350 collaborateurs répartis dans 3 pays (France, Luxembourg, Maroc), 3 pôles d’activités (assurance, gestion de patrimoine, services). Régulièrement classé parmi le top 10 des meilleurs courtiers grossiste en Assurances, HEOMI est en constante croissance depuis sa création et nous ne comptons pas nous arrêter là ! Notre ambition : devenir le numéro 1 du courtage en Assurances ! Nos valeurs : Engagement, Performance, Innovation, Capital Humain. Si vous êtes sensible à nos valeurs, alors nous sommes sûrement faits pour nous entendre ! | Culture de l'entreprise : HEOMI se caractérise par une culture fortement orientée vers la performance et la compétition , où l’ambition, le goût du challenge et l’orientation client constituent des leviers majeurs de réussite. Cette dynamique est complétée par une dimension de coopération , favorisant la confiance, la responsabilisation et un management de proximité attentif aux équipes. L’entreprise intègre également une composante d’ innovation , plus mesurée, encourageant l’initiative et l’adaptabilité. Enfin, la culture d’ organisation , moins dominante, apporte un cadre structurant au service de l’efficacité. | Poste : Au sein de la Direction du Développement, vous aurez la responsabilité de développer et fidéliser notre réseau de courtiers partenaires et prospects. Vous contribuerez au développement commercial de l’entreprise en animant un portefeuille de courtiers sur une zone dédiée, depuis un des sites. À ce titre, vos principales responsabilités seront : Développer et fidéliser un portefeuille de courtiers. Recruter / prospecter de nouveaux partenaires et accompagner le réseau existant. Déployer la stratégie commerciale et promouvoir les produits de l’entreprise. Assurer le suivi commercial, le reporting et la veille concurrentielle. Mettre en place des actions commerciales et participer à des événements. | Profil recherché : Vous êtes de formation Bac+5 en Commerce, Marketing, Gestion, Communication… Vous avez une bonne maitrise des techniques de vente et un bon niveau de Français à l’écrit comme à l’oral. Vous êtes une personne tenace, dynamique, réactive, motivée, et dotée de réelles qualités relationnelles. Votre écoute active, votre sens de la responsabilité et votre volonté de développer les résultats obtenus font partie de vos qualités. Si ce poste vous intéresse, nous vous proposons : De rejoindre un cadre de travail agréable et convivial. Une entreprise où les ressources humaines sont au cœur de la stratégie d’entreprise. Une rémunération motivante + primes sur objectif Une formation en assurances",Recherche de nouveauté | Créativité | Volonté de persuasion | Flexibilité | Besoin d'autonomie | Implication au travail | Organisation,https://www.rekrute.com/offre-emploi-inspecteur-commercial-sedentaire-recrutement-heomi-casablanca-181459.html,N/A,2026-04-22T23:42:28.652329
rekrute,Conseiller Clientèle - Réseau Kénitra Gharb (H/F) | Kénitra / Tiflet / Sidi Slimane / Sidi Kacem (Maroc),Avec son modèle de banque universelle,Kénitra et région - Maroc,CDI,Banque (métiers de la)                                                                 - Secteur Banque / Finance,Débutant (-1 an),Bac +5 et plus Minimum,"• Intégrer une banque leader sur le marché financier tourné vers l’humain et l’innovation et certifiée Top Employeur pour 4 années consécutives . • Bénéficiez d’un environnement de travail stimulant avec nombreuses opportunités de développement professionnel. • Profitez d’avantages compétitifs (rémunération attractive, formations continues, etc).","Entreprise : Avec son modèle de banque universelle, sa dimension panafricaine, la complémentarité de ses métiers et ses expertises solides, le groupe Attijariwafa bank est un acteur de référence du secteur financier au Maroc et en Afrique. Attijariwafa bank a su, depuis plus d’un siècle, se réinventer en diversifiant ses métiers, en renouvelant ses offres et en adaptant ses organisations, pour répondre à son ambition de devenir la banque relationnelle de référence. Le groupe Attijariwafa bank accompagne aujourd’hui 12 millions de clients particuliers, professionnels, entreprises et institutionnels et mobilise 20.900 collaborateurs dans 27 pays en Afrique, en Europe et au Moyen-Orient. | Culture de l'entreprise : Attijariwafa bank développe une culture majoritairement orientée coopération , plaçant l’humain, la confiance et l’esprit d’équipe au cœur de son fonctionnement. L’entreprise favorise un management de proximité, fondé sur l’accompagnement, la responsabilisation et la qualité des relations professionnelles. Cette approche collaborative est complétée par une forte exigence de performance, valorisant l’ambition, le dépassement de soi et l’orientation client. Elle intègre également une dynamique d’innovation, encadrée par des processus structurés garantissant fiabilité, efficacité et maîtrise des activités. | Poste : Dans le cadre de développement de notre activité, nous recherchons des Conseillers(ères) Clientèles dynamiques et motivé(es). Vous serez l’interlocuteur privilégié de nos clients en les accompagnant dans leurs projets financiers et en leur proposant des solutions adaptées à leurs besoins. Si vous répondez à ces critères et que vous souhaitez évoluer dans un environnement stimulant, alors cette opportunité est pour vous. En tant que Conseiller(ère) Clientèle , vous serez directement rattaché au Responsable d’agence. Vos responsabilités incluront : • Gérer et développer un portefeuille clients (particuliers et professionnels). • Identifier les besoins des clients et leur proposer des produits et services bancaires adaptés (épargne, crédits, assurances…). • Fidéliser et conseiller les clients. • Développer l’activité commerciale à travers la prospection. • Veiller au respect des procédures internes et des normes en vigueur. | Profil recherché : Profil recherché : • De Formation Bac+5 Ecoles de Commerce ou équivalent, vous débutez ou justifiez d’une première expérience dans le domaine commercial idéalement en milieu financier. • Vous avez une capacité d’écoute, une aisance relationnelle et le sens du conseil. • Vous êtes dynamique, autonome et avez l’esprit d’équipe. Pourquoi nous rejoindre ? • Intégrer une banque leader sur le marché financier tourné vers l’humain et l’innovation et certifiée Top Employeur pour 4 années consécutives . • Bénéficiez d’un environnement de travail stimulant avec nombreuses opportunités de développement professionnel. • Profitez d’avantages compétitifs (rémunération attractive, formations continues, etc). Envoyez-nous votre CV, nous sommes impatients de découvrir votre profil !",Volonté de persuasion | Conventionnel | Flexibilité | Implication au travail,https://www.rekrute.com/offre-emploi-conseiller-clientele---reseau-kenitra-gharb-hf-recrutement-attijariwafa-bank-kenitra-tiflet-sidi-slimane-sidi-kacem-182061.html,N/A,2026-04-22T23:42:30.899921
rekrute,Conseiller Clientèle - Réseau Rabat Temara (H/F) | Rabat / Temara (Maroc),Avec son modèle de banque universelle,Rabat et région - Maroc,CDI,Banque (métiers de la)                                                                 - Secteur Banque / Finance,Débutant (-1 an),Bac +5 et plus Minimum,"• Intégrer une banque leader sur le marché financier tourné vers l’humain et l’innovation et certifiée Top Employeur pour 4 années consécutives . • Bénéficiez d’un environnement de travail stimulant avec nombreuses opportunités de développement professionnel. • Profitez d’avantages compétitifs (rémunération attractive, formations continues, etc).","Entreprise : Avec son modèle de banque universelle, sa dimension panafricaine, la complémentarité de ses métiers et ses expertises solides, le groupe Attijariwafa bank est un acteur de référence du secteur financier au Maroc et en Afrique. Attijariwafa bank a su, depuis plus d’un siècle, se réinventer en diversifiant ses métiers, en renouvelant ses offres et en adaptant ses organisations, pour répondre à son ambition de devenir la banque relationnelle de référence. Le groupe Attijariwafa bank accompagne aujourd’hui 12 millions de clients particuliers, professionnels, entreprises et institutionnels et mobilise 20.900 collaborateurs dans 27 pays en Afrique, en Europe et au Moyen-Orient. | Culture de l'entreprise : Attijariwafa bank développe une culture majoritairement orientée coopération , plaçant l’humain, la confiance et l’esprit d’équipe au cœur de son fonctionnement. L’entreprise favorise un management de proximité, fondé sur l’accompagnement, la responsabilisation et la qualité des relations professionnelles. Cette approche collaborative est complétée par une forte exigence de performance, valorisant l’ambition, le dépassement de soi et l’orientation client. Elle intègre également une dynamique d’innovation, encadrée par des processus structurés garantissant fiabilité, efficacité et maîtrise des activités. | Poste : Dans le cadre de développement de notre activité, nous recherchons des Conseillers(ères) Clientèles dynamiques et motivé(es). Vous serez l’interlocuteur privilégié de nos clients en les accompagnant dans leurs projets financiers et en leur proposant des solutions adaptées à leurs besoins. Si vous répondez à ces critères et que vous souhaitez évoluer dans un environnement stimulant, alors cette opportunité est pour vous. En tant que Conseiller(ère) Clientèle , vous serez directement rattaché au Responsable d’agence. Vos responsabilités incluront : • Gérer et développer un portefeuille clients (particuliers et professionnels). • Identifier les besoins des clients et leur proposer des produits et services bancaires adaptés (épargne, crédits, assurances…). • Fidéliser et conseiller les clients. • Développer l’activité commerciale à travers la prospection. • Veiller au respect des procédures internes et des normes en vigueur. | Profil recherché : Profil recherché : • De Formation Bac+5 Ecoles de Commerce ou équivalent, vous débutez ou justifiez d’une première expérience dans le domaine commercial idéalement en milieu financier. • Vous avez une capacité d’écoute, une aisance relationnelle et le sens du conseil. • Vous êtes dynamique, autonome et avez l’esprit d’équipe. Pourquoi nous rejoindre ? • Intégrer une banque leader sur le marché financier tourné vers l’humain et l’innovation et certifiée Top Employeur pour 4 années consécutives . • Bénéficiez d’un environnement de travail stimulant avec nombreuses opportunités de développement professionnel. • Profitez d’avantages compétitifs (rémunération attractive, formations continues, etc). Envoyez-nous votre CV, nous sommes impatients de découvrir votre profil !",Volonté de persuasion | Conventionnel | Flexibilité | Implication au travail,https://www.rekrute.com/offre-emploi-conseiller-clientele---reseau-rabat-temara-hf-recrutement-attijariwafa-bank-rabat-temara-182060.html,N/A,2026-04-22T23:42:32.997166
rekrute,Comptable Fournisseurs Junior (H/F) | Casablanca (Maroc),C’est,Casablanca et région - Maroc,CDI,Gestion / Comptabilité / Finance                                                                 - Secteur Comptabilité / Audit,Junior (1 à 3 ans),Bac +2 Minimum - BTS / DUT,N/A,"Entreprise : C’est en 1902 que le Dr Willis H. Carrier invente et fabrique le tout premier climatiseur moderne au monde. Depuis cette date, Carrier Corporation est le numéro un mondial de la climatisation , avec plus de 4 millions d’unités vendues par an, assemblées dans plus de 40 usines de production, installées et entretenues sur cinq continents. Créée en 2014, MCS est le fruit d’une joint-venture signée entre VENTEC Maroc et Carrier, numéro 1 mondial dans le domaine du froid . MCS assure le support technique, commercial et administratif à distance pour le compte de Carrier France , Carrier Espagne , Otis France , Chubb France , CIAT , Carrier Transicold , Carrier Réfrigération et d’autres sociétés du groupe. MCS permet d’assurer avec efficience et efficacité le traitement des demandes particulières et des consultations, la saisie des commandes, la gestion des réclamations ainsi que la planification des interventions et le support technique à distance. Vous souhaitez révéler votre potentiel dans un environnement challengeant et collaboratif ? Vous souhaitez évoluer dans une structure soucieuse de l’épanouissement et de la satisfaction de ses moyens humains ? A vous de saisir l’opportunité et de concrétiser vos idées au cœur de nos projets ambitieux, en nous envoyant votre candidature. | Culture de l'entreprise : Maroc Climate and Security (MCS) – Carrier s’inscrit dans une culture à dominante coopérative , où l’humain, la confiance et la solidarité structurent les relations de travail. L’organisation s’appuie sur un management de proximité, favorisant l’accompagnement, la responsabilisation et l’engagement collectif au service de projets porteurs de sens. Cette dynamique collaborative coexiste avec une forte orientation vers la performance , traduite par des objectifs clairs et une recherche de résultats mesurables. Elle est complétée par des pratiques innovantes encourageant l’initiative ainsi que par une organisation structurée , garantissant rigueur, efficacité et fiabilité. | Poste : Saisir et contrôler les factures fournisseurs Assurer le suivi des comptes fournisseurs (lettrage, analyse des écarts) Préparer les campagnes de règlement Participer aux clôtures mensuelles Gérer les relances fournisseurs et le traitement des litiges | Profil recherché : Bac+2 / Bac+3 en Comptabilité, Gestion ou équivalent Première expérience (stage inclus) en comptabilité fournisseurs souhaitée Bonne maîtrise d’Excel La connaissance d’un ERP est un plus Rigueur, organisation et sens du détail Bon relationnel et esprit d’équipe",Conventionnel | Respect des règles | Besoin d'objectivité | Rationalisme | Organisation,https://www.rekrute.com/offre-emploi-comptable-fournisseurs-junior-hf-recrutement-maroc-climate-and-security-mcs---carrier-casablanca-182058.html,N/A,2026-04-22T23:42:35.961209
rekrute,Sous-Chef Junior | Marrakech (Maroc),N/A (confidentiel),Marrakech et région - Maroc,Autre,Hôtellerie / Restauration (métiers de) - Tourisme (métiers du) - Secteur Hôtellerie / Restauration								- Tourisme / Voyage / Loisirs,Junior (1 à 3 ans),Bac +2 Minimum,N/A,"Entreprise : Le Jardin Majorelle, le Musée Yves Saint Laurent Marrakech et le Musée Pierre Bergé des Arts Berbères forment un ensemble culturel et artistique unique au cœur de Marrakech. Entre nature, art et patrimoine, nos trois sites — parmi les destinations culturelles les plus visitées au monde, accueillent chaque année un nombre exceptionnel de visiteurs venus du monde entier, et offrent une expérience immersive où la beauté des jardins, la création artistique et la richesse des cultures se rencontrent harmonieusement. Imaginés, préservés et magnifiés par Pierre Bergé et Yves Saint Laurent, nos espaces célèbrent l’art, la création et la culture d’hier et d’aujourd’hui : architecture, mode, arts traditionnels et expressions contemporaines. Rejoindre nos équipes, c’est participer activement à la transmission de cet héritage unique et contribuer au développement d’un lieu d’exception qui porte haut les couleurs du Maroc et valorise son identité culturelle à l’international. | Poste : Dans le cadre du renforcement de nos équipes, nous recrutons un(e) Sous-Chef Junior afin d’accompagner le développement de nos espaces de restauration, véritables lieux d’expérience au croisement de la gastronomie, de la culture et du patrimoine : le Café Bousafsaf, au cœur du Jardin Majorelle, et le Café Le Studio, au sein du Musée Yves Saint Laurent Marrakech. Votre mission Rattaché(e) au Chef Exécutif, vous assurez un rôle clé dans l’organisation de la cuisine en garantissant : La qualité constante de la production culinaire La fluidité du service, même en forte affluence La coordination efficace entre les deux sites Vous combinez présence opérationnelle en cuisine et responsabilités de supervision. Vos principales responsabilités Production & qualité Assurer la préparation et l’envoi des plats selon les standards Garantir régularité, qualité et rapidité d’exécution Contrôler les cuissons, dressages et sorties Organisation de la cuisine Participer à la mise en place quotidienne Organiser le travail selon les volumes d’activité Assurer la coordination avec les équipes salle Encadrement & formation Encadrer et accompagner les équipes cuisine Former les nouveaux collaborateurs Maintenir discipline et standards d’hygiène Gestion opérationnelle Suivre les stocks et anticiper les besoins Optimiser les coûts et limiter les pertes Contribuer à l’amélioration continue Coordination multisites Adapter l’organisation entre volume (Bousafsaf) et exigence qualitative (Studio) Garantir l’harmonisation des standards sur les deux sites | Profil recherché : Expérience confirmée en cuisine (3 à 5 ans minimum) Expérience en tant que Chef de Partie confirmé ou Sous-Chef Junior Maîtrise des techniques culinaires Capacité à gérer des volumes élevés Sens de l’organisation, rigueur et résistance au stress Leadership et esprit d’équipe",Respect des règles | Extraversion | Volonté de persuasion | Rationalisme | Flexibilité | Travail en équipe | Implication au travail | Organisation,https://www.rekrute.com/offre-emploi-sous-chef-junior-recrutement-jardin-majorelle-marrakech-182059.html,N/A,2026-04-22T23:42:38.788351
rekrute,Business Communication and Business Development Project Manager | Ifrane (Maroc),Inaugurated,Fès et région - Maroc,CDI,Communication / Publicité / RP - Marketing - Secteur Indifférent,Intermédiaire (3 à 5 ans) - Confirmé (5 à 10 ans),Bac +5 et plus Minimum - Ecole de commerce,N/A,"Entreprise : Inaugurated in 1995 by His Majesty King Hassan II and Crown Prince Abdallah bin Abdel-Aziz of Saudi Arabia, Al Akhawayn University redefines the classic American liberal arts educational experience on an architecturally stunning modern campus amidst the beauty of Morocco's Middle Atlas Mountains. It boasts: A uniquely international common core program for all undergraduate students, providing the basis for a well-rounded global education. Rich academics, in English, encouraging choice and experimentation, in all schools and programs of study. A comfortable, safe, exciting residential student life on campus, featuring hundreds of University student-run activities, with over 96 percent of undergraduates living on campus with roommates from around Morocco and the four corners of the world. The peace and pleasures of Ifrane, a center for outdoor exploration of mountains, streams, lakes, and more, with many entertainment options and easy access to major cities such as Rabat, Casablanca, Fez, Meknes, and more. | Culture de l'entreprise : Al Akhawayn University se caractérise par une culture résolument tournée vers l’innovation , encourageant la créativité, l’expérimentation et l'audace pour faire évoluer l’enseignement et la recherche. Cette dynamique repose sur un esprit fort de coopération , avec des équipes solidaires et un management de proximité qui accompagne les talents académiques et administratifs. La performance et l’exigence intellectuelle complètent cet écosystème, stimulant ambition et dépassement de soi dans un cadre international. Enfin, même si l'organisation n’est pas dominante, elle apporte le niveau de structure nécessaire au bon fonctionnement d’une institution de haut niveau. | Poste : The Business Communication & Business Development Project Manager, supports the SBA by managing strategic communications, strengthening the school’s visibility, and developing external partnerships. The role bridges communication and corporate relations to enhance SBA’s reputation, stakeholder engagement, and opportunities for growth. Collaborate with Program Directors and leadership to promote SBA Programs Develop and implement SBA’s communication and branding strategy. Prepare newsletters, press releases, speeches, and official correspondence. Manage SBA’s website and social media presence, ensuring timely content updates. Develop communication material for students and faculty regarding deadlines, procedures, policies, program and course offerings etc. Identify and cultivate partnerships with corporations, professional associations, and alumni. Support SBA events (conferences, forums, networking sessions) through outreach and promotion. Manage sponsorship opportunities and research based consulting prospects. Draft MoUs, partnership reports, and business proposals. Provide logistical support for business-facing events Collate and format reports for internal units such as OIRE, annual reports etc. Coordinate with University communication units to align SBA messaging. Facilitate communication between faculty, staff, students, and administration. Provide support for special projects and Dean’s Office initiatives. | Profil recherché : Master’s degree in Business Administration, Communication, Marketing, or related field. Minimum 2–5 years’ experience in communication, corporate relations, or business development. Proficiency in English and French (Arabic is an asset). Experience in higher education or corporate training preferred. Excellent written and verbal communication skills. Strong networking and relationship-building abilities. Strategic thinker with attention to detail. Ability to manage multiple projects simultaneously and meet deadlines. Proficiency with Microsoft Office Suite, web and digital communication tools (social media platforms, email campaigns, CRM), and graphic design. Team-oriented, adaptable, and culturally sensitive.",Recherche de nouveauté | Extraversion | Flexibilité | Ambition | Organisation,https://www.rekrute.com/offre-emploi-business-communication-and-business-development-project-manager-recrutement-al-akhawayn-university-ifrane-182057.html,N/A,2026-04-22T23:42:41.656316
rekrute,Conseiller Commercial en Automobile (Renault/Dacia) | Casablanca (Maroc),Fort,Casablanca et région - Maroc,CDI,Commercial / Vente / Export                                                                 - Secteur Automobile / Motos / Cycles,Junior (1 à 3 ans),Bac +3 Minimum - Licence,N/A,"Entreprise : Fort d’un réseau de distribution moderne de 7 succursales et 7 agents à travers le Maroc, M-AUTOMOTIV se donne les moyens d'offrir une large gamme de solutions accessibles & innovantes à ses clients, là où ils se trouvent, aux meilleurs standards de qualité. Site Web : M-automotiv | Culture de l'entreprise : M-automotiv s’appuie sur une culture dominée par la coopération , où la confiance, la solidarité et le bien-être des collaborateurs structurent le quotidien. L’entreprise valorise un management de proximité, fondé sur l’accompagnement, la responsabilisation et la qualité des relations humaines. Cette dynamique collective est renforcée par une orientation compétitive affirmée , orientée vers la performance et l’atteinte d’objectifs mesurables. Les dimensions innovation et organisation , plus modérées, soutiennent l’agilité des équipes tout en assurant un cadre de travail structuré et efficace. | Poste : Dans le cadre du développement de nos activités et de l’arrivée de nouvelles marques premium, M-AUTOMOTIV renforce son équipe commerciale. Nous recherchons des Commerciaux passionnés par l’automobile, ambitieux et animés par le goût du challenge et de l’excellence. Vos missions : Accueillir, conseiller et accompagner les clients dans l’acquisition de véhicules haut de gamme. Développer et fidéliser un portefeuille clients exigeant et diversifié. Mener les négociations commerciales jusqu’à la conclusion de la vente. Assurer un suivi personnalisé et une expérience client premium. Contribuer activement à la visibilité et à la performance commerciale de la marque. | Profil recherché : Formation Bac+3 à Bac+5 en commerce, vente ou équivalent. Expérience réussie dans la vente automobile (idéalement sur des marques premium ou haut de gamme). Excellente présentation, sens du service et aisance relationnelle. Goût prononcé pour les défis, la performance et la satisfaction client. Permis B obligatoire.",Recherche de nouveauté | Extraversion | Volonté de persuasion | Ambition | Intuition / Spontanéité,https://www.rekrute.com/offre-emploi-conseiller-commercial-en-automobile-renaultdacia-recrutement-m-automotiv-casablanca-181685.html,N/A,2026-04-22T23:42:43.746627
rekrute,Gestionnaire de paie et Administration du personnel (ADP) | TANGER (Maroc),Avec ces marques aux métiers complémentaires,Tanger et région - Maroc,CDI,RH / Personnel / Formation                                                                 - Secteur Autres services,Intermédiaire (3 à 5 ans),Bac +5 et plus Minimum - Formation spécialisée,Etablir les avances sur salaires,"Entreprise : Avec ces marques aux métiers complémentaires, le Groupe VILAVI (1500 collaborateurs) couvre tous les besoins en assurance et crédit de milliers de personnes, et ce à toutes les étapes clés de leur vie. C'est aussi une large diversité de métiers qui donne l'opportunité à de nombreux talents de s'épanouir au sein d'un projet collectif. Vous souhaitez intégrer un grand groupe dynamique qui place ses collaborateurs au centre de ses préoccupations ? Alors, rejoignez le Groupe VILAVI ! | Poste : Rattaché au service Administration du Personnel et en collaboration avec nos prestataires externes, vous aurez en charge la gestion de l’administration des RH et de la paie (environ 700 collaborateurs), tout en veillant à la conformité de la législation en vigueur. Gestion de la paie : Collecter, vérifier et saisir les éléments variables Transmettre les éléments au prestataire selon le calendrier défini Procéder aux différents contrôles, identifier les anomalies et veiller aux corrections Suivre les clôtures mensuelles Etablir les avances sur salaires Etablir les documents administratifs de sortie Administration du personnel (ADP) : Créer et mettre à jour les dossiers des salariés Rédiger et suivre l’ensemble des documents contractuels : contrats, avenants, convention de transfert, attestations, courriers divers, certificat de travail, etc Assurer la saisie et le suivi des tableaux RH Saisir les absences dans le logiciel Assurer la gestion administrative des procédures disciplinaires (sanctions, licenciement, fin de période d’essai) Préparer les entretiens disciplinaires et les interactions avec l’Inspection du Travail (transmission des sanctions). Veille juridique et reporting : Assurer une veille réglementaire en matière de droit social et de paie Contribuer à l’amélioration des processus RH et à la fiabilisation et confidentialité des données | Profil recherché : Issu d’une formation Bac+3 en Ressources Humaines, vous possédez une expérience significative et confirmée d’au moins 5 ans sur un poste similaire. Les qualités essentielles pour mener à bien ces missions seront : sens de l'adaptation et de l'organisation, rigueur et réactivité, savoir être force de proposition, faire preuve d'initiative, savoir travailler au sein d'une équipe, avoir un bon relationnel, maîtriser les outils bureautiques, avoir une bonne connaissance du Code du travail, de la discrétion et un sens de la confidentialité. Enfin, la maitrise de la langue française (écrit/oral) est obligatoire. Les avantages sociaux et autres : Prime panier de 500 Dhs Mutuelle Axa (prise en charge à 95 %) Avance sur salaire dès 3 mois d’ancienneté Prime de l'EID Evolution de salaire en fonction de l'atteinte d'objectifs Temps de travail de 44H hebdomadaire, du lundi au vendredi Vous souhaitez faire évoluer votre carrière dans un environnement dynamique qui saura valoriser et développer vos compétences, et vous offrir l’opportunité de gagner en autonomie et responsabilité ? Rejoignez-nous et postulez !",Recherche de nouveauté | Extraversion | Besoin d'objectivité | Besoin d'autonomie | Implication au travail,https://www.rekrute.com/offre-emploi-gestionnaire-de-paie-et-administration-du-personnel-adp-recrutement-groupe-vilavi-tanger-180805.html,N/A,2026-04-22T23:42:45.686393
rekrute,Conseillers Commerciaux Francophones - Fez | Fes (Maroc),N/A (confidentiel),Fès et région - Maroc,CDI,Centre d'appels (métiers de)                                                                 - Secteur Centre d'appels,Débutant (-1 an),Bac Minimum,N/A,"Entreprise : Rejoignez Cnexia et faites le choix de faire partie d'un projet qui valorise l'innovation, promeut le developpement continu des competences et donne l'opportunite aux personnes creatives et ambitieuses du domaine des hautes technologies de realiser leurs objectifs professionnels. Fiers de notre statut de filiale Marocaine exclusive de l'operateur telecom historique du Canada, nous n'avons cesse d'elargir nos equipes depuis 2021 avec plus de 1300 employes principalement bases a Fes. Nous venons d'etendre nos activites dans la partie nord du royaume en inaugurant un nouveau site a Rabat afin d'y poursuivre notre croissance avec comme objectif de plus que doubler nos effectifs a l'horizon 2024. A Cnexia nous faisons plus que supporter les clients de notre reseau a taille mondiale et les beneficiaires de nos divers services. Nous developpons des solutions innovantes et creons continuellement du contenu media multiplateforme original. Grace a cela, nous revolutionnons tous les jours la facon avec laquelle les Canadiens communiquent a travers le web et interagissent via des applications mobiles en les faisant beneficier d'une experience amelioree. Si vous etes prets a relever ce defi, nous vous invitons a rejoindre une communaute qui valorise les idees audacieuses et vous donne de multiples opportunites d'accomplissement de carriere dans un environnement multiculturel de classe mondiale ! « Chez Cnexia, nous offrons des opportunites egales a tous, sans distinction de race, couleur, origine, religion, sexe, nationalite, age, citoyennete, statut matrimonial ou handicap. » | Culture de l'entreprise : Cnexia s’inscrit dans une culture fortement orientée vers la performance et la compétition , où l’ambition, le goût du challenge et l’orientation client constituent des moteurs clés de réussite. Cette dynamique est complétée par une dimension de coopération , favorisant la confiance, la solidarité et un management de proximité attentif à l’accompagnement des équipes. Elle intègre également une composante d’ innovation , encourageant l’initiative, l’adaptabilité et l’expérimentation. Enfin, une culture d’ organisation structurée soutient l’ensemble par la rigueur des processus, la fiabilité et l’efficacité opérationnelle. | Poste : Rejoignez Cnexia et faites le choix de faire partie d'un projet qui valorise l'innovation, promeut le developpement continu des competences et donne l'opportunite aux personnes creatives et ambitieuses du domaine des hautes technologies de realiser leurs objectifs professionnels. Fiers de notre statut de filiale Marocaine exclusive de l'operateur telecom historique du Canada, nous n'avons cesse d'elargir nos equipes depuis 2021 avec plus de 1300 employes principalement bases a Fes | Profil recherché : Nous venons d'etendre nos activites dans la partie nord du royaume en inaugurant un nouveau site a Rabat afin d'y poursuivre notre croissance avec comme objectif de plus que doubler nos effectifs a l'horizon 2024. A Cnexia nous faisons plus que supporter les clients de notre reseau a taille mondiale et les beneficiaires de nos divers services. Nous developpons des solutions innovantes et creons continuellement du contenu media multiplateforme original. Grace a cela, nous revolutionnons tous les jours la facon avec laquelle les Canadiens communiquent a travers le web et interagissent via des applications mobiles en les faisant beneficier d'une experience amelioree. Si vous etes prets a relever ce defi, nous vous invitons a rejoindre une communaute qui valorise les idees audacieuses et vous donne de multiples opportunites d'accomplissement de carriere dans un environnement multiculturel de classe mondiale ! « Chez Cnexia, nous offrons des opportunites egales a tous, sans distinction de race, couleur, origine, religion, sexe, nationalite, age, citoyennete, statut matrimonial ou handicap. »",Respect des règles | Volonté de persuasion | Distance émotionnelle | Implication au travail | Ténacité | Besoin d'action | Organisation | Travail en équipe,https://www.rekrute.com/offre-emploi-conseillers-commerciaux-francophones---fez-recrutement-cnexia-fes-182055.html,N/A,2026-04-22T23:42:48.690876
rekrute,Bilingual (fr/en) customer service & upselling representatives - order tracking | Rabat (Maroc),N/A (confidentiel),Rabat et région - Maroc,CDI,Centre d'appels (métiers de)                                                                 - Secteur Centre d'appels,Débutant (-1 an),Bac Minimum,N/A,"Entreprise : Rejoignez Cnexia et faites le choix de faire partie d'un projet qui valorise l'innovation, promeut le developpement continu des competences et donne l'opportunite aux personnes creatives et ambitieuses du domaine des hautes technologies de realiser leurs objectifs professionnels. Fiers de notre statut de filiale Marocaine exclusive de l'operateur telecom historique du Canada, nous n'avons cesse d'elargir nos equipes depuis 2021 avec plus de 1300 employes principalement bases a Fes. Nous venons d'etendre nos activites dans la partie nord du royaume en inaugurant un nouveau site a Rabat afin d'y poursuivre notre croissance avec comme objectif de plus que doubler nos effectifs a l'horizon 2024. A Cnexia nous faisons plus que supporter les clients de notre reseau a taille mondiale et les beneficiaires de nos divers services. Nous developpons des solutions innovantes et creons continuellement du contenu media multiplateforme original. Grace a cela, nous revolutionnons tous les jours la facon avec laquelle les Canadiens communiquent a travers le web et interagissent via des applications mobiles en les faisant beneficier d'une experience amelioree. Si vous etes prets a relever ce defi, nous vous invitons a rejoindre une communaute qui valorise les idees audacieuses et vous donne de multiples opportunites d'accomplissement de carriere dans un environnement multiculturel de classe mondiale ! « Chez Cnexia, nous offrons des opportunites egales a tous, sans distinction de race, couleur, origine, religion, sexe, nationalite, age, citoyennete, statut matrimonial ou handicap. » | Culture de l'entreprise : Cnexia s’inscrit dans une culture fortement orientée vers la performance et la compétition , où l’ambition, le goût du challenge et l’orientation client constituent des moteurs clés de réussite. Cette dynamique est complétée par une dimension de coopération , favorisant la confiance, la solidarité et un management de proximité attentif à l’accompagnement des équipes. Elle intègre également une composante d’ innovation , encourageant l’initiative, l’adaptabilité et l’expérimentation. Enfin, une culture d’ organisation structurée soutient l’ensemble par la rigueur des processus, la fiabilité et l’efficacité opérationnelle. | Poste : As a Customer Service & Sales Representative, you will handle customer interactions related to order tracking while also identifying opportunities to promote and sell additional products or services.- Manage inbound and outbound calls related to order status and delivery updates;- Provide accurate information regarding orders, shipments, delays, and resolutions;- Identify customer needs and proactively propose relevant products or services (upselling & cross-selling);- Promote ongoing offers, new products, or complementary services during customer interactions;- Handle customer complaints and ensure effective and timely resolution. | Profil recherché : - Previous experience in a call center, customer service, or telesales role preferred; - Experience in sales or commercial activities is a strong advantage; - Strong communication skills in French and English (spoken and written); - Customer-oriented with excellent interpersonal skills; - Good command of CRM tools and basic IT skills; - Results-oriented with the ability to meet both service and sales KPIs; - Dynamic, confident, and proactive; - Persuasive with a positive attitude.",Respect des règles | Volonté de persuasion | Distance émotionnelle | Implication au travail | Ténacité | Besoin d'action | Organisation | Travail en équipe,https://www.rekrute.com/offre-emploi-bilingual-fren-customer-service-upselling-representatives---order-tracking-recrutement-cnexia-rabat-182056.html,N/A,2026-04-22T23:42:50.754807
rekrute,Digital Performance Executive | Casablanca (Maroc),Présent depuis 1997 au Maroc,Casablanca et région - Maroc,Intérim,Commercial / Vente / Export - Marketing - Secteur Indifférent,Intermédiaire (3 à 5 ans),Bac +4 Minimum - Master - Université,N/A,"Entreprise : Présent depuis 1997 au Maroc, Manpower Group est un acteur international incontournable de l’emploi et de l’insertion sociale dans le monde. Au sein du Royaume Chérifien, nous couvrons l’ensemble du territoire, de Tanger à Laayoune. Nos équipes sont formées pour appuyer les entreprises dans la promotion de l’excellence en matière de gestion du capital humain : Intérim, CDD/CDI, Solutions & Ingénierie RH, Développement du capital humain… Pour nos salariés intérimaires , nous proposons une expérience unique, notamment avec la déclaration de 100% des heures travaillées, la mise en place d’une mutuelle pour tous et un accompagnement personnalisé pour les démarches administratives (bancarisation, CNSS…). Pour nos candidats , nous offrons, conformément aux standards mondiaux de Manpower Group, un processus de sélection, d’évaluation et d’accompagnement à la réussite dans leur nouvelle mission. | Poste : Manpower recherche pour son client un(e) Digital Performance Executive. Dans le cadre du développement de ses activités digitales, notre client recrute un(e) Digital Performance Executive chargé(e) de piloter et optimiser la performance des canaux en ligne (e-commerce, marketplaces, e-retailers), en ligne avec la stratégie commerciale. Missions principales : • Développer et déployer les activités online en assurant la performance des ventes sur les différents canaux • Garantir le succès des lancements produits en respectant les délais et les standards de qualité • Analyser la performance des canaux digitaux et identifier les leviers de croissance et de rentabilité • Proposer des activations spécifiques pour améliorer la performance par canal • Piloter des projets de marketing digital (A/B testing, optimisation de landing pages, engagement des audiences) • Coordonner avec les agences, prestataires et partenaires pour assurer la bonne exécution des projets digitaux • Suivre et analyser les KPIs via une approche data-driven et produire des reportings réguliers • Améliorer l’expérience client à travers l’analyse des données et des retours marché • Collaborer étroitement avec les équipes Digital, Commerciales et Contenu | Profil recherché : Profil recherché : • Bac+3/5 en Marketing, Digital ou équivalent • Minimum 3 ans d’expérience en marketing digital / e-commerce, idéalement dans le secteur FMCG • Esprit analytique avec une forte orientation performance • Excellentes compétences en gestion de projets • Bonne compréhension des environnements web et e-commerce • Excellente maîtrise du français, de l’anglais et de l’arabe (à l’écrit comme à l’oral)",Recherche de nouveauté | Extraversion | Volonté de persuasion | Intuition / Spontanéité | Flexibilité | Ambition | Organisation,https://www.rekrute.com/offre-emploi-digital-performance-executive-recrutement-manpower-agences-casablanca-182054.html,N/A,2026-04-22T23:42:53.496100
rekrute,Contrôleur de gestion senior | Casablanca (Maroc),Saham Bank,Casablanca et région - Maroc,CDI,Audit / Conseil - Gestion / Comptabilité / Finance - Secteur Banque / Finance,Confirmé (5 à 10 ans),Bac +5 et plus - Ecole de commerce - Université,N/A,"Entreprise : Saham Bank est devenue un Groupe financier de premier plan, s’appuyant sur un modèle éprouvé de banque universelle et de synergies avec ses 14 filiales spécialisées. Saham Bank a su adapter son organisation et son dispositif afin de répondre au mieux aux attentes de tous ses clients : Grandes Entreprises, Investisseurs Institutionnels, PME/PMI, Particuliers et Professionnels et ce, en couvrant tous les domaines d’activités et en proposant une large gamme de métiers complémentaires. Au Maroc, Saham Bank est portée par un projet d’entreprise visant à faire de notre banque « La banque relationnelle de référence sur ses marchés, proche de ses clients, choisie pour la qualité et l’engagement de ses équipes ». Près de 4000 collaborateurs sont actuellement animés par cette même ambition portée par 4 valeurs phares qui sont l’ Esprit d’équipe , l' Engagement , la Responsabilité et l’Innovation. POURQUOI NOUS CHOISIR ? Chez Saham Bank , nous sommes convaincus que les personnes sont moteurs du changement, et que le monde de demain sera fait de toutes leurs initiatives, des plus petites aux plus ambitieuses. Que vous nous rejoigniez pour quelques mois, quelques années ou toute votre carrière, ensemble nous avons les moyens d’avoir un impact positif sur l’avenir. Créer, oser, innover, entreprendre font partie de notre ADN. Si vous aussi vous souhaitez être dans l’action, évoluer dans un environnement stimulant et bienveillant, vous sentir utile au quotidien et développer ou renforcer votre expertise, nous sommes faits pour nous rencontrer ! | Culture de l'entreprise : Saham Bank s’appuie sur une culture majoritairement coopérative , plaçant l’humain, la confiance et l’esprit d’équipe au cœur de son fonctionnement. Le management de proximité favorise l’accompagnement, la responsabilisation et la collaboration durable entre les équipes. Cette approche est solidement complétée par une culture organisationnelle structurée , garantissant rigueur, conformité et efficacité des processus. Une dynamique de performance maîtrisée et une ouverture mesurée à l’innovation viennent enrichir l’ensemble, au service d’une croissance équilibrée et responsable. | Poste : Rattaché(e) à notre Service Unit Finance, votre rôle sera d'évaluer mensuellement les performances de la Banque & filiales sur la base des résultats et des KPI. Vos missions principales: • Contribuer activement à la gestion prévisionnelle de la Banque & filiales en participant au Budget et à la revue des estimés • Procéder au contrôle permanent des réalisations par rapport aux budgets/réestimés, et alerter en cas d'écart • Réaliser l'analyse mensuelle de la performance de la Banque, suivre les lignes métiers Groupe et challenger leurs performances • Participer aux projets et travaux transverses du contrôle de gestion et coordonner la procédure Budgétaire Groupe • Suivre les résultats de la Banque & Filiales, analyser les KPI et réaliser le reporting des Parts de Marché • Proposer les évolutions nécessaires aux outils de pilotage • Collecter, analyser et synthétiser les données budgétaires venant des lignes métiers et définir les procédures de constructions budgétaires Produire les documents de synthèse de la procédure budgétaire | Profil recherché : Et si c’était vous ? • Formation bac+5 de type école supérieure de commerce ou université, option finance/ contrôle de gestion. • Expérience professionnelle de 5 ans au minimum dans le contrôle de gestion. Compétences requises: • Connaissances en Finance et contrôle de gestion bancaire ; • Maitrise des outils informatiques ; • Connaissance des environnements Datawarehouse ; • Esprit d’analyse et de synthèse ; • Excellent niveau dans la rédaction des rapports et notes de synthèse ; • Sens de l’initiative et autonomie dans la conduite des travaux ; • Facilité d’adaptation et d’apprentissage.",Conventionnel | Respect des règles | Besoin d'objectivité | Rationalisme | Flexibilité | Besoin de réflexion | Organisation,https://www.rekrute.com/offre-emploi-controleur-de-gestion-senior-recrutement-saham-bank-casablanca-182053.html,N/A,2026-04-22T23:42:55.843438
rekrute,Chef de Projet Télécom - Transport Fibre (FTTx / WDM / IP) | Rabat (Maroc),BTECHNOLOGIE,Rabat et région - Maroc,CDI,Télécom / Réseaux                                                                 - Secteur Telecom,Intermédiaire (3 à 5 ans) - Confirmé (5 à 10 ans),Bac +5 et plus Minimum - Ecole d'ingénieur - Master,N/A,"Entreprise : BTECHNOLOGIE est un centre d’excellence premium au service de Bouygues Telecom filiale du groupe Accenture, visant à augmenter sa capacité de delivery, à améliorer la qualité perçue par ses clients finaux et à accompagner la croissance technologique dans une perspective d’économie décarbonée. Aujourd'hui, le centre compte plus de 500 talents et ambitionne d’atteindre les 1000 talents d’ici 2026. Envie de nouvelles perspectives de carrière ? Nous vous invitons à rejoindre notre centre d'excellence à Rabat, où vous participerez à des projets d'envergure avec une vision à long terme. Chaque jour est une opportunité de relever de nouveaux défis et de contribuer à façonner l'avenir de la technologie. Ensemble, nous bâtissons un avenir innovant, propulsé par votre talent et notre passion pour l'excellence. En intégrant notre équipe, vous serez reconnu(e) comme un collaborateur interne de Bouygues Telecom, acteur majeur des télécommunications. Nos atouts chez BTechnologie : • Bénéficiez d’un accompagnement personnalisé dès votre 1er jour d’arrivée par notre équipe Onboarding et votre futur Manager (accueil au sein de nos locaux à Rabat, journée d’onboarding, petit-déjeuner convivial). • Développez vos compétences techniques, fonctionnelles ou de management, grâce au catalogues de formations Accenture et à l’aide de nos Practice Managers et de leurs communautés. • Faîtes évoluer votre carrière grâce à notre politique de mobilité. | Poste : Dans le cadre de projets réalisés pour un grand opérateur télécom international, Bouygues Telecom, vous intervenez sur des projets télécoms à forte valeur technique, autour des réseaux de transport fibre. Vous jouez un rôle clé dans la réussite des projets, de la compréhension du besoin client jusqu’à la mise en œuvre opérationnelle. Vos responsabilités Piloter des projets de déploiement et d’évolution de réseaux de transport fibre (FTTx / FON) Analyser les besoins clients et proposer des solutions techniques adaptées Coordonner les équipes internes et les parties prenantes (ingénierie, exploitation, partenaires) Superviser les phases de conception, déploiement et mise en service Assurer le suivi des indicateurs projet : délais, coûts, qualité, risques Intervenir sur des environnements WDM (DWDM/CWDM) et services IP / MPLS Garantir la qualité et la conformité des solutions livrées | Profil recherché : Formation & expérience Bac+5 en télécoms, réseaux ou équivalent Expérience confirmée en gestion de projets télécoms, idéalement sur des projets de transport fibre Compétences techniques Maîtrise des architectures FTTx / FON (réseaux de transport) Connaissances solides en : WDM (DWDM/CWDM) Réseaux IP / MPLS Bonne compréhension des environnements backbone / transmission Soft skills Leadership et capacité de coordination Esprit d’analyse et orientation solution Excellent relationnel et sens du client Capacité à évoluer dans des environnements complexes et exigeants",Recherche de nouveauté | Besoin de réflexion | Besoin d'autonomie | Implication au travail | Ambition,https://www.rekrute.com/offre-emploi-chef-de-projet-telecom---transport-fibre-fttx-wdm-ip-recrutement-btechnologie-rabat-182052.html,N/A,2026-04-22T23:42:59.171273
rekrute,Méthodologie Documentaire (H/F) | Rabat (Maroc),ALTEN MAROC,Rabat et région - Maroc,CDI,Informatique / Electronique                                                                 - Secteur Automobile / Motos / Cycles,Junior (1 à 3 ans),Bac +5 et plus Minimum - Master,N/A,"Entreprise : ALTEN MAROC , Filiale du leader mondial de l’ingénierie et du conseil en technologie créé en 2008 et présent à Fès, Rabat, Tétouan et Casablanca, compte aujourd’hui plus de 2200 collaborateurs et vise un centre d’excellence de 3300 ALTENiens en fin 2027 . Elle s’impose aujourd’hui comme un acteur stratégique dans l’accompagnement du développement professionnel des ingénieurs. Notre mission : répondre aux ambitions technologiques de nos clients — grands donneurs d’ordre internationaux — dans les secteurs de l’automobile, du ferroviaire, de la R&D et de l’IT, des télécommunications et des médias. Rejoindre ALTEN Maroc, c’est intégrer un écosystème d’excellence et bénéficier : • D’un parcours de carrière personnalisé et évolutif • D’une politique ambitieuse de développement des compétences • D’un environnement de travail stimulant, collaboratif et porteur de sens | Culture de l'entreprise : Alten Maroc se distingue par une culture profondément collaborative , centrée sur l’humain, la confiance et le soutien entre équipes, avec un management de proximité qui accompagne et fait grandir les talents. Cette dynamique est enrichie par une vraie ouverture à l’innovation , où la créativité, l’initiative et l’expérimentation sont encouragées au quotidien. Le fonctionnement s’appuie aussi sur une organisation structurée , garantissant efficacité, rigueur et qualité dans les projets d’ingénierie. Enfin, l’esprit de performance est présent mais équilibré, soutenant une ambition collective sans nuire au climat bienveillant et participatif. | Poste : Les différentes activités confiées seront : - CR réunion key user / convergence métier / présentation - Dossier de synthèse des besoins Séminaire Key Users, F2F, RAP - Dossier d'expression de besoin (hors activité MOA) - fiche d’évolution outil - Dossier cadrage , état des lieux, analyse d'impact sur un sujet donné (hors activité MOA) - Dossier de déploiement (support de communication, manuel utilisateur, formation au déploiement, support utilisateur, etc.) - Compte rendu de réunions - Comptes rendus des réunions de gouvernance - Dossier de synthèse réalisé et présenté - CR interview utilisateurs & réunions présentation/ convergence - Gestion de la session: session créé – animation de la liste des participants (mails d’invitation/relance) – clôture de la session avec école ingénierie - Support de formation mis à jour - Comptes rendus pour donner suite à formation (feedbacks, envoi participants) | Profil recherché : Jalonnement documentaire V3P et Leap100 Fonctionnement de la Doc Technique Gestion des versions dérivées Règles pour produire la Documentation Définition Technique PF/UB Véhicule Structure documentaire Compo des ASSEMBLES Nomenclature après Doc Série Nomenclature avant Doc Série PG, DNO, One Dictionary Principes généraux de la Doc Technique eBOM Diversité véhicule : ONE TCS Conformité du TCS Diversité Pièce : Commonalité en eBOM - Définition Technique Règles de partage des données avec les partenaires 3D Experience WEB (modules de l'Ingénierie) Administrer les référentiels de son périmètre Fondamentaux de l'approche processus Processus fédérateurs opérationnels Qualités relationnelles et excellente capacité à communiquer: Bon niveau d’anglais et de Français Diplomatie envers les utilisateurs dans tout type de situations Rigueur, sens de l’organisation et gestion des priorités",Recherche de nouveauté | Besoin de réflexion | Besoin d'autonomie | Implication au travail | Ambition,https://www.rekrute.com/offre-emploi-methodologie-documentaire-hf-recrutement-alten-maroc-rabat-182050.html,N/A,2026-04-22T23:43:05.252093
rekrute,Conseiller Clientèle Nador  (H/F) | Nador (Maroc),Avec son modèle de banque universelle,Oujda et région - Maroc,CDI,Banque (métiers de la)                                                                 - Secteur Banque / Finance,Débutant (-1 an),Bac +5 et plus Minimum - Master,"• Intégrer une banque leader sur le marché financier tourné vers l’humain et l’innovation et certifiée Top Employeur pour 4 années consécutives . • Bénéficiez d’un environnement de travail stimulant avec nombreuses opportunités de développement professionnel. • Profitez d’avantages compétitifs (rémunération attractive, formations continues, etc).","Entreprise : Avec son modèle de banque universelle, sa dimension panafricaine, la complémentarité de ses métiers et ses expertises solides, le Groupe Attijariwafa bank est un acteur de référence du secteur financier au Maroc et en Afrique. Attijariwafa bank a su, depuis plus d’un siècle, se réinventer en diversifiant ses métiers, en renouvelant ses offres et en adaptant ses organisations, pour répondre à son ambition de devenir la banque relationnelle de référence. Le Groupe Attijariwafa bank accompagne aujourd’hui près de 10,2 millions de clients particuliers, professionnels, entreprises et institutionnels et mobilise 20 602 collaborateurs dans 25 pays en Afrique, en Europe et au Moyen-Orient. NOUVEAUTÉ : Découvrez notre 2ème colloque «Talents africains groupe attijariwafa bank» en cliquant ici Premier financeur de l’économie nationale, premier collecteur de l’épargne et premier acteur des paiements électroniques au Maroc, les différentes performances du Groupe Attijariwafa bank le confortent dans ses choix stratégiques et le positionnent comme leader incontesté du secteur bancaire et financier national. Le Groupe est un acteur bancaire et financier de premier plan à l'échelle de la région et dispose du réseau d'agences le plus large en Afrique avec plus 5265 Agences bancaires. | Culture de l'entreprise : Attijariwafa bank développe une culture majoritairement orientée coopération , plaçant l’humain, la confiance et l’esprit d’équipe au cœur de son fonctionnement. L’entreprise favorise un management de proximité, fondé sur l’accompagnement, la responsabilisation et la qualité des relations professionnelles. Cette approche collaborative est complétée par une forte exigence de performance, valorisant l’ambition, le dépassement de soi et l’orientation client. Elle intègre également une dynamique d’innovation, encadrée par des processus structurés garantissant fiabilité, efficacité et maîtrise des activités. | Poste : Dans le cadre de développement de notre activité, nous recherchons des Conseillers(ères) Clientèles dynamiques et motivé(es). Vous serez l’interlocuteur privilégié de nos clients en les accompagnant dans leurs projets financiers et en leur proposant des solutions adaptées à leurs besoins. Si vous répondez à ces critères et que vous souhaitez évoluer dans un environnement stimulant, alors cette opportunité est pour vous. En tant que Conseiller(ère) Clientèle , vous serez directement rattaché au Responsable d’agence. Vos responsabilités incluront : • Gérer et développer un portefeuille clients (particuliers et professionnels). • Identifier les besoins des clients et leur proposer des produits et services bancaires adaptés (épargne, crédits, assurances…). • Fidéliser et conseiller les clients. • Développer l’activité commerciale à travers la prospection. • Veiller au respect des procédures internes et des normes en vigueur. | Profil recherché : Profil recherché : • De Formation Bac+5 Ecoles de Commerce ou équivalent, vous débutez ou justifiez d’une première expérience dans le domaine commercial idéalement en milieu financier. • Vous avez une capacité d’écoute, une aisance relationnelle et le sens du conseil. • Vous êtes dynamique, autonome et avez l’esprit d’équipe. Pourquoi nous rejoindre ? • Intégrer une banque leader sur le marché financier tourné vers l’humain et l’innovation et certifiée Top Employeur pour 4 années consécutives . • Bénéficiez d’un environnement de travail stimulant avec nombreuses opportunités de développement professionnel. • Profitez d’avantages compétitifs (rémunération attractive, formations continues, etc). Envoyez-nous votre CV, nous sommes impatients de découvrir votre profil !",Volonté de persuasion | Conventionnel | Flexibilité | Implication au travail,https://www.rekrute.com/offre-emploi-conseiller-clientele-nador-hf-recrutement-attijariwafa-bank-nador-182049.html,N/A,2026-04-22T23:43:07.814709
rekrute,Gestionnaire Clientèle - Réseau Nador (H/F) | Nador (Maroc),Avec son modèle de banque universelle,Kénitra et région - Maroc,Autre,Banque (métiers de la)                                                                 - Secteur Banque / Finance,Débutant (-1 an),Bac +3 Minimum,"• Intégrer une banque leader sur le marché financier tourné vers l’humain et l’innovation et certifiée Top Employeur pour 4 années consécutives . • Bénéficiez d’un environnement de travail stimulant avec nombreuses opportunités de développement professionnel. • Profitez d’avantages compétitifs (rémunération attractive, formations continues, etc).","Entreprise : Avec son modèle de banque universelle, sa dimension panafricaine, la complémentarité de ses métiers et ses expertises solides, le groupe Attijariwafa bank est un acteur de référence du secteur financier au Maroc et en Afrique. Attijariwafa bank a su, depuis plus d’un siècle, se réinventer en diversifiant ses métiers, en renouvelant ses offres et en adaptant ses organisations, pour répondre à son ambition de devenir la banque relationnelle de référence. Le groupe Attijariwafa bank accompagne aujourd’hui 12 millions de clients particuliers, professionnels, entreprises et institutionnels et mobilise 20.900 collaborateurs dans 26 pays en Afrique, en Europe et au Moyen-Orient. | Culture de l'entreprise : Attijariwafa bank développe une culture majoritairement orientée coopération , plaçant l’humain, la confiance et l’esprit d’équipe au cœur de son fonctionnement. L’entreprise favorise un management de proximité, fondé sur l’accompagnement, la responsabilisation et la qualité des relations professionnelles. Cette approche collaborative est complétée par une forte exigence de performance, valorisant l’ambition, le dépassement de soi et l’orientation client. Elle intègre également une dynamique d’innovation, encadrée par des processus structurés garantissant fiabilité, efficacité et maîtrise des activités. | Poste : Dans le cadre de développement de notre activité, nous recherchons des Gestionnaires Clientèles dynamiques et motivé(es). Si vous répondez à ces critères et que vous souhaitez évoluer dans un environnement stimulant, alors cette opportunité est pour vous. En tant que Gestionnaire Clientèle , vos responsabilités incluront : • Accueillir et orienter les clients particuliers et professionnels. • Prendre en charge la gestion de la caisse et procéder aux opérations courantes de la banque (versement, retraits, virements…). • Assurer, avec le Gestionnaire Clientèle Principal ou le Responsable d'Agence, la gestion de la trésorerie (appel ou ramassage des fonds, alimentation du GAB). • Procéder au traitement des valeurs et à la centralisation des journées comptables. • Développer un portefeuille clients et commercialiser des produits bancaires simplifiés. • Veiller au respect des procédures internes et des normes en vigueur. | Profil recherché : • De formation Bac+2/ Bac+3 : BTS, DTS, DUT, DEUG ou Licence avec une spécialité en Economie et gestion, Comptabilité Finance ou Commerce Marketing • Vous êtes dynamique, autonome et avez l’esprit d’équipe. Pourquoi nous rejoindre ? • Intégrer une banque leader sur le marché financier tourné vers l’humain et l’innovation et certifiée Top Employeur pour 4 années consécutives . • Bénéficiez d’un environnement de travail stimulant avec nombreuses opportunités de développement professionnel. • Profitez d’avantages compétitifs (rémunération attractive, formations continues, etc). Envoyez-nous votre CV, nous sommes impatients de découvrir votre profil !",Volonté de persuasion | Conventionnel | Flexibilité | Implication au travail,https://www.rekrute.com/offre-emploi-gestionnaire-clientele---reseau-nador-hf-recrutement-attijariwafa-bank-nador-182048.html,N/A,2026-04-22T23:43:09.913097
rekrute,Gestionnaire Clientèle - Réseau  Oujda / Berkane (H/F) | Oujda (Maroc),Avec son modèle de banque universelle,Kénitra et région - Maroc,Autre,Banque (métiers de la)                                                                 - Secteur Banque / Finance,Débutant (-1 an),Bac +3 Minimum,"• Intégrer une banque leader sur le marché financier tourné vers l’humain et l’innovation et certifiée Top Employeur pour 4 années consécutives . • Bénéficiez d’un environnement de travail stimulant avec nombreuses opportunités de développement professionnel. • Profitez d’avantages compétitifs (rémunération attractive, formations continues, etc).","Entreprise : Avec son modèle de banque universelle, sa dimension panafricaine, la complémentarité de ses métiers et ses expertises solides, le groupe Attijariwafa bank est un acteur de référence du secteur financier au Maroc et en Afrique. Attijariwafa bank a su, depuis plus d’un siècle, se réinventer en diversifiant ses métiers, en renouvelant ses offres et en adaptant ses organisations, pour répondre à son ambition de devenir la banque relationnelle de référence. Le groupe Attijariwafa bank accompagne aujourd’hui 12 millions de clients particuliers, professionnels, entreprises et institutionnels et mobilise 20.900 collaborateurs dans 26 pays en Afrique, en Europe et au Moyen-Orient. | Culture de l'entreprise : Attijariwafa bank développe une culture majoritairement orientée coopération , plaçant l’humain, la confiance et l’esprit d’équipe au cœur de son fonctionnement. L’entreprise favorise un management de proximité, fondé sur l’accompagnement, la responsabilisation et la qualité des relations professionnelles. Cette approche collaborative est complétée par une forte exigence de performance, valorisant l’ambition, le dépassement de soi et l’orientation client. Elle intègre également une dynamique d’innovation, encadrée par des processus structurés garantissant fiabilité, efficacité et maîtrise des activités. | Poste : Dans le cadre de développement de notre activité, nous recherchons des Gestionnaires Clientèles dynamiques et motivé(es). Si vous répondez à ces critères et que vous souhaitez évoluer dans un environnement stimulant, alors cette opportunité est pour vous. En tant que Gestionnaire Clientèle , vos responsabilités incluront : • Accueillir et orienter les clients particuliers et professionnels. • Prendre en charge la gestion de la caisse et procéder aux opérations courantes de la banque (versement, retraits, virements…). • Assurer, avec le Gestionnaire Clientèle Principal ou le Responsable d'Agence, la gestion de la trésorerie (appel ou ramassage des fonds, alimentation du GAB). • Procéder au traitement des valeurs et à la centralisation des journées comptables. • Développer un portefeuille clients et commercialiser des produits bancaires simplifiés. • Veiller au respect des procédures internes et des normes en vigueur. | Profil recherché : • De formation Bac+2/ Bac+3 : BTS, DTS, DUT, DEUG ou Licence avec une spécialité en Economie et gestion, Comptabilité Finance ou Commerce Marketing • Vous êtes dynamique, autonome et avez l’esprit d’équipe. Pourquoi nous rejoindre ? • Intégrer une banque leader sur le marché financier tourné vers l’humain et l’innovation et certifiée Top Employeur pour 4 années consécutives . • Bénéficiez d’un environnement de travail stimulant avec nombreuses opportunités de développement professionnel. • Profitez d’avantages compétitifs (rémunération attractive, formations continues, etc). Envoyez-nous votre CV, nous sommes impatients de découvrir votre profil !",Volonté de persuasion | Conventionnel | Flexibilité | Implication au travail,https://www.rekrute.com/offre-emploi-gestionnaire-clientele---reseau-oujda-berkane-hf-recrutement-attijariwafa-bank-oujda-182047.html,N/A,2026-04-22T23:43:12.902801
rekrute,Conseiller Clientèle (H/F) | Bouarfa (Maroc),Avec son modèle de banque universelle,Oujda et région - Maroc,CDI,Banque (métiers de la)                                                                 - Secteur Banque / Finance,Débutant (-1 an),Bac +5 et plus Minimum - Master,"• Intégrer une banque leader sur le marché financier tourné vers l’humain et l’innovation et certifiée Top Employeur pour 4 années consécutives . • Bénéficiez d’un environnement de travail stimulant avec nombreuses opportunités de développement professionnel. • Profitez d’avantages compétitifs (rémunération attractive, formations continues, etc).","Entreprise : Avec son modèle de banque universelle, sa dimension panafricaine, la complémentarité de ses métiers et ses expertises solides, le Groupe Attijariwafa bank est un acteur de référence du secteur financier au Maroc et en Afrique. Attijariwafa bank a su, depuis plus d’un siècle, se réinventer en diversifiant ses métiers, en renouvelant ses offres et en adaptant ses organisations, pour répondre à son ambition de devenir la banque relationnelle de référence. Le Groupe Attijariwafa bank accompagne aujourd’hui près de 10,2 millions de clients particuliers, professionnels, entreprises et institutionnels et mobilise 20 602 collaborateurs dans 25 pays en Afrique, en Europe et au Moyen-Orient. NOUVEAUTÉ : Découvrez notre 2ème colloque «Talents africains groupe attijariwafa bank» en cliquant ici Premier financeur de l’économie nationale, premier collecteur de l’épargne et premier acteur des paiements électroniques au Maroc, les différentes performances du Groupe Attijariwafa bank le confortent dans ses choix stratégiques et le positionnent comme leader incontesté du secteur bancaire et financier national. Le Groupe est un acteur bancaire et financier de premier plan à l'échelle de la région et dispose du réseau d'agences le plus large en Afrique avec plus 5265 Agences bancaires. | Culture de l'entreprise : Attijariwafa bank développe une culture majoritairement orientée coopération , plaçant l’humain, la confiance et l’esprit d’équipe au cœur de son fonctionnement. L’entreprise favorise un management de proximité, fondé sur l’accompagnement, la responsabilisation et la qualité des relations professionnelles. Cette approche collaborative est complétée par une forte exigence de performance, valorisant l’ambition, le dépassement de soi et l’orientation client. Elle intègre également une dynamique d’innovation, encadrée par des processus structurés garantissant fiabilité, efficacité et maîtrise des activités. | Poste : Dans le cadre de développement de notre activité, nous recherchons des Conseillers(ères) Clientèles dynamiques et motivé(es). Vous serez l’interlocuteur privilégié de nos clients en les accompagnant dans leurs projets financiers et en leur proposant des solutions adaptées à leurs besoins. Si vous répondez à ces critères et que vous souhaitez évoluer dans un environnement stimulant, alors cette opportunité est pour vous. En tant que Conseiller(ère) Clientèle , vous serez directement rattaché au Responsable d’agence. Vos responsabilités incluront : • Gérer et développer un portefeuille clients (particuliers et professionnels). • Identifier les besoins des clients et leur proposer des produits et services bancaires adaptés (épargne, crédits, assurances…). • Fidéliser et conseiller les clients. • Développer l’activité commerciale à travers la prospection. • Veiller au respect des procédures internes et des normes en vigueur. | Profil recherché : Profil recherché : • De Formation Bac+5 Ecoles de Commerce ou équivalent, vous débutez ou justifiez d’une première expérience dans le domaine commercial idéalement en milieu financier. • Vous avez une capacité d’écoute, une aisance relationnelle et le sens du conseil. • Vous êtes dynamique, autonome et avez l’esprit d’équipe. Pourquoi nous rejoindre ? • Intégrer une banque leader sur le marché financier tourné vers l’humain et l’innovation et certifiée Top Employeur pour 4 années consécutives . • Bénéficiez d’un environnement de travail stimulant avec nombreuses opportunités de développement professionnel. • Profitez d’avantages compétitifs (rémunération attractive, formations continues, etc). Envoyez-nous votre CV, nous sommes impatients de découvrir votre profil !",Volonté de persuasion | Conventionnel | Flexibilité | Implication au travail,https://www.rekrute.com/offre-emploi-conseiller-clientele-hf-recrutement-attijariwafa-bank-bouarfa-182045.html,N/A,2026-04-22T23:43:15.667726
rekrute,Conseiller Clientèle (H/F) | Guercif (Maroc),Avec son modèle de banque universelle,Oujda et région - Maroc,CDI,Banque (métiers de la)                                                                 - Secteur Banque / Finance,Débutant (-1 an),Bac +5 et plus Minimum - Master,"• Intégrer une banque leader sur le marché financier tourné vers l’humain et l’innovation et certifiée Top Employeur pour 4 années consécutives . • Bénéficiez d’un environnement de travail stimulant avec nombreuses opportunités de développement professionnel. • Profitez d’avantages compétitifs (rémunération attractive, formations continues, etc).","Entreprise : Avec son modèle de banque universelle, sa dimension panafricaine, la complémentarité de ses métiers et ses expertises solides, le Groupe Attijariwafa bank est un acteur de référence du secteur financier au Maroc et en Afrique. Attijariwafa bank a su, depuis plus d’un siècle, se réinventer en diversifiant ses métiers, en renouvelant ses offres et en adaptant ses organisations, pour répondre à son ambition de devenir la banque relationnelle de référence. Le Groupe Attijariwafa bank accompagne aujourd’hui près de 10,2 millions de clients particuliers, professionnels, entreprises et institutionnels et mobilise 20 602 collaborateurs dans 25 pays en Afrique, en Europe et au Moyen-Orient. NOUVEAUTÉ : Découvrez notre 2ème colloque «Talents africains groupe attijariwafa bank» en cliquant ici Premier financeur de l’économie nationale, premier collecteur de l’épargne et premier acteur des paiements électroniques au Maroc, les différentes performances du Groupe Attijariwafa bank le confortent dans ses choix stratégiques et le positionnent comme leader incontesté du secteur bancaire et financier national. Le Groupe est un acteur bancaire et financier de premier plan à l'échelle de la région et dispose du réseau d'agences le plus large en Afrique avec plus 5265 Agences bancaires. | Culture de l'entreprise : Attijariwafa bank développe une culture majoritairement orientée coopération , plaçant l’humain, la confiance et l’esprit d’équipe au cœur de son fonctionnement. L’entreprise favorise un management de proximité, fondé sur l’accompagnement, la responsabilisation et la qualité des relations professionnelles. Cette approche collaborative est complétée par une forte exigence de performance, valorisant l’ambition, le dépassement de soi et l’orientation client. Elle intègre également une dynamique d’innovation, encadrée par des processus structurés garantissant fiabilité, efficacité et maîtrise des activités. | Poste : Dans le cadre de développement de notre activité, nous recherchons des Conseillers(ères) Clientèles dynamiques et motivé(es). Vous serez l’interlocuteur privilégié de nos clients en les accompagnant dans leurs projets financiers et en leur proposant des solutions adaptées à leurs besoins. Si vous répondez à ces critères et que vous souhaitez évoluer dans un environnement stimulant, alors cette opportunité est pour vous. En tant que Conseiller(ère) Clientèle , vous serez directement rattaché au Responsable d’agence. Vos responsabilités incluront : • Gérer et développer un portefeuille clients (particuliers et professionnels). • Identifier les besoins des clients et leur proposer des produits et services bancaires adaptés (épargne, crédits, assurances…). • Fidéliser et conseiller les clients. • Développer l’activité commerciale à travers la prospection. • Veiller au respect des procédures internes et des normes en vigueur. | Profil recherché : Profil recherché : • De Formation Bac+5 Ecoles de Commerce ou équivalent, vous débutez ou justifiez d’une première expérience dans le domaine commercial idéalement en milieu financier. • Vous avez une capacité d’écoute, une aisance relationnelle et le sens du conseil. • Vous êtes dynamique, autonome et avez l’esprit d’équipe. Pourquoi nous rejoindre ? • Intégrer une banque leader sur le marché financier tourné vers l’humain et l’innovation et certifiée Top Employeur pour 4 années consécutives . • Bénéficiez d’un environnement de travail stimulant avec nombreuses opportunités de développement professionnel. • Profitez d’avantages compétitifs (rémunération attractive, formations continues, etc). Envoyez-nous votre CV, nous sommes impatients de découvrir votre profil !",Volonté de persuasion | Conventionnel | Flexibilité | Implication au travail,https://www.rekrute.com/offre-emploi-conseiller-clientele-hf-recrutement-attijariwafa-bank-guercif-182044.html,N/A,2026-04-22T23:43:17.786473
rekrute,Téléconseiller(e)s | Casablanca (Maroc),Avec son modèle de banque universelle,Casablanca et région - Maroc,CDI,Centre d'appels (métiers de)                                                                 - Secteur Banque / Finance								- Centre d'appels,Junior (1 à 3 ans) - Intermédiaire (3 à 5 ans),Bac +3 Maximum,N/A,"Entreprise : Avec son modèle de banque universelle, sa dimension panafricaine, la complémentarité de ses métiers et ses expertises solides, le groupe Attijariwafa bank est un acteur de référence du secteur financier au Maroc et en Afrique. Attijariwafa bank a su, depuis plus d’un siècle, se réinventer en diversifiant ses métiers, en renouvelant ses offres et en adaptant ses organisations, pour répondre à son ambition de devenir la banque relationnelle de référence. Le groupe Attijariwafa bank accompagne aujourd’hui 12 millions de clients particuliers, professionnels, entreprises et institutionnels et mobilise 20.900 collaborateurs dans 26 pays en Afrique, en Europe et au Moyen-Orient. | Culture de l'entreprise : Attijariwafa bank développe une culture majoritairement orientée coopération , plaçant l’humain, la confiance et l’esprit d’équipe au cœur de son fonctionnement. L’entreprise favorise un management de proximité, fondé sur l’accompagnement, la responsabilisation et la qualité des relations professionnelles. Cette approche collaborative est complétée par une forte exigence de performance, valorisant l’ambition, le dépassement de soi et l’orientation client. Elle intègre également une dynamique d’innovation, encadrée par des processus structurés garantissant fiabilité, efficacité et maîtrise des activités. | Poste : Assurer au téléphone une relation de qualité avec les clients de la banque, prendre en charge leurs demandes et apporter des réponses/solutions adaptées à leurs besoins en terme de conseils et d'offres produits. Vos missions seront les suivantes: Prendre en charge la demande du client, Conseiller et informer le client / prospect sur les offres en cours, Promouvoir et commercialiser par téléphone les produits et services de la banque, Mettre à jour et enrichir les données client, Initier les réclamations client, Veiller au respect des normes de qualité et procédures bancaires. | Profil recherché : Commercial dans l'âme, de formation Bac+3 (idéalement option Marketing, Techniques de vente, Economie et Gestion , Commerce ou Management Commercial ...) Vous avez une première expérience idéalement en tant que téléconseiller en Centre d'Appels. Débutants acceptés avec formation assurée. Vous maîtrisez les langues: Français , Anglais Vous êtes dynamique et avez le goût du challenge Compétences requises: Savoir-faire: Capacité d'organisation, Esprit d'analyse et de synthèse, Orientation client, Orientation résultat, Capacité d'apprentissage et assimilation, Influence et persuasion. Savoir-être: Ecoute active, Réactivité, Communication, Capacité d'adaptation, Intelligence émotionnelle, Résistance au stress, Sens relationnel.",Respect des règles | Volonté de persuasion | Distance émotionnelle | Ténacité | Besoin d'action | Travail en équipe | Implication au travail | Organisation,https://www.rekrute.com/offre-emploi-teleconseilleres-recrutement-attijariwafa-bank-casablanca-180380.html,N/A,2026-04-22T23:43:20.739654
rekrute,Responsable de Maintenance Automatisme | El Jadida (Maroc),Fort d’une expérience terrain de plus de 40 ans,Casablanca et région - Maroc,CDI,Production / Qualité / Sécurité / Maintenance                                                                 - Secteur Métallurgie / Sidérurgie,Expert (10 à 20 ans),Bac +5 et plus Minimum - Ecole d'ingénieur,N/A,"Entreprise : Fort d’une expérience terrain de plus de 40 ans , MESKI Invest est un groupe marocain multi-métiers ayant fait le choix stratégique de la diversification , en intervenant dans les secteurs clés de l’économie marocaine : • Riva Industrie : Industries sidérurgiques • Entreprises Belmekki : Distribution de matériaux de construction • Nadym : Logistique et services de transport routier, transport de marchandises et location camions remorques • Belmekkimmo : Immobilier • Danub : Location de voitures • Ontario : Transport touristique • Jawda Bois : Distribution de bois • Nouveaux métiers innovants en cours de développement dans le cadre du programme national d’accélération industrielle Créateur de valeurs dans plusieurs régions du Royaume, le Groupe a su confirmer au niveau national sa vocation d’ acteur de référence grâce à une expertise humaine et des technologies de pointe. Rejoindre le Groupe Meski Invest , c’est faire partie d’un groupe familial, visionnaire et audacieux qui continue d’entreprendre et d’investir. Tous ses bénéfices sont réinvestis dans le développement au service de cette politique de croissance. Le Groupe est en outre engagé dans le développement économique local et dans le développement durable , reposant sur le savoir-faire et l’implication de ses salariés . Nos collaborateurs, qui sont plus de 2 500 , font la force de notre Groupe. Pour leur offrir des perspectives de carrière intéressantes et attirer de nouveaux talents, nous travaillons continuellement à l’amélioration de nos techniques de management et proposons des opportunités de carrière et une formation continue , tout en veillant à la qualité de l’environnement de travail et à l'établissement de relations sociales professionnelles. | Poste : Afin de renforcer notre Direction de Maintenance de notre laminoir à fils, nous recrutons un Responsable de Maintenance Automatisme. Ce poste stratégique vise à assurer l'efficacité et la fiabilité des équipements d'automatisation, tout en garantissant la continuité de la production dans un cadre sécurisé et optimisé. Le candidat aura pour mission de superviser les activités de maintenance automatisme, d'optimiser les ressources humaines et matérielles, et de proposer des projets d'amélioration pour la performance globale. | Profil recherché : - De Formation Bac +5 en automatisme avec un minimum de 8 ans d'expérience dans un domaine de préférence en industrie lourde. - Maitrise des automates programmables, de la régulation industrielle, et des variateurs de vitesse. - Solide connaissance en électrotechnique et des équipements des industries lourdes - Expertise dans l'utilisation de la GMAO, notamment Coswin. - Connaissances des normes de systèmes de management intégré (ISO 9001/45001/14001). - Esprit d’équipe, esprit d’analyse et sens de la sécurité. - Excellentes aptitudes de communication, rigueur, et méthode.",Respect des règles | Besoin d'objectivité | Rationalisme | Ténacité | Organisation,https://www.rekrute.com/offre-emploi-responsable-de-maintenance-automatisme-recrutement-meski-invest---riva-industries-el-jadida-182043.html,N/A,2026-04-22T23:43:23.519575
rekrute,Contrôleur financier N2 | Casablanca (Maroc),Saham Bank,Casablanca et région - Maroc,CDI,Gestion / Comptabilité / Finance                                                                 - Secteur Banque / Finance,Intermédiaire (3 à 5 ans),Bac +5 et plus - Ecole de commerce - Université,N/A,"Entreprise : Saham Bank est devenue un Groupe financier de premier plan, s’appuyant sur un modèle éprouvé de banque universelle et de synergies avec ses 14 filiales spécialisées. Saham Bank a su adapter son organisation et son dispositif afin de répondre au mieux aux attentes de tous ses clients : Grandes Entreprises, Investisseurs Institutionnels, PME/PMI, Particuliers et Professionnels et ce, en couvrant tous les domaines d’activités et en proposant une large gamme de métiers complémentaires. Au Maroc, Saham Bank est portée par un projet d’entreprise visant à faire de notre banque « La banque relationnelle de référence sur ses marchés, proche de ses clients, choisie pour la qualité et l’engagement de ses équipes ». Près de 4000 collaborateurs sont actuellement animés par cette même ambition portée par 4 valeurs phares qui sont l’ Esprit d’équipe , l' Engagement , la Responsabilité et l’Innovation. POURQUOI NOUS CHOISIR ? Chez Saham Bank , nous sommes convaincus que les personnes sont moteurs du changement, et que le monde de demain sera fait de toutes leurs initiatives, des plus petites aux plus ambitieuses. Que vous nous rejoigniez pour quelques mois, quelques années ou toute votre carrière, ensemble nous avons les moyens d’avoir un impact positif sur l’avenir. Créer, oser, innover, entreprendre font partie de notre ADN. Si vous aussi vous souhaitez être dans l’action, évoluer dans un environnement stimulant et bienveillant, vous sentir utile au quotidien et développer ou renforcer votre expertise, nous sommes faits pour nous rencontrer ! | Culture de l'entreprise : Saham Bank s’appuie sur une culture majoritairement coopérative , plaçant l’humain, la confiance et l’esprit d’équipe au cœur de son fonctionnement. Le management de proximité favorise l’accompagnement, la responsabilisation et la collaboration durable entre les équipes. Cette approche est solidement complétée par une culture organisationnelle structurée , garantissant rigueur, conformité et efficacité des processus. Une dynamique de performance maîtrisée et une ouverture mesurée à l’innovation viennent enrichir l’ensemble, au service d’une croissance équilibrée et responsable. | Poste : Rattaché à la Service Unit Finance, votre rôle sera d'évaluer l’adéquation, la performance et l’efficacité des contrôles permanents de premier niveau sur le périmètre comptable et financier, à travers des contrôles permanents de second niveau. Vos missions principales: • S’assurer que les contrôles de 1er niveau à caractère comptable et financier sont réalisés ; • Conduire des missions de vérification de la correcte application des normes comptables (locales et IFRS) ; • Rédiger les rapports y afférents et formaliser les travaux sur les outils groupe ; • Suivre la mise en œuvre des recommandations et plans d’action issus des missions de contrôles ; • Challenger et accompagner la mise en œuvre des mesures de gestion des risques par les métiers ; • Prendre part aux travaux du Risk assessment et de l'élaboration du plan de contrôle ; • Créer et améliorer les processus internes. | Profil recherché : Profil recherché: Vous êtes de formation Bac+5 d’une grande école de commerce, université ou école d'ingénieurs. Vous justifiez d’une expérience d'au moins 4 ans en cabinet d'audit ou pôles financiers avec une forte appétence aux questions de contrôles. Compétences requises • Bonne maitrise des sujets comptables, des risques structurels ALM (Risque de taux, risque de change, liquidité), et du calcul des ratios réglementaires (Solvabilité, CMDR etc.) • Capacité d’analyse des états financiers et compréhension des indicateurs de pilotage financiers ; • Compétences dans la méthodologie de contrôle et d’audit ; • Connaissance du secteur bancaire est fortement requise. Qualités requises • Capacité d’analyse et de synthèse • Sens de l'écoute ; • Impartialité ; • Autonomie ; • Esprit d'équipe.",Rationalisme | Ténacité | Travail en équipe,https://www.rekrute.com/offre-emploi-controleur-financier-n2-recrutement-saham-bank-casablanca-182042.html,N/A,2026-04-22T23:43:26.834239
rekrute,Consultant Power BI / Qlik sense F/H | Rabat (Maroc),Fondée en 1976,Rabat et région - Maroc,CDI,Informatique / Electronique - Internet / Multimédia - Secteur Informatique								- Internet / Multimédia,Confirmé (5 à 10 ans),Bac +5 et plus Minimum - Ecole d'ingénieur,N/A,"Entreprise : Fondée en 1976 , CGI figure parmi les plus importantes entreprises indépendantes de services de conseil en technologie de l’information (TI) et en management au monde. CGI compte 90 000 conseillers et autres professionnels établis partout dans le monde grâce auxquels l’entreprise offre un portefeuille complet de services et de solutions : des services de conseil en management et en stratégie TI, de l’intégration de systèmes, des services en TI et en gestion des processus d’affaires en mode délégué ainsi que des solutions de propriété intellectuelle. La collaboration de CGI avec ses clients repose sur un modèle axé sur les relations locales, conjugué à un réseau mondial de prestation de services, qui permet aux clients de réaliser la transformation numérique de leur organisation et d’accélérer l’obtention de résultats. Au cours de l’exercice financier 2023, CGI a généré des revenus de 14,30 milliards $ CA. Les actions de CGI sont inscrites à la Bourse de Toronto (GIB.A) ainsi qu’à la Bourse de New York (GIB). Apprenez-en davantage sur cgi.com. La vie chez CGI est ancrée dans l’actionnariat, le travail d’équipe, le respect et un sentiment d’appartenance. Chez nous, vous pourrez parfaire vos compétences, partager votre point de vue et exploiter votre plein potentiel parce que… Nous vous invitons à devenir propriétaire dès votre première année et à continuellement puiser dans cette culture d’actionnariat pour tirer profit des retombées de notre succès collectif alors que nous travaillons ensemble à faire de notre rêve une réalité : « créer un environnement où nous avons du plaisir à travailler ensemble et où, en tant que propriétaires, nous participons au développement d’une entreprise dont nous sommes fiers ». C’est pourquoi nous nous désignons comme associés de CGI, plutôt que comme employés. Être un associé de CGI vous donne l’opportunité et la responsabilité de participer à tous les aspects de l’entreprise, y compris en contribuant activement à son orientation et à sa stratégie. Votre travail crée de la valeur alors que vous mettez à profit votre expérience et travaillez en étroite collaboration avec vos collègues et clients en les conseillant, en élaborant et en proposant des solutions novatrices qui répondent aux défis les plus complexes de nos clients. Vous développerez des relations durables et de confiance avec vos pairs et clients dans votre communauté, tout en ayant accès à des capacités mondiales pour concrétiser vos idées, saisir de nouvelles opportunités, et bénéficier d’une expertise sectorielle et technologique de pointe. Vous ferez évoluer votre carrière en vous joignant à une entreprise bâtie pour croître et durer, qui vous offre sans cesse des options de croissance. Qu’il s’agisse de programmes pour parfaire vos compétences ou d’affectations intéressantes qui élargissent les horizons, vous ferez évoluer votre carrière en partenariat avec des leaders qui appuieront vos objectifs de perfectionnement, et de santé et bien-être. Joignez-vous à nous. Ensemble, en tant que propriétaires, mettons notre savoir-faire à l’œuvre pour répondre aux besoins et tenir compte des intérêts de nos clients, de nos actionnaires, de nos communautés et de chacun d’entre nous. | Culture de l'entreprise : CGI Technologies et Solutions Maroc s’appuie sur une culture majoritairement orientée vers la coopération , plaçant l’humain, la confiance et le travail d’équipe au cœur de son fonctionnement. Le management de proximité favorise l’accompagnement, la responsabilisation et le développement des compétences dans un environnement bienveillant. Cette dynamique est soutenue par une culture d’ organisation structurée, garantissant rigueur des processus, fiabilité et efficacité opérationnelle. Elle est complétée par une dimension d’ innovation , encourageant l’adaptabilité et l’initiative, tandis que la compétition , plus modérée, soutient une orientation résultats mesurée. | Poste : Dans le cadre du développement de notre activité, CGI est à la recherche de personnes ambitieuses et passionnées qui souhaitent valoriser leurs compétences et leur potentiel. Afin d’accompagner nos clients dans leurs projets de transformation numérique nous recherchons un Consultant Power BI Fonctions et responsabilités Développement & Modélisation • Concevoir et développer des dashboards interactifs sous Qlik Sense et Power BI. • Construire et optimiser des modèles de données (scripts Qlik, Power Query, DAX). • Intégrer et transformer des données provenant de sources variées (SQL, fichiers plats, API…). • Garantir la performance, la qualité et la cohérence des jeux de données. Analyse & Support métier • Comprendre les besoins des équipes métiers et les traduire en solutions BI. • Produire des analyses ad hoc pour accompagner la prise de décision. • Assurer la maintenance corrective et évolutive des rapports existants. • Former et accompagner les utilisateurs sur les outils BI. ormes de codage et standards qualités. | Profil recherché : Expérience -Participer à la mise en place des bonnes pratiques BI (documentation, normes, sécurité). • Contribuer à la gouvernance des données et à l’amélioration continue des processus. • Collaborer avec les équipes Data, IT et métiers pour garantir la fiabilité des données • Compétences techniques • Maîtrise opérationnelle de Qlik Sense (scripts, data model, visualisations). • Bonne connaissance de Power BI (Power Query, DAX, data modeling). • Solides compétences en SQL. • Connaissance des concepts de data warehousing et ETL. • Compréhension des enjeux de qualité et gouvernance des données. CGI est un employeur inclusif et attentif aux candidatures des personnes en situation de handicap et à l’évolution de carrières des hommes et des femmes.",Recherche de nouveauté | Respect des règles | Extraversion | Travail en équipe | Ambition,https://www.rekrute.com/offre-emploi-consultant-power-bi-qlik-sense-fh-recrutement-cgi-technologies-et-solutions-maroc-rabat-182041.html,N/A,2026-04-22T23:43:30.207256
rekrute,Chargé surveillance des risques | Casablanca (Maroc),Saham Bank,Casablanca et région - Maroc,CDI,Gestion / Comptabilité / Finance                                                                 - Secteur Banque / Finance,Junior (1 à 3 ans),Bac +5 et plus - Ecole de commerce - Université,N/A,"Entreprise : Saham Bank est devenue un Groupe financier de premier plan, s’appuyant sur un modèle éprouvé de banque universelle et de synergies avec ses 14 filiales spécialisées. Saham Bank a su adapter son organisation et son dispositif afin de répondre au mieux aux attentes de tous ses clients : Grandes Entreprises, Investisseurs Institutionnels, PME/PMI, Particuliers et Professionnels et ce, en couvrant tous les domaines d’activités et en proposant une large gamme de métiers complémentaires. Au Maroc, Saham Bank est portée par un projet d’entreprise visant à faire de notre banque « La banque relationnelle de référence sur ses marchés, proche de ses clients, choisie pour la qualité et l’engagement de ses équipes ». Près de 4000 collaborateurs sont actuellement animés par cette même ambition portée par 4 valeurs phares qui sont l’ Esprit d’équipe , l' Engagement , la Responsabilité et l’Innovation. POURQUOI NOUS CHOISIR ? Chez Saham Bank , nous sommes convaincus que les personnes sont moteurs du changement, et que le monde de demain sera fait de toutes leurs initiatives, des plus petites aux plus ambitieuses. Que vous nous rejoigniez pour quelques mois, quelques années ou toute votre carrière, ensemble nous avons les moyens d’avoir un impact positif sur l’avenir. Créer, oser, innover, entreprendre font partie de notre ADN. Si vous aussi vous souhaitez être dans l’action, évoluer dans un environnement stimulant et bienveillant, vous sentir utile au quotidien et développer ou renforcer votre expertise, nous sommes faits pour nous rencontrer ! | Culture de l'entreprise : Saham Bank s’appuie sur une culture majoritairement coopérative , plaçant l’humain, la confiance et l’esprit d’équipe au cœur de son fonctionnement. Le management de proximité favorise l’accompagnement, la responsabilisation et la collaboration durable entre les équipes. Cette approche est solidement complétée par une culture organisationnelle structurée , garantissant rigueur, conformité et efficacité des processus. Une dynamique de performance maîtrisée et une ouverture mesurée à l’innovation viennent enrichir l’ensemble, au service d’une croissance équilibrée et responsable. | Poste : Rattaché au service surveillance des risques, vous aurez pour missions principales: • Analyser les contreparties à présenter aux Comités Suivi des Risques ; • Veiller au bon fonctionnement des comités de son ressort ; • Assurer la bonne application des décisions des comités ; • Effectuer un suivi rapproché des contreparties jugées problématiques • Rédiger et tenir à jour des fiches d’analyse individuelle sur les dossiers en défaut et en sensible relevant de son périmètre • S’assurer de la remontée dans les délais des livrables requis mensuellement et trimestriellement | Profil recherché : De formation école de commerce ou université avec une première expérience de 2 ans dans une banque ou cabinet d'audit. Compétences requises • Analyse financière • Maitrise de la réglementation BAM et BCE • Connaissance de la norme IFRS 9 • Connaissance des produits et instruments bancaires Qualités requises : • Capacité de synthèse et d’analyse • Compétences rédactionnelles • Aisance relationnelle • Capacité de persuasion",Rationalisme | Ténacité | Travail en équipe,https://www.rekrute.com/offre-emploi-charge-surveillance-des-risques-recrutement-saham-bank-casablanca-182040.html,N/A,2026-04-22T23:43:33.006512
rekrute,Technicien d'études Electricité CFO / CFA | Salé (Technopolis) (Maroc),Novec,Rabat et région - Maroc,CDI,Travaux / Chantiers / BTP                                                                 - Secteur BTP / Génie Civil								-,Junior (1 à 3 ans),Bac +2 Minimum - BTS / DUT,N/A,"Entreprise : Novec est le fruit de la fusion entre les sociétés Ingéma et Scet-scom, dont CDG développement est l’actionnaire de référence. Fort de l’expertise de ces deux bureaux d’études, Novec est désormais un acteur de premier ordre dans le domaine de l’ingénierie, employant près de 500 collaborateurs, intervenant dans des domaines d’activité variés et disposant d’implantations régionales. Novec ambitionne de doter le pays d’une ingénierie d’excellence offrant des services de haut niveau dans les métiers en rapport avec le développement territorial durable, tant à l’intérieur du Royaume qu’à l’international. | Poste : Rattaché au service Electricité, vous avez pour missions : Élaborer les notes de calcul électrique à l’aide des outils dédiés (Caneco, Excel) Réaliser les plans, schémas et synoptiques en courant fort et courant faible (AutoCAD, Revit) Mettre à jour les documents techniques conformément aux exigences réglementaires Assurer le suivi des travaux et participer aux opérations de réception Participer aux réunions de coordination avec les différents intervenants du chantier Novec s’engage à promouvoir la mixité dans les recrutements et à prévenir toute forme de discrimination. | Profil recherché : Technicien en électricité lauréat de l'EST ou équivalent, avec une expérience de 0 à 2 ans. Une bonne maîtrise de langue française est un atout. Rigueur, disponibilité, autonomie et dynamisme, Réactivité et force de proposition, Esprit d’équipe.",Respect des règles | Ténacité | Besoin de réflexion | Implication au travail | Organisation,https://www.rekrute.com/offre-emploi-technicien-detudes-electricite-cfo-cfa-recrutement-novec-sale-technopolis-182039.html,N/A,2026-04-22T23:43:35.495782
rekrute,Responsable Administratif et Financier H/F | Rabat (Maroc),Sothema,Rabat et région - Maroc,CDI,Gestion / Comptabilité / Finance - Santé / Social (métiers de) - Secteur Comptabilité / Audit								- Pharmacie / Santé,Confirmé (5 à 10 ans) - Expert (10 à 20 ans),Bac +5 et plus Minimum - Master - Autre,N/A,"Entreprise : Sothema, Des Energies Unies pour la Vie. Sothema est un laboratoire pharmaceutique marocain, spécialisé dans la fabrication et la commercialisation de médicaments depuis 1976. Avec plus de 250 produits fabriqués, Sothema représente 35 laboratoires commettants internationaux parmi les leaders au Monde dans la Recherche & Développement. Disposant d'un outil industriel à la pointe de l'innovation, Sothema bénéficie d'une expertise reconnue lui permettant d'être l'unique producteur d'insuline et de collyres au Maroc, et de se positionner comme leader dans la fabrication de sérums en poches souples et de céphalosporines. Grâce à ses unités de blocs stériles, Sothema se spécialise également dans les formes pharmaceutiques injectables telles que les seringues pré-remplies, les ampoules et les flacons injectables. Son usine des injectables est la plus grande d'Afrique. Les activités de Sothema sont certifiées en conformité avec les normes internationales de qualité (ISO) et de fabrication (BPF et GMP) : France, Belgique, Hollande, Allemagne, Portugal... | Culture de l'entreprise : Sothema évolue dans une culture orientée vers la performance et la compétition , où l’ambition, l’exigence de résultats et l’orientation client structurent les priorités. Cette dynamique est étroitement équilibrée par une culture collaborative , favorisant la confiance, l’engagement des équipes et un management de proximité. L’entreprise s’appuie également sur une organisation rigoureuse , garantissant efficacité, qualité et respect des processus. Enfin, une dimension d’innovation complète cet ensemble, soutenant l’adaptation et l’évolution des pratiques. | Poste : Nous recrutons pour notre nouvelle filiale SOLUDIA MAGHREB , spécialisée dans les produits d’hémodialyse, un Responsable Administratif et Financier H/F Vous serez en charge de la supervision de l’ensemble des activités financières et administratives , vous assurez la conformité réglementaire, la fiabilité des données financières et contribuez à l’amélioration continue des processus de gestion et vous intervenez également comme un partenaire clé dans l’analyse financière et accompagnez les équipes opérationnelles dans leurs prises de décision Missions principales : • Garantir la régularité et la conformité des écritures et opérations comptables • Assurer la fiabilité et la pertinence des états financiers et des déclarations fiscales • Veiller au respect du Code Général de Normalisation Comptable • Superviser et valider les règlements • Encadrer et manager une équipe comptable et administrative | Profil recherché : Profil recherché : • Vous êtes Titulaire d’un bac+5 en Comptabilité et Finance • Expérience confirmée minimum de 5ans en comptabilité/finance, idéalement en tant que RAF ou adjoint RAF • Maîtrise des normes comptables (nationales et internationales) • Expertise en comptabilité générale et analytique • Bonne connaissance des procédures comptables, fiscales et sociales • Élaboration et suivi des budgets et prévisions financières • Gestion de la trésorerie et optimisation des flux financiers • Bonnes compétences managériales et capacité à encadrer une équipe • Esprit de synthèse et aptitude à la prise de décision • Bonne communication et capacité à interagir avec la direction",Conventionnel | Respect des règles | Extraversion | Besoin d'objectivité | Sensibilité émotionnelle | Rationalisme | Humilité | Organisation,https://www.rekrute.com/offre-emploi-responsable-administratif-et-financier-hf-recrutement-sothema-rabat-182038.html,N/A,2026-04-22T23:43:38.345403
rekrute,Technicien chargé de sols équestres (H/F) | El Jadida (Maroc),Créée en 2003,Casablanca et région - Maroc,CDI,Travaux / Chantiers / BTP                                                                 - Secteur BTP / Génie Civil								-,Débutant (-1 an),Bac +3 Minimum - Université,N/A,"Entreprise : Créée en 2003, sous la tutelle du Ministère de l’Agriculture et de la Pêche Maritime,  la Société Royale d’Encouragement du Cheval (SOREC) a pour principales missions l’encadrement de l’élevage, le développement des courses hippiques et la gestion des jeux hippiques au Maroc. De par sa mission, la SOREC assure l’encadrement des sociétés hippiques, supporte les programmes d’élevage en tant que partenaire des associations des éleveurs et veille à l’amélioration des infrastructures hippiques nationales. Ajouté à cela, la SOREC est engagée dans une politique visant l’amélioration de la compétitivité de l’élevage marocain et la dynamisation du marché des chevaux. La SOREC couvre l’ensemble du pays avec 5 haras, 43 stations de monte et 11 centres de promotion de l’élevage équin en plus de nombreuses collaborations avec les principales associations équines du  royaume. | Culture de l'entreprise : Sorec se distingue par une culture fortement orientée vers la coopération , plaçant l’humain, la confiance et le bien-être des collaborateurs au cœur de son fonctionnement. L’entreprise favorise des relations de travail de qualité, un esprit d’équipe solide et un management de proximité jouant un rôle de mentor et d’accompagnateur. Cette culture collaborative est enrichie par une dimension d’innovation mesurée , encourageant l’initiative et l’ouverture aux nouvelles idées. Une organisation structurée vient soutenir l’efficacité opérationnelle, tandis que la performance concurrentielle reste volontairement secondaire. | Poste : Rattaché au Pôle Filière, vous aurez comme principale mission d’assurer l'entretien des carrières et paddocks et veiller à la maintenance du matériel pour assurer la disponibilité, dans le respect des plannings en vue de garantir le bon déroulement des évènements au niveau des sites hippiques. A ce titre, vous aurez comme principales activités : Entretien su sol équestre - Assurer l'entretien du sol équestre (carrières équestres, pistes hippiques, paddocks) - Assurer l'entretien du système d'arrosage - Assurer l'entretien des lices - Assurer le suivi de l’entretien des espaces verts. Maintenance du matériel - Assurer la maintenance préventive et corrective du matériel d’entretien des sols équestres : • Citernes et pompes d’arrosage • Tracteurs • Stalles de départ • Obstacles • Afficheurs électroniques • Marcheurs | Profil recherché : En tant que candidat potentiel, vous : Avez un Bac +3 électromécanique, génie civil avec une expérience probante dans un poste similaire Maîtrisez AutoCad Avez des compétences accrues en Mécanique, Terrassement, Hydraulique et l’électricité Avez un comportement éthique Êtes Conforme et rigoureux Avez un esprit d’équipe et un excellent relationnel",Respect des règles | Ténacité | Besoin de réflexion | Implication au travail | Organisation,https://www.rekrute.com/offre-emploi-technicien-charge-de-sols-equestres-hf-recrutement-sorec-el-jadida-182037.html,N/A,2026-04-22T23:43:41.576909
rekrute,Responsable Ingénierie & Conformité Technique | Casablanca (Maroc),Attijari Payment Processing,Casablanca et région - Maroc,CDI,Banque (métiers de la) - Gestion projet / Etudes / R&D - Secteur Banque / Finance,Expert (10 à 20 ans),Bac +5 et plus Minimum - Master,N/A,"Entreprise : Attijari Payment Processing , Filiale Monétique du Groupe Attijariwafa bank , centralise au Maroc les traitements monétiques de l’ensemble des filiales du Groupe. Elle accompagne ces dernières dans l'optimisation de leurs coûts d’investissement et garantit le bon fonctionnement de l’activité monétique. Elle leur permet, entre autres, d’innover en proposant des produits et des services à forte valeur ajoutée et surtout d'aligner leur stratégie monétique à celle du Groupe. | Poste : Piloter l'exécution des projets technique et réglémentaires dans le respect des budgets et des exigences en vigueur (méthodologie projet, gouvernance, qualité, délai, conformité, procédures internes…) Superviser la réalisation des projets et valider les livrables Définir les KPIs pertinents et monitorer l'avancement des projets en mettant en place les actions correctives quand nécessaire Mettre en place l'usine de qualification et superviser l'évolution des BD des cas de tests et la qualité des livrables Piloter les projets de certification PCI-DSS Superviser l'application des bonnes pratiques de sécurité dans toutes les demandes de changements en production Collaborer avec la sécurité opérationnelle pour la mise en place des moyens necessaires pour la sécurité des clés de l'ensemble des partenaires ""Identifier les axes d'amélioration continue et d'optimisation des processus en vigueur à partir d'analyses internes et de veilles marché Impulser et coordonner des initiatives et des projets d'amélioration continue ou de reengineering des processus métiers sous supervision - Préparer et déployer des actions de conduite du changement (sensibilisation, formation, communication...)"" "" - Cadrer, coordonner et piloter des projets - Etablir ou valider des documents projets - Valider des livrables projets et orienter les choix techniques - Etablir des plannings, évaluer les états d'avancement et guider la remédiation aux écarts - Préparer et animer les comités projets"" "" - Encadrer et superviser une équipe en lien hiérarchique direct - Fixer les objectifs et/ou les standards de travail de son équipe, attribuer les tâches et contrôler le niveau de qualité et de conformité - Evaluer les performances et définir les plans de progrès individuels"" "" - Animer les réunions périodiques d'activité avec son équipe - Relayer les communications de sa hiérarchie et surveiller leur appropriation et respect par ses collaborateurs - Identifier et mettre en place les actions d’amélioration du fonctionnement de son équipe"" "" - Elaborer les reportings d'activité à sa hiérarchie et aux différentes entités concernées - Organiser la réponse aux sollicitations et requêtes des différentes entités de la Banque"" | Profil recherché : Bac+5 en ingénierie, informatique, gestion de projet ou équivalent. Expérience confirmée d’au moins 8 ans dans la gestion de projets, Ingénierie & Conformité Technique, idéalement dans le domaine monétique, bancaire ou des systèmes de paiement. Maîtrise des méthodologies de gestion de projet (Agile, Cycle en V, etc.). Bonnes capacités de communication, d’organisation et de leadership",Volonté de persuasion | Rationalisme | Besoin d'action | Ambition | Flexibilité | Besoin d'autonomie | Implication au travail,https://www.rekrute.com/offre-emploi-responsable-ingenierie-conformite-technique-recrutement-attijari-payment-processing-casablanca-182036.html,N/A,2026-04-22T23:43:44.070892
rekrute,Ingénieur Projets Monétique | Casablanca (Maroc),Attijari Payment Processing,Casablanca et région - Maroc,CDI,Banque (métiers de la) - Gestion projet / Etudes / R&D - Secteur Banque / Finance,Junior (1 à 3 ans),Bac +5 et plus Minimum - Master,N/A,"Entreprise : Attijari Payment Processing , Filiale Monétique du Groupe Attijariwafa bank , centralise au Maroc les traitements monétiques de l’ensemble des filiales du Groupe. Elle accompagne ces dernières dans l'optimisation de leurs coûts d’investissement et garantit le bon fonctionnement de l’activité monétique. Elle leur permet, entre autres, d’innover en proposant des produits et des services à forte valeur ajoutée et surtout d'aligner leur stratégie monétique à celle du Groupe. | Poste : - Participer à la phase de cadrage portée par le Chef de projet et s'approprier le besoin fonctionnel ainsi que les différentes étapes des processus métiers du périmètre concerné - Prendre en charge le développement, intégration, paramétrage et le maintien des applications et solutions, selon les normes de développements, de qualité et de sécurité et en respectant les contraintes de délais - Suivre la réalisation des tests unitaires et réaliser des activités de testing interne (Simulateurs Visa/MasterCard/autres, test d'intégration, fonctionnel, montée en charge…) - Se tenir à la qualité du code conçu et au respect des règles de codage, et procéder à une relecture / refactoring de code régulière - Formaliser et assurer la remontée d'information (avancement projet, reste à faire, risque et alerte, saisie d'activité,…) selon la gouvernance et les outils ad hoc ""- Vérifier la conformité des pratiques aux règles de gestion et normes en vigueur - Identifier, mettre en place et superviser les actions de réalignement sur les règles de gestion et normes en vigueur"" ""- Réaliser des analyses et préparer des documents projets - Consolider des informations et données input et prendre en charge l'élaboration de livrables projets - Elaborer des états d'avancement, conformément au planning, et expliquer les écarts"" ""- Accomplir ses missions en tant que contributeur individuel au sein d'une équipe - Partager des informations avec son équipe, et collaborer pour la résolution des problèmes et l'atteinte des objectifs communs"" - Assister aux réunions d'activité de son équipe, partager des informations et remonter les situations de blocage ou les alertes ""- Remonter les éléments de son périmètre alimentant les reportings d'activité - Répondre aux requêtes spécifiques formulées par sa hiérarchie"" | Profil recherché : Bac+5 en ingénierie, informatique, gestion de projet ou équivalent. Expérience confirmée d’au moins 3 ans dans la gestion de projets, idéalement dans le domaine monétique, bancaire ou des systèmes de paiement. Maîtrise des méthodologies de gestion de projet (Agile, Cycle en V, etc.). Bonnes capacités de communication, d’organisation et de leadership",Volonté de persuasion | Rationalisme | Besoin d'action | Ambition | Flexibilité | Besoin d'autonomie | Implication au travail,https://www.rekrute.com/offre-emploi-ingenieur-projets-monetique-recrutement-attijari-payment-processing-casablanca-182035.html,N/A,2026-04-22T23:43:52.156654
rekrute,Operations & Logistics Support Coordinator | Tanger MED (Maroc),SGS Maroc,Tanger et région - Maroc,CDI,Assistanat de Direction / Services Généraux - Logistique / Transport (métiers de) - Secteur Chimie / Parachimie / Peintures								- Pétrole / Gaz,Junior (1 à 3 ans) - Intermédiaire (3 à 5 ans),Bac +3 Minimum - Licence - Master,N/A,"Entreprise : SGS Maroc est la filiale marocaine de la multinationale suisse SGS S.A , est le leader mondial de l’inspection, du contrôle, de l’analyse et de la certification. Employant plus de 96 000 personnes, SGS exploite plus de 2 700 bureaux et laboratoires à travers le monde. Fondée en 1951, SGS Maroc propose des services qui couvrent l’inspection, la vérification, l'analyse de la qualité des produits, ainsi que les tests de performance selon des normes qui visent à protéger la santé, la sécurité des consommateurs, et préserver l’environnement. Les services SGS Maroc se déclinent tout au long des chaînes d’approvisionnement et concernent de nombreux secteurs tels que les produits agricoles et agro-alimentaires, la cosmétique, les biens d’équipement, les biens de consommation, l’énergie, les mines, la chimie, l’environnement, les services industriels, le secteur public, le transport, etc. Avec un réseau de 45 bureaux, centres de contrôle et laboratoires à travers le royaume et un capital humain de près de 400 employés, SGS Maroc est le partenaire préféré des acteurs économiques marocains en quête de la qualité pour tendre vers un objectif commun qui est de permettre un monde meilleur, plus sûr et plus interconnecté. | Culture de l'entreprise : SGS Maroc SA se distingue par une culture majoritairement orientée vers la coopération , plaçant l’humain, la confiance et le bien-être des collaborateurs au cœur de son fonctionnement. Le management de proximité favorise l’accompagnement, la responsabilisation et la qualité des relations au sein d’équipes solidaires. Cette approche est renforcée par une dimension compétitive affirmée , orientée vers la performance, les résultats et la satisfaction client. Des processus structurés viennent soutenir la fiabilité et l’efficacité opérationnelle, tandis que l’innovation, plus discrète, accompagne l’amélioration continue des pratiques. | Poste : Vous intégrerez une Business Unit dynamique basée à Tanger Med, au sein d’un environnement international et opérationnel exigeant, où vous intervenez comme point focal de support administratif et logistique auprès des équipes Inspection et Laboratoire, en interaction constante avec des équipes pluridisciplinaires. En tant que Operations & Logistics Support Coordinator, vous jouez un rôle clé dans la continuité des opérations en assurant la gestion et la coordination des besoins opérationnels (achats, logistique, moyens généraux) en lien avec les équipes achat et business. Rattaché(e) au Lab Manager, vous jouez un rôle clé dans la continuité des opérations en facilitant la gestion des besoins opérationnels et la mise à disposition des ressources, en coordination avec les équipes achat, moyens généraux et business. Missions principales : • Assurer le support administratif et logistique aux équipes Inspection et Laboratoire. • Centraliser et suivre les besoins opérationnels des différentes équipes. • Garantir la disponibilité des ressources nécessaires (consommables, équipement, logistque). • Assurer la coordination des achats techniques • Suivre le processus achats de bout en bout : demande – validation – PO – livraison – réception – clôture. • Assurer le suivi des stocks critiques et anticiper les besoins opérationnels • Organiser la logistique liée aux opérations (déplacements, rotations, coordination terrain) • Assurer le suivi des moyens généraux : flotte véhicules, équipements, prestataires. • Gérer les accès site (badges, autorisation portuaires) et coordonner les intervenants. • Assurer le suivi administratif des dossiers (job files) en coordination avec les équipes Business Admin. • Collaborer étroitement avec les fonctions support (Procurement, Finance, Opérations). • Contribuer au respect des exigences QHSE et des procédures internes. | Profil recherché : Profil recherché • Bac+3 à Bac+5 en gestion, logistique industrielle ou équivalent • Expérience 2 à 4 ans dans un rôle similaire avec capacité à comprendre les besoins techniques du métier (laboratoire) • Bonne compréhension des environnements opérationnels. • Expérience dans un environnement structuré et orienté processus Compétences et qualité personnelles • Rigueur et sens du suivi (dimension opérationnelle et administrative) • Organisation et gestion des priorités dans un environnement terrain exigeant • Capacité à gérer des flux multiples (opérations, achats, logistique) • Bon relationnel et capacité à travailler en transverse • Réactivité, autonomie et sens des responsabilités Langues • Excellente maîtrise du français • Anglais professionnel requis (écrit et oral, capacité à interagir dans un environnement international) Autres • Bonne maîtrise des outils bureautiques, notamment Excel (suivi, reporting, analyse) • Familiarisé avec les ERP (SAP, Oracle ou équivalent) • Une expérience dans un environnement industriel, portuaire est un atout",Conventionnel | Respect des règles | Flexibilité | Besoin d'action | Travail en équipe | Implication au travail | Ambition | Organisation,https://www.rekrute.com/offre-emploi-operations-logistics-support-coordinator-recrutement-sgs-maroc-sa-tanger-med-182034.html,N/A,2026-04-22T23:43:57.623465
rekrute,"Juriste Confirmé (H/F) | Rabat, Rabat-Salé-Kénitra, Maroc (Maroc)",DXC Technology,Rabat et région - Maroc,CDI,Avocat / Juriste / Fiscaliste                                                                 - Secteur Informatique								- Internet / Multimédia,Expert (10 à 20 ans),Bac +5 et plus Minimum - Master,N/A,"Entreprise : DXC Technology est née en avril 2017 d'une fusion entre CSC (Computer Sciences Corporation), Géant du Conseil et HP Enterprise Services, Leader en Services IT. Le Groupe DXC enregistre 25 milliards $ de revenus, bénéficie de 60 ans d’expérience et emploie 170.000 collaborateurs dans plus de 70 pays qui servent plus de 6000 clients. DXC Technology au Maroc, implantée depuis 2007, est une joint-venture entre DXC Technology, leader mondial des services d'intégration & d'infogérance et le Groupe CDG ( Caisse de Dépôt et de Gestion). Avec 1200 collaborateurs répartis sur 3 sites de production (Technopolis & Casa NearShore), DXC Technology au Maroc a pour vocation d'accompagner les très grands comptes et donneurs d'ordre publics et privés dans leur transformation digitale et d'adresser ainsi l'ensemble des enjeux IT que sont l’Hébergement, l'Infogérance, la Modernisation Applicative, Business Intelligence & Analytics, Workplace & Mobilty Services, Business Process Services, la Cyber Sécurité et le Conseil. | Culture de l'entreprise : DXC – CDG se distingue par une culture fortement orientée vers la performance et la compétition , où l’ambition, le goût du challenge et l’orientation client structurent les priorités. Cette dynamique est équilibrée par une culture de coopération , favorisant la confiance, la responsabilisation et un management de proximité attentif aux équipes. Elle intègre également une dimension d’ innovation , encourageant l’initiative, l’adaptabilité et l’expérimentation. Enfin, une culture d’ organisation bien établie encadre l’ensemble, garantissant rigueur, fiabilité des processus et efficacité opérationnelle. | Poste : Conseil juridique & sécurisation des opérations Apporter un conseil juridique opérationnel aux directions internes (Commercial, Achats, RH, Finance, Opérations, IT, etc.). Identifier, analyser et anticiper les risques juridiques liés aux activités de l’entreprise. Rédiger des consultations et notes juridiques à destination du management. Contrats & appels d’offres Rédiger, revoir, négocier et suivre les contrats clients et fournisseurs. Assurer la conformité contractuelle (clauses clés, risques, responsabilités, pénalités, conformité réglementaire). Valider et suivre les documents juridiques liés aux appels d’offres Corporate & gouvernance Rédiger et suivre les actes de gouvernance : procès-verbaux (CA, AG), délégations de pouvoirs, mandats sociaux, décisions des organes sociaux. Assurer la mise à jour des documents corporate et des registres légaux. Contentieux & précontentieux Gérer les dossiers précontentieux et contentieux, en coordination avec les avocats externes. Suivre les procédures judiciaires et administratives, préparer les éléments de défense. Veille & conformité Assurer une veille juridique et réglementaire (droit des affaires, IT, social, conformité). Participer à la mise en place et à l’amélioration des procédures juridiques internes. Contribuer à la diffusion de l’information juridique au sein de l’entreprise. Reporting & coordination Assurer un reporting régulier des dossiers juridiques en cours. Travailler en interaction avec les équipes internes et les partenaires externes (cabinets d’avocats, conseils fiscaux, etc.). | Profil recherché : Formation: Licence en Droit Privé et Master en Droit des Affaires Expérience: Minimum 3 à 5 ans d’expérience sur un poste similaire, idéalement en entreprise ou en cabinet. Compétences techniques: Solides connaissances en : -Droit des affaires -Droit commercial et des contrats -Droit des sociétés -Droit des technologies de l’information (apprécié) Excellentes capacités rédactionnelles (contrats, actes corporate, consultations). Maîtrise des outils bureautiques (Word, Excel, PowerPoint). Compétences comportementales: Rigueur, autonomie et sens des responsabilités. Capacité d’analyse et de synthèse. Aisance relationnelle et sens du service interne. Capacité à gérer plusieurs dossiers et priorités simultanément. Discrétion et respect de la confidentialité. Langues: Français: courant Anglais: professionnel requis Arabe: couran",Distance émotionnelle | Rationalisme | Besoin de réflexion | Organisation,https://www.rekrute.com/offre-emploi-juriste-confirme-hf-recrutement-dxc---cdg-rabat-rabat-sale-kenitra-maroc-182033.html,N/A,2026-04-22T23:44:00.386819
rekrute,Intégrateur Dynatrace (H/F) | Rabat (Maroc),DXC Technology,Rabat et région - Maroc,CDI,Gestion projet / Etudes / R&D - Informatique / Electronique - Secteur Informatique								-,Junior (1 à 3 ans),Bac +5 et plus Minimum - Master,N/A,"Entreprise : DXC Technology est le fruit d’un partenariat stratégique entre Enterprise Services de Hewlett Packard Enterprise et l’investisseur n°1 au Maroc : la Caisse de Dépôt et de Gestion. DXC Technology Monde a été créée le 3 Avril 2017, suite à la fusion entre deux grands géants du secteur IT ; HPE (Hewlett Packard Enterprise) et CSC (Computer Sciences Corporation). Cette fusion ayant donné naissance à l’un des plus gros acteurs de services aux entreprises au monde : DXC Technology , ce nouveau Groupe dispose d’un portefeuille de plus de 5 900 clients répartis dans plus de 70 pays, dont le Maroc. DXC Technology a été créée sur des fondations solides de confiance et de transformation et sur l’ambition renouvelée d’aider les clients à prospérer par le changement Digital. Ainsi, nous sommes reconnu comme un multiplicateur de forces avec l’objectif principal d’apporter plus de valeur aux clients, aux partenaires et aux actionnaires de la société, et d’offrir davantage d’opportunités aux collaborateurs du groupe | Culture de l'entreprise : DXC – CDG se distingue par une culture fortement orientée vers la performance et la compétition , où l’ambition, le goût du challenge et l’orientation client structurent les priorités. Cette dynamique est équilibrée par une culture de coopération , favorisant la confiance, la responsabilisation et un management de proximité attentif aux équipes. Elle intègre également une dimension d’ innovation , encourageant l’initiative, l’adaptabilité et l’expérimentation. Enfin, une culture d’ organisation bien établie encadre l’ensemble, garantissant rigueur, fiabilité des processus et efficacité opérationnelle. | Poste : En tant que Développeur/Intégrateur Dynatrace, la mission consiste en le développement, la personnalisation et l’intégration de Dynatrace pour optimiser la surveillance des performances des applications. Vous travaillerez en collaboration avec les équipes DevOps, développement et infrastructure pour assurer des applications performantes et fiables Missions principales : - Développer des extensions Dynatrace (Dynatrace Extensions, plugins) pour répondre à des besoins spécifiques de monitoring. - Implémenter des API Dynatrace pour extraire et intégrer des données de monitoring dans d'autres outils ou systèmes. - Concevoir et optimiser des scripts de configuration et d’automatisation liés à Dynatrace. - Configurer des règles de monitoring sur mesure, notamment pour les environnements complexes (microservices, conteneurs, environnements hybrides). - Développer des tableaux de bord Dynatrace interactifs et adaptés aux différents métiers (techniques et business). - Travailler avec les équipes de développement pour intégrer Dynatrace dans les applications (injection d’agents, configurations spécifiques). | Profil recherché : - Bac+5 en développement logiciel, informatique ou domaine connexe - Une expérience professionnelle de 2 à 5 ans, dont au moins 1 à 2 ans sur Dynatrace. - Une expérience dans des environnements DevOps/Cloud est un plus. - Bonne maîtrise de Java, Python, ou Node.js (utilisés dans les scripts ou les intégrations Dynatrace). - Expérience avec les API REST Dynatrace pour extraire et manipuler les données. - Familiarité avec AWS, Azure, GCP et des environnements Kubernetes/Docker.",Flexibilité | Extraversion | Ambition | Recherche de nouveauté,https://www.rekrute.com/offre-emploi-integrateur-dynatrace-hf-recrutement-dxc---cdg-rabat-182032.html,N/A,2026-04-22T23:44:02.986867
rekrute,CHARGE SUPPORT APPLICATIF | Casablanca (Maroc),Attijari Payment Processing,Casablanca et région - Maroc,CDI,Banque (métiers de la) - Gestion projet / Etudes / R&D - Secteur Banque / Finance,Junior (1 à 3 ans),Bac +5 et plus Minimum - Master,N/A,"Entreprise : Attijari Payment Processing , Filiale Monétique du Groupe Attijariwafa bank , centralise au Maroc les traitements monétiques de l’ensemble des filiales du Groupe. Elle accompagne ces dernières dans l'optimisation de leurs coûts d’investissement et garantit le bon fonctionnement de l’activité monétique. Elle leur permet, entre autres, d’innover en proposant des produits et des services à forte valeur ajoutée et surtout d'aligner leur stratégie monétique à celle du Groupe. | Poste : - Prendre en charge les travaux relatifs à l'activité support applicatif pour le périmètre local et international - Procéder aux traitements des incidents simples et complexes en liaison avec l'activité support applicatif - Anticiper les incidents de production et lancement des actions correctives à l'occasion de détection d'une anomalie. - Suivre la résolution de l'ensemble des incidents remontées par nos clients et s'assurer de la résolution définitive de l'incident - Renseigner les reportings applicables et les transmettre aux parties prenantes concernées ""- Elaborer les reportings d'activité à sa hiérarchie et aux différentes entités concernées - Organiser la réponse aux sollicitations et requêtes des différentes entités de la Banque"" | Profil recherché : Bac+5 en ingénierie, informatique, gestion de projet ou équivalent. Expérience confirmée idéalement dans le domaine monétique, bancaire ou des systèmes de paiement. Maîtrise des méthodologies de gestion de projet (Agile, Cycle en V, etc.). Bonnes capacités de communication, d’organisation et de leadership",Volonté de persuasion | Rationalisme | Besoin d'action | Ambition | Flexibilité | Besoin d'autonomie | Implication au travail,https://www.rekrute.com/offre-emploi-charge-support-applicatif-recrutement-attijari-payment-processing-casablanca-182031.html,N/A,2026-04-22T23:44:06.293162
rekrute,Ingénieur SA ECOM | Casablanca (Maroc),Attijari Payment Processing,Casablanca et région - Maroc,CDI,Banque (métiers de la) - Gestion projet / Etudes / R&D - Secteur Banque / Finance,Junior (1 à 3 ans) - Intermédiaire (3 à 5 ans),Bac +5 et plus Minimum - Master,N/A,"Entreprise : Attijari Payment Processing , Filiale Monétique du Groupe Attijariwafa bank , centralise au Maroc les traitements monétiques de l’ensemble des filiales du Groupe. Elle accompagne ces dernières dans l'optimisation de leurs coûts d’investissement et garantit le bon fonctionnement de l’activité monétique. Elle leur permet, entre autres, d’innover en proposant des produits et des services à forte valeur ajoutée et surtout d'aligner leur stratégie monétique à celle du Groupe. | Poste : - Participer à la phase de cadrage portée par le Chef de projet et s'approprier le besoin fonctionnel ainsi que les différentes étapes des processus métiers du périmètre concerné - Prendre en charge le développement, intégration, paramétrage et le maintien des applications et solutions, selon les normes de développements, de qualité et de sécurité et en respectant les contraintes de délais - Suivre la réalisation des tests unitaires et réaliser des activités de testing interne (Simulateurs Visa/MasterCard/autres, test d'intégration, fonctionnel, montée en charge…) - Se tenir à la qualité du code conçu et au respect des règles de codage, et procéder à une relecture / refactoring de code régulière - Formaliser et assurer la remontée d'information (avancement projet, reste à faire, risque et alerte, saisie d'activité,…) selon la gouvernance et les outils ad hoc ""- Vérifier la conformité des pratiques aux règles de gestion et normes en vigueur - Identifier, mettre en place et superviser les actions de réalignement sur les règles de gestion et normes en vigueur"" ""- Réaliser des analyses et préparer des documents projets - Consolider des informations et données input et prendre en charge l'élaboration de livrables projets - Elaborer des états d'avancement, conformément au planning, et expliquer les écarts"" ""- Accomplir ses missions en tant que contributeur individuel au sein d'une équipe - Partager des informations avec son équipe, et collaborer pour la résolution des problèmes et l'atteinte des objectifs communs"" - Assister aux réunions d'activité de son équipe, partager des informations et remonter les situations de blocage ou les alertes ""- Remonter les éléments de son périmètre alimentant les reportings d'activité - Répondre aux requêtes spécifiques formulées par sa hiérarchie"" Support Avant-vente ""Assurer les phases d’étude et de qualification des besoins marchants. Analyser les besoins techniques des commerçants (type d’intégration, volumétrie, parcours de paiements, services …) Proposer des solutions adaptés (API, plugin …) Contribuer à la rédaction des spécifications techniques Identifier les contraintes techniques et risques."" Intégration des commerçants ""Accompagner les commerçants dans l’intégration de la solution PT2 Assurer la configuration des environnements. Vérifier la conformité des flux de paiements de bout en bout (site commerçant -> PT2 -> Powercard)"" Assistance et support technique ""Assister les commerçants tout au long le processus d’intégration. Assurer le support niveau 1 et analyser les incidents techniques ( erreurs d’intégration avec le site commerçants, erreurs de paiements, rejets, timeouts …) Interagir avec les équipes internes (Métier, monétique, sécurité …) et les partenaires externes."" Test et mise en production ""Mettre en place les scénarios de test conformément aux spécifications élaborées. Piloter la phase de tests d’intégration. Suivi et assistance au pilote des commerçants. Assurer la mise en production des commerçants. Rédiger et documenter les guides d’intégration"" | Profil recherché : Bac+5 en ingénierie, informatique, gestion de projet ou équivalent. Expérience confirmée , idéalement dans le domaine monétique, bancaire ou des systèmes de paiement. Maîtrise des méthodologies de gestion de projet (Agile, Cycle en V, etc.). Bonnes capacités de communication, d’organisation et de leadership",Volonté de persuasion | Rationalisme | Besoin d'action | Ambition | Flexibilité | Besoin d'autonomie | Implication au travail,https://www.rekrute.com/offre-emploi-ingenieur-sa-ecom-recrutement-attijari-payment-processing-casablanca-182030.html,N/A,2026-04-22T23:44:08.688162
rekrute,Responsable Animation Réseau-  CAC Finances (H/F) | Casablanca (Maroc),N/A (confidentiel),Casablanca et région - Maroc,CDI,Banque (métiers de la) - Commercial / Vente / Export - Secteur Assurance / Courtage								- Banque / Finance,Confirmé (5 à 10 ans),Bac +4 Minimum - Master,N/A,"Entreprise : La Centrale Automobile Chérifienne (CAC) est l'importateur exclusif au Maroc des marques Volkswagen, Volkswagen Utilitaires, Audi, Skoda, Porsche, Bentley, Seat et Cupra , ayant chacune développée une réelle identité les rendant uniques sur leur segment de marché. Dotées d'un fort potentiel de développement au Maroc et à l'international, les marques s'appuient sur des services experts et des compétences mutualisés pour augmenter leur performance et accompagner leur croissance. La politique Ressources Humaines de la CAC se décline autour de 4 grands axes à l’égard de ses collaborateurs : Développer leur expertise par l’accompagnement, l’amélioration des compétences et la responsabilisation; Encourager l'évolution de carrière de ses collaborateurs partageant les mêmes passions et valeurs et qui ont su construire une véritable culture d’entreprise qui favorise la satisfaction client (interne/externe), l’esprit d’équipe et l’expertise; Fidéliser par la motivation et la reconnaissance; Valoriser leur performance en fixant des objectifs clairs, précis et réalisables. Venez participer au développement de marques leader et prestigieuses sur le territoire marocain, au sein d’une entreprise dynamique et innovante !! | Culture de l'entreprise : CAC (Centrale Automobile Chérifienne) s’appuie sur une culture fortement orientée vers la coopération , plaçant l’humain, la confiance et la solidarité au cœur de son organisation. Le management de proximité favorise l’accompagnement, la responsabilisation et des relations de travail durables au sein d’équipes engagées. Cette dynamique est complétée par une dimension de compétition , orientée vers la performance, l’ambition et la satisfaction client. Elle repose également sur une culture d’ organisation structurée, garantissant rigueur, efficacité et fiabilité des processus, tandis que l’ innovation , plus mesurée, soutient l’adaptabilité et l’évolution continue. | Poste : L'animateur Commercial a pour mission: Assurer la mise en œuvre d’un plan d’action commercial (animation, et développement commercial) et traduit sur le terrain la stratégie commerciale identifiée sur le financement des véhicules. Mettre en place l’ensemble des moyens nécessaires à l’atteinte des objectifs fixés avec sa hiérarchie. Basé(e) sur Casablanca , il est mobile et en charge du suivi de la relation avec les succursales ou concessionnaires sur tout le territoire marocain. Responsable de la bonne prise en charge des dossiers de crédits et ainsi que la concrétisation de ses derniers. Entretenir des relations commerciales privilégiées avec le réseau de distribution et les partenaires crédits | Profil recherché : Formation: De formation Bac +4/5 en Finances et une expérience de 5 ans et plus en tant que Animateur de Crédit dans un organisme de crédit. Compétences : • Excellentes capacités relationnelles, • Maitrise des techniques de vente, • Parfaite connaissance des produits et services commercialisés notamment le crédit automobile, • Parfaite connaissances des process, • Fort pouvoir de conviction et de négociation, • Mobilité, • Maitrise de l’organisation personnelle et de la gestion du temps.",Respect des règles | Rationalisme | Conventionnel | Flexibilité | Implication au travail | Organisation,https://www.rekrute.com/offre-emploi-responsable-animation-reseau--cac-finances-hf-recrutement-cac-centrale-automobile-cherifienne-casablanca-182029.html,N/A,2026-04-22T23:44:10.709519
rekrute,Ingénieur Projets ECOM | Casablanca (Maroc),Attijari Payment Processing,Casablanca et région - Maroc,CDI,Banque (métiers de la) - Gestion projet / Etudes / R&D - Secteur Banque / Finance,Junior (1 à 3 ans),Bac +5 et plus Minimum - Master,N/A,"Entreprise : Attijari Payment Processing , Filiale Monétique du Groupe Attijariwafa bank , centralise au Maroc les traitements monétiques de l’ensemble des filiales du Groupe. Elle accompagne ces dernières dans l'optimisation de leurs coûts d’investissement et garantit le bon fonctionnement de l’activité monétique. Elle leur permet, entre autres, d’innover en proposant des produits et des services à forte valeur ajoutée et surtout d'aligner leur stratégie monétique à celle du Groupe. | Poste : - Participer à la phase de cadrage portée par le Chef de projet et s'approprier le besoin fonctionnel ainsi que les différentes étapes des processus métiers du périmètre concerné - Prendre en charge le développement, intégration, paramétrage et le maintien des applications et solutions, selon les normes de développements, de qualité et de sécurité et en respectant les contraintes de délais - Suivre la réalisation des tests unitaires et réaliser des activités de testing interne (Simulateurs Visa/MasterCard/autres, test d'intégration, fonctionnel, montée en charge…) - Se tenir à la qualité du code conçu et au respect des règles de codage, et procéder à une relecture / refactoring de code régulière - Formaliser et assurer la remontée d'information (avancement projet, reste à faire, risque et alerte, saisie d'activité,…) selon la gouvernance et les outils ad hoc - Vérifier la conformité des pratiques aux règles de gestion et normes en vigueur - Identifier, mettre en place et superviser les actions de réalignement sur les règles de gestion et normes en vigueur"" ""- Réaliser des analyses et préparer des documents projets - Consolider des informations et données input et prendre en charge l'élaboration de livrables projets - Elaborer des états d'avancement, conformément au planning, et expliquer les écarts"" ""- Accomplir ses missions en tant que contributeur individuel au sein d'une équipe - Partager des informations avec son équipe, et collaborer pour la résolution des problèmes et l'atteinte des objectifs communs"" - Assister aux réunions d'activité de son équipe, partager des informations et remonter les situations de blocage ou les alertes - Remonter les éléments de son périmètre alimentant les reportings d'activité - Répondre aux requêtes spécifiques formulées par sa hiérarchie"" Support Avant-vente ""Assurer les phases d’étude et de qualification des besoins marchants. Analyser les besoins techniques des commerçants (type d’intégration, volumétrie, parcours de paiements, services …) Proposer des solutions adaptés (API, plugin …) Contribuer à la rédaction des spécifications techniques Identifier les contraintes techniques et risques."" Intégration des commerçants ""Accompagner les commerçants dans l’intégration de la solution PT2 Assurer la configuration des environnements. Vérifier la conformité des flux de paiements de bout en bout (site commerçant -> PT2 -> Powercard)"" Assistance et support technique ""Assister les commerçants tout au long le processus d’intégration. Assurer le support niveau 1 et analyser les incidents techniques ( erreurs d’intégration avec le site commerçants, erreurs de paiements, rejets, timeouts …) Interagir avec les équipes internes (Métier, monétique, sécurité …) et les partenaires externes."" Test et mise en production ""Mettre en place les scénarios de test conformément aux spécifications élaborées. Piloter la phase de tests d’intégration. Suivi et assistance au pilote des commerçants. Assurer la mise en production des commerçants. Rédiger et documenter les guides d’intégration"" | Profil recherché : Bac+5 en ingénierie, informatique, gestion de projet ou équivalent. Expérience confirmée d’au moins 3 ans dans la gestion de projets, idéalement dans le domaine monétique, bancaire ou des systèmes de paiement. Maîtrise des méthodologies de gestion de projet (Agile, Cycle en V, etc.). Bonnes capacités de communication, d’organisation et de leadership",Volonté de persuasion | Rationalisme | Besoin d'action | Ambition | Flexibilité | Besoin d'autonomie | Implication au travail,https://www.rekrute.com/offre-emploi-ingenieur-projets-ecom-recrutement-attijari-payment-processing-casablanca-182028.html,N/A,2026-04-22T23:44:13.290210
rekrute,Chargé Pilotage Commercial | Casablanca (Maroc),Attijari Payment Processing,Tanger et région - Maroc,CDI,Commercial / Vente / Export                                                                 - Secteur Banque / Finance,Confirmé (5 à 10 ans),Bac +5 et plus Minimum - Ecole de commerce,N/A,"Entreprise : Attijari Payment Processing , Filiale Monétique du Groupe Attijariwafa bank , centralise au Maroc les traitements monétiques de l’ensemble des filiales du Groupe. Elle accompagne ces dernières dans l'optimisation de leurs coûts d’investissement et garantit le bon fonctionnement de l’activité monétique. Elle leur permet, entre autres, d’innover en proposant des produits et des services à forte valeur ajoutée et surtout d'aligner leur stratégie monétique à celle du Groupe. | Poste : Définir les objectifs commerciaux et indicateurs de rentabilité avec de Responsable développement commercial et le Responsable Back office commercial Piloter au quotidien les réalisations commerciales et mettre à la disposition de l'ensemble des contributeurs des outils de pilotage et d'analyse pour le développement du fonds de commerce Acquisition d'APP Analyser et identifier les causes et effets des écarts entre les objectifs et réalisations par rubrique d'activité, analyser la rentabilité et proposer les niches de développement du PNB. Synthétiser les réalisations et actions du pôle acquisition à travers les présentations du pôle. Assurer une synergie dans les campagnes lancées par le Marketing dans le suivi de la réalisations commerciales, et des challenges commerciaux. Réaliser et diffuser des études et analyses diverses sur le fonds de commerce du pôle et automatiser les reportings les plus récurrents . Préparer les rapports de suivi de la performance pour le Top Management Supporter les équipes commerciales et Marketing pour l’analyse et l’optimisation du funnel de conversion ainsi que la gestion du portefeuille (e.g., réactivation des comptes dormants, cross-sell) Mettre en place les comités de gouvernance et préparer les tableaux de bord et les rapports de gestion « PMO » sur des projets stratégiques et transverses | Profil recherché : Formation Bac+5 ou plus en commerce, marketing, gestion ou équivalent. 5 à 7 ans avec minimum 2 ans dans un poste similaire Sens aigu du relationnel, bonne capacité de négociation et d’écoute. Goût pour le terrain et pour les challenges. Compétences clés : Maîtrise des techniques de vente et de prospection. Bonne présentation et excellente communication. Esprit d’équipe et autonomie.",Recherche de nouveauté | Extraversion | Volonté de persuasion | Ambition | Intuition / Spontanéité,https://www.rekrute.com/offre-emploi-charge-pilotage-commercial-recrutement-attijari-payment-processing-casablanca-182027.html,N/A,2026-04-22T23:44:15.607168
rekrute,Technicien Laboratoire H/F | Essaouira (Maroc),Au cœur de la transformation du paysage médical marocain,Casablanca et région - Maroc,CDI,Médical / Paramédical - Santé / Social (métiers de) - Secteur Pharmacie / Santé,Junior (1 à 3 ans),Bac +2 Minimum - Autre,N/A,"Entreprise : Au cœur de la transformation du paysage médical marocain, le Groupe AKDITAL incarne une nouvelle génération d’institutions de santé : modernes, humaines et résolument tournées vers l’avenir. Leader du secteur privé de la santé, AKDITAL œuvre depuis sa création à rendre les soins de haute qualité accessibles à tous, en s’appuyant sur une expertise médicale d’exception, des technologies de pointe et une gouvernance fondée sur les meilleurs standards internationaux. Aujourd’hui, notre vision dépasse les frontières. En poursuivant son expansion à l’international, le Groupe confirme sa vocation : faire rayonner le savoir-faire marocain et placer la médecine du futur à portée de chaque patient, partout où nous intervenons. Pourquoi rejoindre AKDITAL ? Parce que vous souhaitez contribuer à une vision moderne et ambitieuse de la santé. Parce que vous partagez nos valeurs : excellence, innovation, humanité et engagement. Et parce que vous croyez, comme nous, qu’un soin peut changer une vie. | Culture de l'entreprise : Akdital porte une culture fortement orientée performance , où l’ambition, l’exigence et le dépassement de soi sont au cœur du quotidien pour garantir un niveau de service irréprochable. Cette dynamique est enrichie par une vraie ouverture à l’ innovation , essentielle pour moderniser la santé privée et développer de nouvelles pratiques médicales et organisationnelles. La coopération complète cet ensemble, avec un esprit d’équipe solide et un management qui soutient les collaborateurs dans un environnement exigeant. Enfin, une culture structurée et rigoureuse assure la qualité, la sécurité et la fiabilité indispensables au secteur médical. | Poste : Rejoignez notre équipe dynamique dans le secteur de la Santé en tant que Technicien Laboratoire H/F . Installé(e) dans la magnifique ville d' Essaouira , ce poste représente une opportunité unique de contribuer à l'excellence scientifique au sein d'une structure reconnue. Votre rôle sera essentiel dans le bon déroulement des analyses et des expérimentations, participant ainsi activement à nos avancées. L'objectif principal de ce poste est d'assurer avec rigueur et précision la réalisation des analyses et des tests en laboratoire. Il s'agit de garantir la fiabilité des résultats obtenus, en respectant scrupuleusement les protocoles établis et les normes de qualité en vigueur. Votre contribution permettra de soutenir les équipes de recherche et développement ainsi que les départements de contrôle qualité dans leurs missions respectives. Vos missions quotidiennes seront variées et comprendront notamment : La préparation des échantillons et des réactifs nécessaires aux analyses. La réalisation d'analyses selon des protocoles définis et l'utilisation d'équipements de laboratoire spécifiques. L'enregistrement précis des données et des résultats d'analyses. La maintenance courante des équipements et la gestion des stocks de consommables. Le respect strict des procédures d'hygiène et de sécurité en vigueur dans le laboratoire. La participation à la validation des méthodes et à l'amélioration continue des processus. | Profil recherché : Pour ce poste, un niveau d'études Bac +2 est requis. Une formation dans les domaines Médical / Paramédical , Santé / Social ou dans des métiers similaires sera un atout majeur pour réussir dans cette fonction. Une première expérience professionnelle, idéalement de 1 à 3 ans , dans un environnement de laboratoire similaire est recherchée. Cette expérience vous aura permis de développer une bonne compréhension des techniques d'analyse et des bonnes pratiques de laboratoire. Nous recherchons une personne dotée d'un sens aigu de l'organisation, rigoureuse et autonome. Les compétences techniques attendues incluent : Maîtrise des techniques d'analyse courantes en laboratoire. Connaissance des normes de qualité et des bonnes pratiques de laboratoire. Capacité à manipuler des équipements de laboratoire avec précision. Bonne compréhension des principes scientifiques appliqués. Aptitude à travailler en équipe et à communiquer efficacement. Faire preuve de curiosité et d'une volonté constante d'apprendre et de se perfectionner. Si vous vous reconnaissez dans ce portrait et que vous souhaitez mettre à profit vos compétences dans un cadre professionnel stimulant, n'attendez plus !",Travail en équipe,https://www.rekrute.com/offre-emploi-technicien-laboratoire-hf-recrutement-akdital-essaouira-182026.html,N/A,2026-04-22T23:44:19.421385
rekrute,COMMERCIAL REGIONAL | Fès (Maroc),Attijari Payment Processing,Tanger et région - Maroc,CDI,Commercial / Vente / Export                                                                 - Secteur Banque / Finance,Confirmé (5 à 10 ans),Bac +5 et plus Minimum - Ecole de commerce,N/A,"Entreprise : Attijari Payment Processing , Filiale Monétique du Groupe Attijariwafa bank , centralise au Maroc les traitements monétiques de l’ensemble des filiales du Groupe. Elle accompagne ces dernières dans l'optimisation de leurs coûts d’investissement et garantit le bon fonctionnement de l’activité monétique. Elle leur permet, entre autres, d’innover en proposant des produits et des services à forte valeur ajoutée et surtout d'aligner leur stratégie monétique à celle du Groupe. | Poste : Prospecter et développer un portefeuille de nouveaux commerçants et entreprises. Promouvoir l’ensemble des produits et services monétiques de la filiale. Assurer la négociation et la conclusion des contrats d’acquisition. Suivre et fidéliser les clients acquis. Atteindre les objectifs quantitatifs et qualitatifs fixés par la Direction Commerciale. | Profil recherché : Formation Bac+5 ou plus en commerce, marketing, gestion ou équivalent. Première expérience réussie dans la vente (B2B ou B2C), idéalement dans le secteur bancaire, monétique ou télécom. Sens aigu du relationnel, bonne capacité de négociation et d’écoute. Goût pour le terrain et pour les challenges. Compétences clés : Maîtrise des techniques de vente et de prospection. Bonne présentation et excellente communication. Esprit d’équipe et autonomie.",Recherche de nouveauté | Extraversion | Volonté de persuasion | Ambition | Intuition / Spontanéité,https://www.rekrute.com/offre-emploi-commercial-regional-recrutement-attijari-payment-processing-fes-182025.html,N/A,2026-04-22T23:44:22.387922
rekrute,COMMERCIAL REGIONAL | AGADIR (Maroc),Attijari Payment Processing,Tanger et région - Maroc,CDI,Commercial / Vente / Export                                                                 - Secteur Banque / Finance,Confirmé (5 à 10 ans),Bac +5 et plus Minimum - Ecole de commerce,N/A,"Entreprise : Attijari Payment Processing , Filiale Monétique du Groupe Attijariwafa bank , centralise au Maroc les traitements monétiques de l’ensemble des filiales du Groupe. Elle accompagne ces dernières dans l'optimisation de leurs coûts d’investissement et garantit le bon fonctionnement de l’activité monétique. Elle leur permet, entre autres, d’innover en proposant des produits et des services à forte valeur ajoutée et surtout d'aligner leur stratégie monétique à celle du Groupe. | Poste : Prospecter et développer un portefeuille de nouveaux commerçants et entreprises. Promouvoir l’ensemble des produits et services monétiques de la filiale. Assurer la négociation et la conclusion des contrats d’acquisition. Suivre et fidéliser les clients acquis. Atteindre les objectifs quantitatifs et qualitatifs fixés par la Direction Commerciale. | Profil recherché : Formation Bac+5 ou plus en commerce, marketing, gestion ou équivalent. Première expérience réussie dans la vente (B2B ou B2C), idéalement dans le secteur bancaire, monétique ou télécom. Sens aigu du relationnel, bonne capacité de négociation et d’écoute. Goût pour le terrain et pour les challenges. Compétences clés : Maîtrise des techniques de vente et de prospection. Bonne présentation et excellente communication. Esprit d’équipe et autonomie.",Recherche de nouveauté | Extraversion | Volonté de persuasion | Ambition | Intuition / Spontanéité,https://www.rekrute.com/offre-emploi-commercial-regional-recrutement-attijari-payment-processing-agadir-182024.html,N/A,2026-04-22T23:44:25.022420
rekrute,COMMERCIAL REGIONAL | Marrakech (Maroc),Attijari Payment Processing,Tanger et région - Maroc,CDI,Commercial / Vente / Export                                                                 - Secteur Banque / Finance,Confirmé (5 à 10 ans),Bac +5 et plus Minimum - Ecole de commerce,N/A,"Entreprise : Attijari Payment Processing , Filiale Monétique du Groupe Attijariwafa bank , centralise au Maroc les traitements monétiques de l’ensemble des filiales du Groupe. Elle accompagne ces dernières dans l'optimisation de leurs coûts d’investissement et garantit le bon fonctionnement de l’activité monétique. Elle leur permet, entre autres, d’innover en proposant des produits et des services à forte valeur ajoutée et surtout d'aligner leur stratégie monétique à celle du Groupe. | Poste : Prospecter et développer un portefeuille de nouveaux commerçants et entreprises. Promouvoir l’ensemble des produits et services monétiques de la filiale. Assurer la négociation et la conclusion des contrats d’acquisition. Suivre et fidéliser les clients acquis. Atteindre les objectifs quantitatifs et qualitatifs fixés par la Direction Commerciale. | Profil recherché : Formation Bac+5 ou plus en commerce, marketing, gestion ou équivalent. Première expérience réussie dans la vente (B2B ou B2C), idéalement dans le secteur bancaire, monétique ou télécom. Sens aigu du relationnel, bonne capacité de négociation et d’écoute. Goût pour le terrain et pour les challenges. Compétences clés : Maîtrise des techniques de vente et de prospection. Bonne présentation et excellente communication. Esprit d’équipe et autonomie.",Recherche de nouveauté | Extraversion | Volonté de persuasion | Ambition | Intuition / Spontanéité,https://www.rekrute.com/offre-emploi-commercial-regional-recrutement-attijari-payment-processing-marrakech-182023.html,N/A,2026-04-22T23:44:27.757652
rekrute,Contrôleur Financier | Casablanca (Maroc),Attijari Payment Processing,Casablanca et région - Maroc,CDI,Banque (métiers de la) - Gestion / Comptabilité / Finance - Secteur Banque / Finance								- Comptabilité / Audit,Confirmé (5 à 10 ans),Bac +5 et plus Minimum - Autre,N/A,"Entreprise : Attijari Payment Processing , Filiale Monétique du Groupe Attijariwafa bank , centralise au Maroc les traitements monétiques de l’ensemble des filiales du Groupe. Elle accompagne ces dernières dans l'optimisation de leurs coûts d’investissement et garantit le bon fonctionnement de l’activité monétique. Elle leur permet, entre autres, d’innover en proposant des produits et des services à forte valeur ajoutée et surtout d'aligner leur stratégie monétique à celle du Groupe. | Poste : ""• Assurer la préparation et le suivi du budget APP Acquisition"" ""• Préparer les indicateurs de performances Acquisition "" ""• Produire un compte résultat mensuel Acquisition "" ""• Contrôler les flux financiers de l’activité TPE & ECOM : Trésorerie, charges et produits"" ""• S’assurer de la bonne application des tarifs et des grilles commerciales."" ""• Etablir des simulations clients"" ""• Identifier les anomalies : transactions rejetées, anomalies d’encaissement, écart entre montants collectés et montants reversés."" ""• Effectuer les rapprochements quotidiens / hebdomadaires : entre CRM, systèmes monétiques et comptabilité, entre transactions et reversements bancaires, entre facturation et paiements clients."" ""- Vérifier la conformité des pratiques aux règles de gestion et normes en vigueur - Identifier, mettre en place et superviser les actions de réalignement sur les règles de gestion et normes en vigueur"" ""- Réaliser des analyses et préparer des documents projets - Consolider des informations et données input et prendre en charge l'élaboration de livrables projets - Elaborer des états d'avancement, conformément au planning, et expliquer les écarts"" ""- Accomplir ses missions en tant que contributeur individuel au sein d'une équipe - Partager des informations avec son équipe, et collaborer pour la résolution des problèmes et l'atteinte des objectifs communs"" - Assister aux réunions d'activité de son équipe, partager des informations et remonter les situations de blocage ou les alertes ""- Remonter les éléments de son périmètre alimentant les reportings d'activité - Répondre aux requêtes spécifiques formulées par sa hiérarchie"" | Profil recherché : Formation Bac+4 Minimum en Comptabilité, Finance ou équivalent. Expérience minimale de 5 ans dans un poste similaire, idéalement dans le secteur bancaire, monétique ou financier. Solides compétences en fiscalité, reporting et gestion d’équipe. Maîtrise des outils informatiques et ERP comptables",Respect des règles | Rationalisme | Conventionnel | Flexibilité | Implication au travail | Organisation,https://www.rekrute.com/offre-emploi-controleur-financier-recrutement-attijari-payment-processing-casablanca-182022.html,N/A,2026-04-22T23:44:30.196730
rekrute,Chef de Projet Monétique | Casablanca (Maroc),Attijari Payment Processing,Casablanca et région - Maroc,CDI,Banque (métiers de la) - Gestion projet / Etudes / R&D - Secteur Banque / Finance,Intermédiaire (3 à 5 ans),Bac +5 et plus Minimum - Master,N/A,"Entreprise : Attijari Payment Processing , Filiale Monétique du Groupe Attijariwafa bank , centralise au Maroc les traitements monétiques de l’ensemble des filiales du Groupe. Elle accompagne ces dernières dans l'optimisation de leurs coûts d’investissement et garantit le bon fonctionnement de l’activité monétique. Elle leur permet, entre autres, d’innover en proposant des produits et des services à forte valeur ajoutée et surtout d'aligner leur stratégie monétique à celle du Groupe. | Poste : Analyser et cadrer les besoins fonctionnels des métiers en matière de monétique, établir les cahiers des fichiers de projets correspondantes Planifier et suivre l’état d’avancement des projets monétiques de concert avec les prestataires et les métiers Réaliser les livrables projets (notes de cadrage, spécifications fonctionnelles, plans de recette…) Valider la conception avec les prestataires, réaliser le paramétrage, qualification et Testing des livrables qui répondent aux besoins du client Réaliser la mise en production et assurer la phase de post production dans la période de garantie. Formaliser les procédures, les supports d'assistance, et déployer les plans d'accompagnement nécessaires Vérifier la conformité des pratiques aux règles de gestion et normes en vigueur Identifier, mettre en place et superviser les actions de réalignement sur les règles de gestion et normes en vigueur Réaliser des analyses et préparer des documents projets Prendre en charge ou organiser l'élaboration des livrables projets Elaborer des états d'avancement, conformément au planning, et expliquer les écarts Encadrer et coordonner des ressources projet Superviser 1 à 2 collaborateurs ou coordonner des ressources projet Partager des informations avec son équipe, et collaborer pour la résolution des problèmes et l'atteinte des objectifs communs Remplir occasionnellement des fonctions de supervision ou d'accompagnement des collaborateurs suivant désignation par sa hiérarchie Assister aux réunions d'activité de son équipe, partager des informations et remonter les situations de blocage ou les alertes Prendre en charge la préparation des Reportings de son périmètre selon les fréquences et normes prédéfinies Répondre aux requêtes spécifiques formulées par sa hiérarchie | Profil recherché : Bac+5 en ingénierie, informatique, gestion de projet ou équivalent. Expérience confirmée d’au moins 3 ans dans la gestion de projets, idéalement dans le domaine monétique, bancaire ou des systèmes de paiement. Maîtrise des méthodologies de gestion de projet (Agile, Cycle en V, etc.). Bonnes capacités de communication, d’organisation et de leadership",Volonté de persuasion | Rationalisme | Besoin d'action | Ambition | Flexibilité | Besoin d'autonomie | Implication au travail,https://www.rekrute.com/offre-emploi-chef-de-projet-monetique-recrutement-attijari-payment-processing-casablanca-182021.html,N/A,2026-04-22T23:44:33.545569
rekrute,COMMERCIAL REGIONAL | Casablanca (Maroc),Attijari Payment Processing,Tanger et région - Maroc,CDI,Commercial / Vente / Export                                                                 - Secteur Banque / Finance,Confirmé (5 à 10 ans),Bac +5 et plus Minimum - Ecole de commerce,N/A,"Entreprise : Attijari Payment Processing , Filiale Monétique du Groupe Attijariwafa bank , centralise au Maroc les traitements monétiques de l’ensemble des filiales du Groupe. Elle accompagne ces dernières dans l'optimisation de leurs coûts d’investissement et garantit le bon fonctionnement de l’activité monétique. Elle leur permet, entre autres, d’innover en proposant des produits et des services à forte valeur ajoutée et surtout d'aligner leur stratégie monétique à celle du Groupe. | Poste : Prospecter et développer un portefeuille de nouveaux commerçants et entreprises. Promouvoir l’ensemble des produits et services monétiques de la filiale. Assurer la négociation et la conclusion des contrats d’acquisition. Suivre et fidéliser les clients acquis. Atteindre les objectifs quantitatifs et qualitatifs fixés par la Direction Commerciale. | Profil recherché : Formation Bac+5 ou plus en commerce, marketing, gestion ou équivalent. Première expérience réussie dans la vente (B2B ou B2C), idéalement dans le secteur bancaire, monétique ou télécom. Sens aigu du relationnel, bonne capacité de négociation et d’écoute. Goût pour le terrain et pour les challenges. Compétences clés : Maîtrise des techniques de vente et de prospection. Bonne présentation et excellente communication. Esprit d’équipe et autonomie.",Recherche de nouveauté | Extraversion | Volonté de persuasion | Ambition | Intuition / Spontanéité,https://www.rekrute.com/offre-emploi-commercial-regional-recrutement-attijari-payment-processing-casablanca-182020.html,N/A,2026-04-22T23:44:37.057130
rekrute,COMMERCIAL REGIONAL | Rabat (Maroc),Attijari Payment Processing,Tanger et région - Maroc,CDI,Commercial / Vente / Export                                                                 - Secteur Banque / Finance,Confirmé (5 à 10 ans),Bac +5 et plus Minimum - Ecole de commerce,N/A,"Entreprise : Attijari Payment Processing , Filiale Monétique du Groupe Attijariwafa bank , centralise au Maroc les traitements monétiques de l’ensemble des filiales du Groupe. Elle accompagne ces dernières dans l'optimisation de leurs coûts d’investissement et garantit le bon fonctionnement de l’activité monétique. Elle leur permet, entre autres, d’innover en proposant des produits et des services à forte valeur ajoutée et surtout d'aligner leur stratégie monétique à celle du Groupe. | Poste : Prospecter et développer un portefeuille de nouveaux commerçants et entreprises. Promouvoir l’ensemble des produits et services monétiques de la filiale. Assurer la négociation et la conclusion des contrats d’acquisition. Suivre et fidéliser les clients acquis. Atteindre les objectifs quantitatifs et qualitatifs fixés par la Direction Commerciale. | Profil recherché : Formation Bac+5 ou plus en commerce, marketing, gestion ou équivalent. Première expérience réussie dans la vente (B2B ou B2C), idéalement dans le secteur bancaire, monétique ou télécom. Sens aigu du relationnel, bonne capacité de négociation et d’écoute. Goût pour le terrain et pour les challenges. Compétences clés : Maîtrise des techniques de vente et de prospection. Bonne présentation et excellente communication. Esprit d’équipe et autonomie.",Recherche de nouveauté | Extraversion | Volonté de persuasion | Ambition | Intuition / Spontanéité,https://www.rekrute.com/offre-emploi-commercial-regional-recrutement-attijari-payment-processing-rabat-182019.html,N/A,2026-04-22T23:44:40.388580
rekrute,"Gestionnaire Juridique, Réglementaire | Casablanca (Maroc)",Attijari Payment,Casablanca et région - Maroc,CDI,Avocat / Juriste / Fiscaliste                                                                 - Secteur Banque / Finance,Intermédiaire (3 à 5 ans),Bac +5 et plus Minimum - Master,N/A,"Entreprise : Attijari Payment , Filiale Monétique du Groupe Attijariwafa bank , centralise au Maroc les traitements monétiques de l’ensemble des filiales du Groupe. Elle accompagne ces dernières dans l'optimisation de leurs coûts d’investissement et garantit le bon fonctionnement de l’activité monétique. Elle leur permet, entre autres, d’innover en proposant des produits et des services à forte valeur ajoutée et surtout d'aligner leur stratégie monétique à celle du Groupe. | Poste : Reporting réglementaire : • Superviser la préparation et la transmission des rapports réglementaires aux autorités de tutelle. • Assurer la conformité aux normes locales et internationales du secteur monétique. • Suivi des évolutions réglementaires marocaines et mise en conformité des pratiques internes. • Analyse des écarts règlementaires et élaboration de plans correctifs Juridique : • Cartographie des risques opérationnels financiers et réglementaires spécifiques au secteur monétique et aux solutions de paiement. • Garantir la conformité des contrats et des politiques internes aux réglementations en vigueur. • Assurer une veille proactive sur les évolutions légales du secteur et adapter les processus internes en conséquence. • Renforcer le dispositif anti-fraude et de contrôle interne. | Profil recherché : Bac+5 en Droit des affaires, Droit bancaire, Conformité ou équivalent. Expérience confirmée de 5 ans minimum dans un poste similaire, idéalement dans le secteur bancaire, monétique ou financier. Maîtrise des réglementations nationales et internationales relatives aux moyens de paiement. Excellentes capacités d’analyse, de communication et de rédaction. Sens de la rigueur, organisation et confidentialité",Distance émotionnelle | Rationalisme | Besoin de réflexion | Organisation,https://www.rekrute.com/offre-emploi-gestionnaire-juridique-reglementaire-recrutement-attijari-payment-processing-casablanca-182018.html,N/A,2026-04-22T23:44:43.763831
rekrute,Responsable QHSE | Nouaceur (Maroc),N/A (confidentiel),Casablanca et région - Maroc,CDI,Méthodes / Process / Industrialisation - Production / Qualité / Sécurité / Maintenance - Secteur Indifférent,Confirmé (5 à 10 ans) - Expert (10 à 20 ans),Bac +5 et plus - Master - Université,N/A,"Entreprise : Rejoignez une entreprise marocaine de référence, acteur clé dans des secteurs stratégiques. Engagé en faveur du développement durable et de l’innovation, le groupe offre à ses talents un environnement stimulant, des parcours de carrière diversifiés et une culture d’entreprise fondée sur la performance et la responsabilité. Vous souhaitez donner du sens à votre parcours professionnel ? Venez construire l’avenir avec nous. | Poste : Rejoignez une entreprise dynamique dans son secteur en tant que Responsable QHSE dans notre site de Nouaceur . C'est l'opportunité pour vous de jouer un rôle clé dans la pérennité et l'excellence opérationnelle de nos activités. Votre mission principale sera d'assurer la mise en œuvre et le suivi des politiques de l'entreprise en matière de Qualité , d' Hygiène , de Sécurité et d' Environnement . Vous piloterez l'amélioration continue de nos processus pour garantir la conformité réglementaire, la satisfaction client et la protection de nos collaborateurs et de notre environnement. Vos responsabilités comprendront, sans s'y limiter : L'élaboration et la mise à jour des procédures QHSE. La supervision des audits internes et externes. La gestion des plans d'actions suite aux non-conformités. La sensibilisation et la formation des équipes aux enjeux QHSE. L'analyse des risques et la mise en place des mesures de prévention. Le suivi des indicateurs de performance QHSE et la production de rapports. La veille réglementaire dans votre domaine d'expertise. | Profil recherché : Pour réussir dans ce rôle, un diplôme de niveau Bac +5 et plus est requis, idéalement complété par une spécialisation dans les domaines des Méthodes / Process / Industrialisation , ou de la Production / Qualité / Sécurité / Maintenance . Une expérience significative de 5 à 20 ans dans des fonctions similaires, idéalement dans le secteur du Pétrole et du Gaz, est attendue pour que vous puissiez prendre pleinement en main ce poste stratégique. Excellentes connaissances des normes et réglementations QHSE. Capacité à analyser des situations complexes et à proposer des solutions adaptées. Fortes compétences en gestion de projet et en management d'équipe. Aisance relationnelle et pédagogie pour former et accompagner vos collaborateurs. Rigueur, organisation et sens des priorités. Maîtrise des outils informatiques et des logiciels de gestion QHSE. Si vous êtes prêt(e) à relever ce défi passionnant et à contribuer activement à notre succès, n'attendez plus ! Postulez dès maintenant en utilisant le bouton « Envoyer mon CV au recruteur » en bas de l'annonce.",Recherche de nouveauté | Créativité | Volonté de persuasion | Rationalisme | Flexibilité | Besoin de réflexion | Travail en équipe | Organisation,https://www.rekrute.com/offre-emploi-responsable-qhse-recrutement-confidentiel-nouaceur-181502.html,N/A,2026-04-22T23:44:45.816583
rekrute,Formateur | Tanger (Maroc),N/A (confidentiel),Tanger et région - Maroc,CDI,RH / Personnel / Formation                                                                 - Secteur Indifférent,Intermédiaire (3 à 5 ans),Bac +5 et plus - Master - Université,N/A,"Entreprise : Rejoignez une entreprise marocaine de référence, acteur clé dans des secteurs stratégiques. Engagé en faveur du développement durable et de l’innovation, le groupe offre à ses talents un environnement stimulant, des parcours de carrière diversifiés et une culture d’entreprise fondée sur la performance et la responsabilité. Vous souhaitez donner du sens à votre parcours professionnel ? Venez construire l’avenir avec nous. | Poste : Rejoignez notre dynamique entreprise dans son secteur  en tant que Formateur , basé dans la dynamique ville de Tanger . Votre rôle sera essentiel dans le développement des compétences de nos équipes, contribuant activement à l'excellence opérationnelle et à l'innovation au sein de notre entreprise. L'objectif principal de ce poste est de concevoir, dispenser et évaluer des programmes de formation pertinents et de haute qualité, alignés sur les besoins stratégiques de l'entreprise et les évolutions du secteur pétrolier et gazier. Il s'agit de garantir l'acquisition et le renforcement des savoirs, savoir-faire et savoir-être des collaborateurs, favorisant ainsi leur montée en compétence et leur épanouissement professionnel. Vos missions principales comprendront la conception pédagogique de modules de formation adaptés aux spécificités du métier, la planification et l'organisation des sessions de formation, ainsi que leur animation auprès de différents publics. Vous serez également responsable de l'évaluation de l'efficacité des formations dispensées et de la production de supports pédagogiques innovants. Une veille constante sur les meilleures pratiques en formation et sur les évolutions du secteur sera nécessaire. Conception et développement de programmes de formation Animation de sessions de formation Évaluation de l'atteinte des objectifs pédagogiques Suivi des apprenants et reporting | Profil recherché : Vous êtes titulaire d'un diplôme de niveau Bac +5 et plus , idéalement dans le domaine des Ressources Humaines, du Personnel ou de la Formation . Votre parcours vous a permis de développer une solide expertise en ingénierie pédagogique et en sciences de l'éducation. Une expérience professionnelle de 3 à 5 ans dans des fonctions similaires est requise. Une connaissance du secteur Pétrole / Gaz serait un atout considérable, démontrant votre capacité à appréhender les enjeux spécifiques de cet environnement. Excellentes compétences en communication orale et écrite, une capacité à adapter votre discours à différents auditoires, ainsi qu'une forte aptitude à la pédagogie et à la facilitation sont indispensables. Vous maîtrisez les techniques de formation d'adultes et possédez une bonne connaissance des outils numériques appliqués à la formation. La proactivité, l'autonomie et un sens aigu de l'organisation complèteront votre profil.",Créativité | Extraversion | Volonté de persuasion | Sensibilité émotionnelle | Flexibilité | Besoin d'action | Travail en équipe | Organisation,https://www.rekrute.com/offre-emploi-formateur-recrutement-confidentiel-tanger-181314.html,N/A,2026-04-22T23:44:49.477490
rekrute,Technico-Commercial | Casablanca (Maroc),N/A (confidentiel),Casablanca et région - Maroc,CDI,Commercial / Vente / Export - Distribution (métiers de la) - Secteur Indifférent,Intermédiaire (3 à 5 ans) - Confirmé (5 à 10 ans),Bac +5 et plus Minimum - Ecole d'ingénieur,N/A,"Entreprise : Rejoignez une entreprise marocaine de référence, acteur clé dans des secteurs stratégiques. Engagé en faveur du développement durable et de l’innovation, le groupe offre à ses talents un environnement stimulant, des parcours de carrière diversifiés et une culture d’entreprise fondée sur la performance et la responsabilité. Vous souhaitez donner du sens à votre parcours professionnel ? Venez construire l’avenir avec nous. | Poste : Rejoignez notre dynamique entreprise dans son secteur en tant que Technico-Commercial à Casablanca, Maroc. C'est une opportunité unique de mettre à profit votre expertise et de contribuer activement à notre croissance. Votre mission principale sera de développer et de fidéliser notre clientèle sur le marché, en assurant une présence commerciale forte et en atteignant les objectifs de vente fixés. Vous serez un acteur clé dans l'expansion de notre portefeuille clients et le renforcement de notre position sur le marché. Vos responsabilités quotidiennes incluront la prospection de nouveaux clients, la négociation de contrats et la gestion des relations commerciales existantes. Vous serez amené(e) à présenter nos solutions techniques et commerciales, à élaborer des offres personnalisées et à assurer le suivi des projets. L'analyse du marché et la veille concurrentielle feront également partie intégrante de vos missions. Développer et gérer un portefeuille de clients dans le secteur pétrolier et gazier. Identifier de nouvelles opportunités commerciales et prospects. Négocier les contrats et assurer la satisfaction client. Suivre les ventes et analyser les performances. | Profil recherché : Pour exceller dans ce rôle, un niveau Bac +5 et plus est requis, idéalement complété par une spécialisation en Commercial / Vente / Export . Cette formation vous aura permis d'acquérir les fondamentaux théoriques indispensables pour comprendre les enjeux techniques et commerciaux du secteur. Une expérience professionnelle de 3 à 10 ans dans une fonction similaire est attendue. Idéalement, vous avez déjà évolué dans le secteur du Pétrole / Gaz ou dans un domaine technique connexe, vous permettant de maîtriser les spécificités du marché et d'établir rapidement des relations de confiance. Au-delà de votre formation et de votre parcours, ce sont vos compétences qui feront la différence. Une parfaite maîtrise des techniques de vente et de négociation est essentielle. Vous possédez une excellente capacité d'analyse et de synthèse, ainsi qu'un sens aigu du relationnel et de la communication. Votre aisance à travailler en autonomie et à atteindre vos objectifs sera un atout majeur. Excellente capacité de négociation et de persuasion. Fortes compétences relationnelles et sens du service client. Autonomie, rigueur et organisation. Connaissance du secteur Pétrole / Gaz appréciée. Maîtrise des outils informatiques et logiciels de CRM.",Volonté de persuasion | Rationalisme | Ténacité | Besoin d'action | Travail en équipe | Implication au travail | Ambition | Organisation,https://www.rekrute.com/offre-emploi-technico-commercial-recrutement-confidentiel-casablanca-181426.html,N/A,2026-04-22T23:44:52.538856
rekrute,Animateur HSE | Meknès (Maroc),Engagé en faveur du développement durable et de l’innovation,Meknès et région - Maroc,CDI,Méthodes / Process / Industrialisation - Production / Qualité / Sécurité / Maintenance - Secteur Indifférent,Débutant (-1 an) - Junior (1 à 3 ans),Bac +2 Minimum - BTS / DUT - Formation professionnelle,N/A,"Entreprise : Engagé en faveur du développement durable et de l’innovation, le groupe offre à ses talents un environnement stimulant, des parcours de carrière diversifiés et une culture d’entreprise fondée sur la performance et la responsabilité. Rejoignez une entreprise marocaine de référence, acteur clé dans des secteurs stratégiques. Vous souhaitez donner du sens à votre parcours professionnel ? Venez construire l’avenir avec nous. | Poste : Rejoignez notre dynamique entreprise dans son secteur, en tant qu' Animateur HSE dans notre site de Meknès . C'est une opportunité unique de mettre votre expertise au service de la sécurité et de l'environnement, en contribuant activement à la culture HSE de notre organisation. Votre rôle sera central dans le maintien et l'amélioration continue des standards de santé, sécurité et environnement . Vous serez le garant de la mise en œuvre des politiques HSE sur le terrain, en veillant à la conformité réglementaire et à la prévention des risques pour l'ensemble du personnel et des installations. Au quotidien, vos missions seront variées et essentielles : Contribuer à l'élaboration et à la mise à jour des procédures HSE . Animer et sensibiliser les équipes aux bonnes pratiques de sécurité et de protection de l'environnement. Réaliser des audits et des inspections régulières des sites et des activités pour identifier les écarts et proposer des actions correctives. Participer à l'analyse des incidents et accidents pour en tirer des leçons et prévenir leur récurrence. Suivre les indicateurs HSE et élaborer les rapports nécessaires. Assurer une veille réglementaire sur les aspects HSE. Contribuer à la gestion des risques industriels et à la protection de l'environnement. | Profil recherché : Pour exceller dans ce rôle, une formation de niveau Bac +2 est requise, idéalement dans les domaines des Méthodes / Process / Industrialisation ou dans les spécialisations orientées Production / Qualité / Sécurité / Maintenance . Une première expérience professionnelle comprise entre 1 et 3 ans dans un poste similaire est attendue. C'est le moment idéal pour valoriser vos acquis et développer vos compétences dans un environnement stimulant du secteur Pétrole / Gaz. Nous recherchons une personne dotée d'une forte conscience professionnelle et d'un excellent sens de la communication. Les compétences clés incluent : Une connaissance approfondie des réglementations HSE . Des capacités avérées en animation et formation des équipes. Un esprit d'analyse et de synthèse pour la gestion des risques et l'amélioration continue. Une rigueur et une organisation sans faille pour le suivi des actions et des indicateurs. La capacité à travailler en collaboration avec différents services et niveaux hiérarchiques. Si vous êtes passionné par la culture de la sécurité et désireux de contribuer à un environnement de travail plus sûr et plus respectueux de l'environnement, ce poste est fait pour vous.",Respect des règles | Besoin d'objectivité | Rationalisme | Ténacité | Travail en équipe | Implication au travail | Humilité | Organisation,https://www.rekrute.com/offre-emploi-animateur-hse-recrutement-confidentiel-meknes-181330.html,N/A,2026-04-22T23:44:54.501448
rekrute,Chef de projet développement réseau  | Casablanca (Maroc),N/A (confidentiel),Casablanca et région - Maroc,CDI,Commercial / Vente / Export - Distribution (métiers de la) - Secteur Indifférent,Intermédiaire (3 à 5 ans) - Confirmé (5 à 10 ans),Bac +5 et plus - Master - Université,N/A,"Entreprise : Rejoignez une entreprise marocaine de référence, acteur clé dans des secteurs stratégiques. Engagé en faveur du développement durable et de l’innovation, le groupe offre à ses talents un environnement stimulant, des parcours de carrière diversifiés et une culture d’entreprise fondée sur la performance et la responsabilité. Vous souhaitez donner du sens à votre parcours professionnel ? Venez construire l’avenir avec nous. | Poste : Rejoignez une entreprise dynamique dans son secteur et contribuez à son essor en tant que Chef de projet développement réseau . Basé(e) à Casablanca , vous jouerez un rôle clé dans l'innovation et l'expansion de nos infrastructures numériques. Vos missions principales consisteront à piloter l'ensemble du cycle de vie des projets de développement réseau, de la conception à la mise en production, tout en assurant le respect des budgets, des délais et des standards de qualité. Vous serez le garant de la performance et de la fiabilité des réseaux déployés. Vos responsabilités engloberont la définition des architectures réseau, la gestion des équipes techniques et des prestataires, la supervision des déploiements, la gestion des risques et des changements. Vous serez également en charge de l'élaboration des cahiers des charges, du suivi des approvisionnements et de la validation des solutions techniques. Analyse des besoins et définition des spécifications techniques. Planification et coordination des différentes phases du projet. Suivi budgétaire et reporting régulier de l'avancement. Tests et validation des nouvelles infrastructures réseau. Gestion de la relation avec les fournisseurs et les partenaires. | Profil recherché : Votre parcours académique inclut un diplôme de niveau Bac +5 et plus , idéalement dans les domaines de l' Informatique , de l' Électronique ou de l' Internet / Multimédia . Une expérience professionnelle de 3 à 10 ans dans la gestion de projets réseaux est attendue. Une connaissance approfondie des infrastructures et des technologies de réseau actuelles est indispensable. Pour exceller dans ce rôle, vous possédez une solide expertise en gestion de projet, alliée à une compréhension technique pointue des réseaux informatiques. Votre sens de l'organisation, votre leadership et votre capacité à communiquer efficacement seront des atouts majeurs. Maîtrise des protocoles réseaux (TCP/IP, BGP, OSPF, etc.). Connaissance des architectures cloud et des solutions de sécurité réseau. Capacité à travailler sous pression et à gérer les imprévus. Excellentes aptitudes relationnelles et de négociation. Maîtrise des outils de gestion de projet. Si vous êtes prêt(e) à relever ce défi passionnant et que votre profil correspond à ces attentes, n'hésitez plus ! Appliquez dès maintenant en utilisant le bouton « Envoyer mon CV au recruteur » ci-dessous.",Créativité | Volonté de persuasion | Rationalisme | Ténacité | Besoin d'action | Travail en équipe | Ambition | Organisation,https://www.rekrute.com/offre-emploi-chef-de-projet-developpement-reseau-recrutement-confidentiel-casablanca-181318.html,N/A,2026-04-22T23:44:56.656156
rekrute,Chef de Produit Marketing Junior | Casablanca (Maroc),N/A (confidentiel),Casablanca et région - Maroc,CDI,Commercial / Vente / Export - Marketing - Secteur Indifférent,Junior (1 à 3 ans),Bac +5 et plus - Formation professionnelle - Master,N/A,"Entreprise : Rejoignez une entreprise marocaine de référence, acteur clé dans des secteurs stratégiques. Engagé en faveur du développement durable et de l’innovation, le groupe offre à ses talents un environnement stimulant, des parcours de carrière diversifiés et une culture d’entreprise fondée sur la performance et la responsabilité. Vous souhaitez donner du sens à votre parcours professionnel ? Venez construire l’avenir avec nous. | Poste : Rejoignez une entreprise dynamique dans son secteur à Casablanca en tant que Chef de Produit Marketing Junior . C'est une opportunité unique de développer votre carrière au sein d'une structure qui valorise l'innovation et l'expertise. La mission principale sera de contribuer activement à la gestion et au développement des produits ainsi qu’à la stratégie marketing associée. L'objectif principal est de renforcer la performance des produits sur le marché, d'accroître leur visibilité et leur compétitivité, et de générer de nouvelles opportunités de croissance. Il s'agit de participer à la conception et à la mise en œuvre d’actions marketing efficaces, en lien avec les enjeux du secteur. Vos responsabilités incluront : La réalisation de veilles et d’analyses de marché afin d’identifier les tendances et opportunités. La contribution à la définition des offres, des promotions et du positionnement des produits. La participation aux lancements de produits et au suivi des différentes étapes opérationnelles. La coordination avec les équipes internes et les agences pour la mise en place des supports marketing (packaging, visuels, brochures). Le déploiement des actions marketing (campagnes, animations commerciales, supports digitaux). Le suivi et l’analyse des performances des produits et des actions marketing ( ventes, volumes, feedback clients). La collaboration avec les équipes commerciales afin d’assurer la cohérence et l’efficacité des actions mises en place. Une participation active à l’optimisation et au développement de l’offre produit sera également attendue. | Profil recherché : Un diplôme de niveau Bac +5 et plus est requis, idéalement obtenu dans une école de commerce ou une université reconnue. Une première expérience professionnelle de 1 à 3 ans dans une fonction marketing, idéalement dans le secteur de l'énergie ou un domaine connexe, est fortement appréciée. Cette expérience vous aura permis de développer une compréhension approfondie des dynamiques du marché. Ce poste s'adresse à une personne possédant une solide formation en marketing , avec une spécialisation dans les domaines Commercial / Vente / Export ou Marketing . Les compétences suivantes seront essentielles : Excellente maîtrise des techniques de marketing digital et traditionnel. Capacité d'analyse et de synthèse développée. Aisance relationnelle et aisance communicationnelle. Créativité et force de proposition. Maîtrise des outils bureautiques et des logiciels de marketing. Une bonne connaissance du marché pétrolier et gazier serait un atout majeur. La proactivité et un véritable esprit d'équipe sont également des qualités recherchées.",Créativité | Volonté de persuasion | Rationalisme | Flexibilité | Besoin d'action | Travail en équipe | Implication au travail | Organisation,https://www.rekrute.com/offre-emploi-chef-de-produit-marketing-junior-recrutement-confidentiel-casablanca-181547.html,N/A,2026-04-22T23:44:59.703249
rekrute,Responsable d'exploitation franchise | Casablanca (Maroc),N/A (confidentiel),Casablanca et région - Maroc,CDI,Hôtellerie / Restauration (métiers de)                                                                 - Secteur Indifférent,Confirmé (5 à 10 ans),Bac +4 Minimum - Formation professionnelle - Formation spécialisée,N/A,"Entreprise : Rejoignez une entreprise marocaine de référence, acteur clé dans des secteurs stratégiques. Engagé en faveur du développement durable et de l’innovation, le groupe offre à ses talents un environnement stimulant, des parcours de carrière diversifiés et une culture d’entreprise fondée sur la performance et la responsabilité. Vous souhaitez donner du sens à votre parcours professionnel ? Venez construire l’avenir avec nous. | Poste : Rejoignez une entreprise dynamique dans son secteur qui s'étend sur un réseau de franchises prometteur. Situé au cœur de Casablanca , nous recherchons un Responsable d'exploitation franchise pour piloter la réussite de nos points de vente. Ce rôle clé vise à assurer l'excellence opérationnelle de chaque franchise, à maximiser la rentabilité et à garantir une expérience client irréprochable. Il s'agit de déployer les standards de la marque avec rigueur et d'accompagner les franchisés dans leur développement. En tant que Responsable d'exploitation franchise, vos missions principales seront les suivantes : Superviser et coordonner les activités opérationnelles des différentes franchises pour garantir leur conformité aux normes établies. Analyser les performances financières et opérationnelles de chaque site, identifier les axes d'amélioration et proposer des plans d'action pertinents. Apporter un soutien régulier aux franchisés en matière de gestion, de management d'équipe et d'optimisation des processus. Veiller au respect des politiques commerciales et marketing de l'enseigne. Former et accompagner les équipes des franchisés sur les bonnes pratiques du métier. Gérer les relations avec les partenaires et fournisseurs. Participer à la recherche de nouveaux emplacements potentiels pour l'expansion du réseau. | Profil recherché : Pour exceller dans ce rôle, un Bac +4 est requis, idéalement dans le domaine de l'Hôtellerie / Restauration ou des métiers connexes, vous conférant une solide compréhension du secteur. Une expérience réussie et significative, allant de 5 à 10 ans , dans des fonctions similaires ou de management opérationnel dans le domaine de la franchise ou de la restauration, sera un atout majeur. Vous avez déjà fait vos preuves dans la gestion de plusieurs points de vente. Vos atouts pour réussir sont les suivants : Une excellente connaissance des enjeux opérationnels et financiers des franchises. De solides compétences en management et en leadership pour motiver et guider les équipes. Une aptitude avérée à l'analyse et à la résolution de problèmes. Une grande capacité d'adaptation et une aisance relationnelle pour interagir efficacement avec les franchisés. Une rigueur exemplaire et un sens aigu des responsabilités. La maîtrise des outils informatiques usuels est indispensable. Si vous êtes passionné(e) par le développement et l'accompagnement, et que vous souhaitez mettre votre expertise au service d'un réseau en pleine croissance, ce poste est une formidable opportunité pour vous. Postulez dès maintenant si vous vous reconnaissez dans ce profil !",Créativité | Volonté de persuasion | Rationalisme | Flexibilité | Besoin d'action | Travail en équipe | Implication au travail | Organisation,https://www.rekrute.com/offre-emploi-responsable-dexploitation-franchise-recrutement-confidentiel-casablanca-181558.html,N/A,2026-04-22T23:45:03.059839
rekrute,Responsable opérationnel franchise | Casablanca (Maroc),N/A (confidentiel),Casablanca et région - Maroc,CDI,Hôtellerie / Restauration (métiers de)                                                                 - Secteur Indifférent,Confirmé (5 à 10 ans),Bac +4 Minimum - Formation professionnelle - Formation spécialisée,N/A,"Entreprise : Rejoignez une entreprise marocaine de référence, acteur clé dans des secteurs stratégiques. Engagé en faveur du développement durable et de l’innovation, le groupe offre à ses talents un environnement stimulant, des parcours de carrière diversifiés et une culture d’entreprise fondée sur la performance et la responsabilité. Vous souhaitez donner du sens à votre parcours professionnel ? Venez construire l’avenir avec nous. | Poste : Rejoignez une entreprise dynamique dans son secteur, basée à Casablanca , en tant que Responsable opérationnel franchise . C'est une opportunité unique de prendre les rênes des opérations et de façonner l'avenir de nos franchises. Vos objectifs principaux seront d'assurer l'excellence opérationnelle de chaque point de vente, d'optimiser la rentabilité et de garantir une expérience client homogène et de haute qualité à travers l'ensemble du réseau de franchises. Vos missions incluront la supervision directe des responsables de site, le développement et la mise en œuvre de stratégies opérationnelles, le suivi des indicateurs de performance clés (KPIs), la gestion des budgets et la résolution proactive des problèmes. Vous serez également amené(e) à veiller à l'application des standards de la marque, à identifier les opportunités d'amélioration et à accompagner les franchisés dans leur développement. Gestion de la performance opérationnelle. Optimisation des processus. Support et accompagnement des franchisés. | Profil recherché : Un diplôme de niveau Bac +4 est requis, idéalement dans le domaine de l' Hôtellerie / Restauration ou des métiers connexes. Une expérience solide de 5 à 10 ans dans des fonctions similaires est indispensable, particulièrement dans la gestion de réseaux de franchises ou d'unités multiples, idéalement dans le secteur de la restauration ou de l'hôtellerie. Vous possédez d'excellentes compétences en gestion d'équipe , en analyse financière et en pilotage de la performance . Votre capacité à négocier , votre sens de l' organisation et votre aptitude à la résolution de problèmes seront des atouts majeurs. Une parfaite maîtrise des enjeux liés à la franchise et une aisance relationnelle sont également attendues.",Créativité | Volonté de persuasion | Rationalisme | Flexibilité | Besoin d'action | Travail en équipe | Implication au travail | Organisation,https://www.rekrute.com/offre-emploi-responsable-operationnel-franchise-recrutement-confidentiel-casablanca-181562.html,N/A,2026-04-22T23:45:05.602723
rekrute,Controleur Financier (H/F) | Casablanca (Maroc),Bouygues Construction IT,Casablanca et région - Maroc,CDI,Gestion / Comptabilité / Finance                                                                 - Secteur Informatique,Intermédiaire (3 à 5 ans),Bac +5 et plus Minimum,N/A,"Entreprise : Bouygues Construction IT est la Direction des Systemes d'Information (DSI) de Bouygues Construction. Nous accompagnons les differentes entites du Groupe Bouygues Construction, en repondant aux besoins digitaux des secteurs de la construction. Nous soutenons les metiers operationnels dans la mise en œuvre de la digitalisation des processus, en France et a lInternational. Engages pour la diversite, nous accueillons et valorisons tous les Talents. | Culture de l'entreprise : Bouygues Construction IT s’inscrit dans une culture fortement orientée vers la performance et la compétition , où le goût du challenge, l’ambition et l’orientation résultats constituent des leviers majeurs de réussite. Cette dynamique est étroitement complétée par une dimension de coopération , favorisant la confiance, la solidarité et un management de proximité axé sur l’accompagnement des équipes. Elle repose également sur une culture d’ organisation solide, garantissant rigueur, fiabilité des processus et efficacité opérationnelle. Enfin, une composante d’ innovation , plus mesurée, encourage l’initiative et l’adaptabilité pour soutenir l’évolution des solutions IT. | Poste : Nous recherchons un Controleur Financier motive et dynamique. Le/la candidat(e) ideal(e) aura une forte expertise technique en finance, previsions, comptabilite. Responsabilites Cles Gestion Financiere & Reporting Gerer la gestion budgetaire, les previsions et lanalyse des ecarts. Superviser le reporting financier. Garantir la preparation precise et dans les delais des etats financiers mensuels, trimestriels et annuels. Consolider et remonter les donnees financieres au siege du groupe, en assurant le respect des normes globales de reporting. Gerer avec les managers les couts, le P2P et la refacturation des services. Participer a la gestion comptable de bout en bout, a la conformite des declarations fiscales et aux audits, en lien avec un back-office interne mutualise. Participer activement a la negociation des contrats. Gestion de Tresorerie & Flux de Tresorerie Gerer les relations bancaires, la tresorerie, le fonds de roulement et la gestion des fonds. Assurer une gestion optimale de la tresorerie et des risques. Gouvernance dEntreprise & Juridique Superviser le respect des lois sur les societes, exigences de secretariat juridique et normes de gouvernance. Collaborer avec les consultants externes, auditeurs, back-office interne mutualise et conseils juridiques pour repondre aux obligations reglementaires et legales. Business Partnering Travailler en etroite collaboration avec la direction generale et les equipes financieres du groupe. Fournir des analyses financieres pour soutenir la prise de decision strategique. Conduire des initiatives doptimisation des couts, de refacturation des services et damelioration de lefficacite. Developper une collaboration rapprochee avec lequipe du back-office interne. Gerer les consultants externes pour les domaines specialises (juridique, fiscal, secretariat, prix de transfert, etc.). | Profil recherché : Profil Requis Diplome dExpert-Comptable ou de Controle de Gestion. 5 ans dexperience post-diplome, de preference dans des environnements lies a lIT/ITES, multinationaux et multiculturels. Excellente maitrise de la budgetisation et des previsions, comptabilite, audit, fiscalite, secretariat juridique, tresorerie et aspects juridiques. Une experience en prix de transfert serait un atout majeur. Experience dans la collaboration avec des sieges de groupe/corporate et dans la gestion de sujets financiers transfrontaliers. Experience pratique avec les sous-traitants, autorites et consultants externes. Maitrise des systemes ERP et des outils MS Excel/PowerPoint.",Besoin d'objectivité | Organisation | Rationalisme | Respect des règles | Conventionnel,https://www.rekrute.com/offre-emploi-controleur-financier-hf-recrutement-bouygues-construction-it-casablanca-182017.html,N/A,2026-04-22T23:45:11.020488
rekrute,Superviseur Cash Management | Skhirat (Maroc),N/A (confidentiel),Rabat et région - Maroc,Intérim,Banque (métiers de la)                                                                 - Secteur Banque / Finance,Débutant (-1 an),Bac +3 Minimum - Licence,N/A,"Entreprise : Créé en 1986 et côté à la Bourse de Casablanca depuis 2008, le Groupe marocain LabelVie est un acteur économique de référence et leader de la grande distribution au Maroc. En 2009, à travers la signature du contrat de franchise avec le Groupe Carrefour, il accède à sa centrale d’achat pour optimiser et diversifier son sourcing. Il devient ainsi le premier acteur multi-formats de la grande distribution au Maroc par l’exploitation des hypermarchés Carrefour, des supermarchés Carrefour Market et du format hyper cash Atacadao. Le Groupe LabelVie présente chaque année un plan de développement soutenu renforçant ainsi renforce sa présence territoriale avec ses 121 magasins répartis dans 27 villes du royaume et ses 3 plateformes logistiques. En 2020, il a accueilli 50 millions de visiteurs et a réalisé un chiffre d’affaire de 11 milliards de dirhams. Convaincu que son succès passe à travers le succès de tous les collaborateurs, le Groupe LabelVie est l’un des premiers employeurs privés au Maroc, et place l’humain au centre de toutes ses préoccupations. Ce sont ainsi plus de 8 500 collaborateurs, dont 30% de femmes, qui œuvrent chaque jour à faire du Groupe LabelVie, le leader de la grande distribution au Maroc. Rejoignez un groupe ambitieux qui croit au défi, à la création de valeur ajoutée et à l’engagement sociétal ! | Poste : Mission(s) : Gérer et optimiser les flux de trésorerie par l’élaboration de la position de trésorerie quotidiens de l’entreprise. Assurer le suivi des opérations bancaires, la gestion des encaissements et des décaissements, l’équilibrage des comptes, et le traitement des réclamations internes liées aux services bancaires, tout en veillant à la conformité et à l’efficacité des processus. Principales Responsabilités et Activités : Etablir la position de trésorerie réalisée et analyser les écarts Vs solde théorique de la veille. Intégrer les décaissements prévus communiqués par les banques à la position de la journée. Intégrer les encaissements prévus de la journée. Etablir les virements d’équilibrage intra société entre banques et inter sociétés et déterminer le besoin en financement ou l’excèdent à placer. Préparer les dotations de voyage pour les équipes en déplacement et en assurer le suivi. Ouvrir les comptes bancaires nécessaires pour les nouvelles entités groupe, Gérer la livraison de la monnaie, les fonds des magasins, ouvertures de comptes et la check-list pour chaque ouverture de compte et la livraison de la dotation. Gérer les réclamations liées aux services bancaires et assurer la résolution rapide des problèmes rencontrés par les services internes. | Profil recherché : Formation de référence : Bac+3 en comptabilité et finance",Conventionnel | Volonté de persuasion | Flexibilité | Implication au travail,https://www.rekrute.com/offre-emploi-superviseur-cash-management-recrutement-groupe-labelvie---carrefour-skhirat-182016.html,N/A,2026-04-22T23:45:13.547517
rekrute,Comptable (H/F) | Casablanca (Maroc),Bank Assafa,Casablanca et région - Maroc,CDI,Banque (métiers de la) - Gestion / Comptabilité / Finance - Secteur Banque / Finance								- Comptabilité / Audit,Intermédiaire (3 à 5 ans),Bac +5 et plus Minimum - Master,N/A,"Entreprise : Bank Assafa est un établissement bancaire 100% marocain spécialisé dans la finance participative qui a vu le jour en juillet 2017 suite à la validation du Comité des Établissements de Crédit de la création de cinq banques participatives. Il a pour principal vocation de proposer un ensemble de produits et de services bancaires éthiques, conformes aux directives du conseil supérieur des Oulémas, et adaptés aux meilleurs standards et normes, et ce, en se basant sur ses 5 valeurs fondamentales à savoir, la confiance, l’intégrité, le dévouement, l’innovation et la pureté . Pionnier sur la place de part la présence de Dar Assafaa dans le marché de la finance alternative depuis 2010, les collaborateurs ont pu ainsi développer une expertise métier et une connaissance approfondie des besoins et aspirations des Marocains. Bank Assafa compte aujourd’hui un large réseau de plus de 40 Agences sur tout le territoire marocain, avec un effectif de plus de 330 collaborateurs. Rejoignez une équipe de professionnels, animée par les valeurs de notre Banque, qui met toute son ardeur à développer une activité Bancaire participative dans un environnement en perpétuelle mutation, empreint d’une concurrence ardue. | Culture de l'entreprise : Bank Assafa évolue dans une culture principalement orientée performance et compétitivité , où l’ambition, le goût du challenge et l’atteinte d’objectifs mesurables sont des leviers essentiels de réussite. L’entreprise valorise le dépassement de soi, la recherche de résultats et une forte orientation client . Cette dynamique est structurée par des pratiques organisationnelles solides, garantissant rigueur, efficacité et fiabilité. Elle est enrichie par une ouverture à l’ innovation et par une dimension collaborative présente de manière équilibrée, au service de la performance collective. | Poste : Travaux d’arrêtés comptables Superviser l’équipe comptable et supplier le responsable comptabilité Etablir et mettre à jour le planning et coordonner les travaux des arrêtés comptables. Veiller à la correcte prise en charge des traitements comptables. Gestion des immobilisations. Contrôler la correcte imputation des écritures comptables : contrôles de cohérence. Préparation des états financiers mensuels. Préparation des arrêtés comptables règlementaires. Gestion opérationnelle des missions de Commissariat aux comptes. Travaux fiscaux Établir et contrôler les déclarations fiscales périodiques Préparer, établir les informations comptables destinées à permettre l’établissement des documents fiscaux. Superviser la préparation, établissement des divers documents fiscaux (liasse fiscale, déclaration de TVA, Impôts et taxes retenus à la source, Taxe professionnelle….). Travaux relatifs à la production des états publiables et états règlementaires Préparer, établir les informations comptables destinées à permettre l’établissement des états publiables (Communication financière) et des états règlementaires (Reportings règlementaires de BAM). Etablir et contrôle des états publiables (Etats semestriels, Etats annules). | Profil recherché : Vous êtes de formation Bac+5 en comptabilité, finance ou/et contrôle de gestion, vous disposez d’une expérience significative et réussie de 4 ans minimum dans un poste similaire, au sein d’un service comptable d’une banque/ organisme de financement. Connaissance de la Finance participative serait un atout.",Respect des règles | Rationalisme | Besoin d'action | Travail en équipe | Conventionnel | Flexibilité | Implication au travail | Organisation,https://www.rekrute.com/offre-emploi-comptable-hf-recrutement-bank-assafa-casablanca-182015.html,N/A,2026-04-22T23:45:16.320277
rekrute,Responsable de la Sécurité Financière H/F | Casablanca (Maroc),Bank Assafa,Casablanca et région - Maroc,CDI,Banque (métiers de la) - Gestion / Comptabilité / Finance - Secteur Banque / Finance,Confirmé (5 à 10 ans),Bac +5 et plus Minimum - Master,N/A,"Entreprise : Bank Assafa est un établissement bancaire 100% marocain spécialisé dans la finance participative qui a vu le jour en juillet 2017 suite à la validation du Comité des Établissements de Crédit de la création de cinq banques participatives. Il a pour principal vocation de proposer un ensemble de produits et de services bancaires éthiques, conformes aux directives du conseil supérieur des Oulémas, et adaptés aux meilleurs standards et normes, et ce, en se basant sur ses 5 valeurs fondamentales à savoir, la confiance, l’intégrité, le dévouement, l’innovation et la pureté . Pionnier sur la place de part la présence de Dar Assafaa dans le marché de la finance alternative depuis 2010, les collaborateurs ont pu ainsi développer une expertise métier et une connaissance approfondie des besoins et aspirations des Marocains. Bank Assafa compte aujourd’hui un large réseau de plus de 40 Agences sur tout le territoire marocain, avec un effectif de plus de 350 collaborateurs. Rejoignez une équipe de professionnels, animée par les valeurs de notre Banque, qui met toute son ardeur à développer une activité Bancaire participative dans un environnement en perpétuelle mutation, empreint d’une concurrence ardue. | Culture de l'entreprise : Bank Assafa évolue dans une culture principalement orientée performance et compétitivité , où l’ambition, le goût du challenge et l’atteinte d’objectifs mesurables sont des leviers essentiels de réussite. L’entreprise valorise le dépassement de soi, la recherche de résultats et une forte orientation client . Cette dynamique est structurée par des pratiques organisationnelles solides, garantissant rigueur, efficacité et fiabilité. Elle est enrichie par une ouverture à l’ innovation et par une dimension collaborative présente de manière équilibrée, au service de la performance collective. | Poste : Activités Principales du Poste: - Définir le cadre de référence, les normes et la gouvernance de la fonction Sécurité Financière, - Interlocuteur privilégié des métiers en termes d'assistance et de conseil concernant les sujets impliquant les aspects LBC/FT, - Définir et mettre en place le système de supervision et d'animation du dispositif LBC/FT au sein de la Banque, - Assurer l'amélioration continue du dispositif en calage avec les évolutions réglementaires, et les normes Groupe, - Assurer l'administration fonctionnelle des outils de surveillance et de filtrage LBC/FT, - Gérer les demandes d'EER spécifiques conformément aux procédures en vigueur, - Mener une veille réglementaire liée à la sécurité financière, -  Superviser les actions de production des reportings opérationnels et réglementaires relatifs au dispositif LBC/FT, - Assurer la formation et la sensibilisation du personnel en matière LBC/FT, - Veiller à l'aboutissement des projets structurants visant à développer la filière Sécurité Financière et coordonner la gestion de toute évolution des systèmes utilisés dans le cadre de la LBC/FT | Profil recherché : Issu d'une Ecole de commerce/ Université, ayant un Bac + 5 en Finances, Audit, Contrôle & Gestion des risques, vous avez  expérience min de 5 ans dans un poste similaire notamment dans une Banque. Compétences Techniques : Maîtrise de la réglementation bancaire Analyse financière avancée Gestion des risques Outils de monitoring des transactions Compétences Comportementales : Rigueur et éthique Esprit d’analyse Capacité décisionnelle Résistance à la pression",Conventionnel | Respect des règles | Rationalisme | Flexibilité | Besoin d'action | Travail en équipe | Implication au travail | Organisation,https://www.rekrute.com/offre-emploi-responsable-de-la-securite-financiere-hf-recrutement-bank-assafa-casablanca-182014.html,N/A,2026-04-22T23:45:18.651305
rekrute,Chargé de la communication commerciale | Casablanca (Maroc),Bank Assafa,Casablanca et région - Maroc,CDI,Banque (métiers de la) - Communication / Publicité / RP - Secteur Assurance / Courtage								- Banque / Finance,Junior (1 à 3 ans),Bac +5 et plus Minimum - Ecole de commerce,N/A,"Entreprise : Bank Assafa est un établissement bancaire 100% marocain spécialisé dans la finance participative qui a vu le jour en juillet 2017 suite à la validation du Comité des Établissements de Crédit de la création de cinq banques participatives. Il a pour principal vocation de proposer un ensemble de produits et de services bancaires éthiques, conformes aux directives du conseil supérieur des Oulémas, et adaptés aux meilleurs standards et normes, et ce, en se basant sur ses 5 valeurs fondamentales à savoir, la confiance, l’intégrité, le dévouement, l’innovation et la pureté . Pionnier sur la place de part la présence de Dar Assafaa dans le marché de la finance alternative depuis 2010, les collaborateurs ont pu ainsi développer une expertise métier et une connaissance approfondie des besoins et aspirations des Marocains. Bank Assafa compte aujourd’hui un large réseau de plus de 40 Agences sur tout le territoire marocain, avec un effectif de plus de 330 collaborateurs. Rejoignez une équipe de professionnels, animée par les valeurs de notre Banque, qui met toute son ardeur à développer une activité Bancaire participative dans un environnement en perpétuelle mutation, empreint d’une concurrence ardue. | Culture de l'entreprise : Bank Assafa évolue dans une culture principalement orientée performance et compétitivité , où l’ambition, le goût du challenge et l’atteinte d’objectifs mesurables sont des leviers essentiels de réussite. L’entreprise valorise le dépassement de soi, la recherche de résultats et une forte orientation client . Cette dynamique est structurée par des pratiques organisationnelles solides, garantissant rigueur, efficacité et fiabilité. Elle est enrichie par une ouverture à l’ innovation et par une dimension collaborative présente de manière équilibrée, au service de la performance collective. | Poste : En tant que Chargé de la communication commerciale, vous serez au centre des initiatives visant à renforcer notre image de marque et à promouvoir nos offres auprès de nos clients. Cette opportunité vous place au cœur des stratégies marketing et communication, dans un environnement stimulant où votre créativité et votre expertise seront valorisées. Votre rôle sera crucial pour traduire nos ambitions commerciales en messages percutants et engageants. Vos principales missions seront : Prendre en charge et coordonner le déploiement des actions de communication en collaboration avec les marchés, Concevoir et suivre la mise en œuvre des actions des campagnes publicitaires, évènements et autres actions de communication répondant aux objectifs marketing des marchés, Conduire les tests pré et post campagnes de communication, Traiter les demandes de sponsoring, suivre leur mise en œuvre et évaluer l'impact des actions réalisées, Etablir une veille concurrentielle , benchmark et innovation, Organiser les événements externe (Foires, salons et expositions...) et Coordonner avec les différents intervenants à la réussite des événements (logistique, prestataire, budget…) Prendre en charge la production des supports print (dépliant, flyers, affiches, et tout matériel promotionnel) et assurer le contrôle qualité et la conformité à la charte graphique de la banque, Penser et initier des actions smsing et push application mobile, Assurer le suivi et la gestion du budget global de la direction et assurer le reporting avec la direction financière, Préparer et organiser l'Industrialisation des envois mailing (événements calendaires, actions récurrentes, actions ponctuelles, ) | Profil recherché : Pour exceller dans ce rôle, un diplôme de niveau Bac +5 et plus est requis. Nous recherchons une formation supérieure solide, idéalement orientée vers les métiers de la communication, de la publicité ou des relations publiques, acquise au sein d'une école de commerce, d'une université ou d'une école spécialisée. Cette base académique devra vous avoir doté d'une compréhension approfondie des principes de la communication d'entreprise et des stratégies marketing. Une première expérience professionnelle, allant de 1 à 3 ans , est nécessaire pour appréhender pleinement les enjeux de ce poste. Cette période devra idéalement avoir été consacrée à des missions similaires au sein du secteur bancaire ou financier, ou dans des agences spécialisées dans ces domaines. Une expérience démontrant une capacité à gérer des projets de communication de A à Z sera particulièrement appréciée. Au-delà de votre formation et de votre expérience, plusieurs compétences sont essentielles pour réussir. Une excellente maîtrise des techniques de communication écrite et orale est primordiale. Vous devez posséder de solides compétences en marketing et une compréhension fine des enjeux du secteur bancaire . La créativité, la proactivité, un sens aigu de l'organisation et une grande rigueur sont des atouts indéniables. La capacité à travailler en équipe, à gérer plusieurs projets simultanément et à respecter les délais est également fondamentale. Une bonne connaissance des outils de communication digitale et des indicateurs de performance marketing sera un plus.",Volonté de persuasion | Besoin d'action | Travail en équipe | Ambition | Créativité | Flexibilité | Implication au travail | Organisation,https://www.rekrute.com/offre-emploi-charge-de-la-communication-commerciale-recrutement-bank-assafa-casablanca-182013.html,N/A,2026-04-22T23:45:21.863799
rekrute,Chargé de Clientèle (H/F) | Taza (Maroc),Bank Assafa,Région indifférente - Maroc,CDI,Banque (métiers de la)                                                                 - Secteur Banque / Finance,Débutant (-1 an),Bac +5 et plus Minimum - Master,N/A,"Entreprise : Bank Assafa est un établissement bancaire 100% marocain spécialisé dans la finance participative qui a vu le jour en juillet 2017 suite à la validation du Comité des Établissements de Crédit de la création de cinq banques participatives. Il a pour principal vocation de proposer un ensemble de produits et de services bancaires éthiques, conformes aux directives du conseil supérieur des Oulémas, et adaptés aux meilleurs standards et normes, et ce, en se basant sur ses 5 valeurs fondamentales à savoir, la confiance, l’intégrité, le dévouement, l’innovation et la pureté . Pionnier sur la place de part la présence de Dar Assafaa dans le marché de la finance alternative depuis 2010, les collaborateurs ont pu ainsi développer une expertise métier et une connaissance approfondie des besoins et aspirations des Marocains. Bank Assafa compte aujourd’hui un large réseau de plus de 40 Agences sur tout le territoire marocain, avec un effectif de plus de 330 collaborateurs. Rejoignez une équipe de professionnels, animée par les valeurs de notre Banque, qui met toute son ardeur à développer une activité Bancaire participative dans un environnement en perpétuelle mutation, empreint d’une concurrence ardue. | Culture de l'entreprise : Bank Assafa évolue dans une culture principalement orientée performance et compétitivité , où l’ambition, le goût du challenge et l’atteinte d’objectifs mesurables sont des leviers essentiels de réussite. L’entreprise valorise le dépassement de soi, la recherche de résultats et une forte orientation client . Cette dynamique est structurée par des pratiques organisationnelles solides, garantissant rigueur, efficacité et fiabilité. Elle est enrichie par une ouverture à l’ innovation et par une dimension collaborative présente de manière équilibrée, au service de la performance collective. | Poste : Activités principales du poste sont: - Participer à l’organisation d’actions de prospection client au sein et en dehors de l'agence, - Mener des actions commerciales auprès des clients de son portefeuille, - Conseiller les clients et leur proposer les produits et services pouvant répondre à leurs besoins avec une qualité de service conforme avec les exigences de la Banque, - Assurer le montage correct des dossiers de financement, - Assurer le suivi et le bon traitement des demandes et réclamations formulées par les clients tout en veillant au respect des normes, règles et procédures en vigueur, - Prendre en charge la gestion et le suivi des cartes bancaires et chéquiers. | Profil recherché : De Formation Bac+5 d'une école de Commerce ou équivalent, vous avez une première expérience dans le domaine commercial idéalement en milieu bancaire où financier. Ayant un profil commercial, et à la cherche du challenge et du défi professionnel.",Volonté de persuasion | Besoin d'action | Travail en équipe | Ambition | Conventionnel | Flexibilité | Implication au travail | Organisation,https://www.rekrute.com/offre-emploi-charge-de-clientele-hf-recrutement-bank-assafa-taza-182012.html,N/A,2026-04-22T23:45:24.948744
rekrute,Chef de projet SI - MOE (Plusieurs Profils) | Casablanca (Maroc),Bank Assafa,Casablanca et région - Maroc,CDI,Informatique / Electronique - Internet / Multimédia - Secteur Banque / Finance								- Informatique,Intermédiaire (3 à 5 ans),Bac +5 et plus Minimum - Ecole d'ingénieur,N/A,"Entreprise : Bank Assafa est un établissement bancaire 100% marocain spécialisé dans la finance participative qui a vu le jour en juillet 2017 suite à la validation du Comité des Établissements de Crédit de la création de cinq banques participatives. Il a pour principal vocation de proposer un ensemble de produits et de services bancaires éthiques, conformes aux directives du conseil supérieur des Oulémas, et adaptés aux meilleurs standards et normes, et ce, en se basant sur ses 5 valeurs fondamentales à savoir, la confiance, l’intégrité, le dévouement, l’innovation et la pureté . Pionnier sur la place de part la présence de Dar Assafaa dans le marché de la finance alternative depuis 2010, les collaborateurs ont pu ainsi développer une expertise métier et une connaissance approfondie des besoins et aspirations des Marocains. Bank Assafa compte aujourd’hui un large réseau de plus de 40 Agences sur tout le territoire marocain, avec un effectif de plus de 330 collaborateurs. Rejoignez une équipe de professionnels, animée par les valeurs de notre Banque, qui met toute son ardeur à développer une activité Bancaire participative dans un environnement en perpétuelle mutation, empreint d’une concurrence ardue. | Culture de l'entreprise : Bank Assafa évolue dans une culture principalement orientée performance et compétitivité , où l’ambition, le goût du challenge et l’atteinte d’objectifs mesurables sont des leviers essentiels de réussite. L’entreprise valorise le dépassement de soi, la recherche de résultats et une forte orientation client . Cette dynamique est structurée par des pratiques organisationnelles solides, garantissant rigueur, efficacité et fiabilité. Elle est enrichie par une ouverture à l’ innovation et par une dimension collaborative présente de manière équilibrée, au service de la performance collective. | Poste : Dans le cadre du renforcement de l'équipe IT, Bank Assafa lance le recrutement de plusieurs Chefs de Projets SI (MOE). Ayant une expérience dans l'un des domaines suivant : Core Banking, Risques, Conformité, Monétique intégration Cbs, , Moyens de paiement, SWIFT, International. Une expérience dans le domaine bancaire est souhaitable. Missions principales : Pilotage la mise en place des projets, Participation au recueil et à la définition des besoins utilisateurs, Intervention sur les phases de cadrage du projet, recette et mise en production, Paramétrage des solutions, et administration technico fonctionnelle des modules du CBS, Planification des la réalisation des études et des produits, Gestion de la relation avec la maitrise d'ouvrage, utilisateurs et prestataires, Production de la documentation projet (Spécifications techniques et fonctionnelles, planning projet, compte rendu des réunions projet et autres livrables du projet) Gestion des demandes et des incidents, et Suivi des résolutions des anomalies production ( solution de contournement, correctifs éditeurs), Participation à la mise en place des interfaces avec nos partenaires, Validation les livrables éditeurs : spécifications, dossiers de conception , solution, Organisation et animation des comités projet et pilotage, Elaboration des reportings de suivi de l'activité RUN & Build. | Profil recherché : Diplômé d'une école d'ingénieurs ou Bac+5 universitaires des filières IT avec un minimum de 3 à 5 ans d'expérience, notamment dans le secteur bancaire. Maitrise des méthodologies Projet, Sens de la communication orale et écrite développé , - Connaissances techniques: Langage de programmation PL/SQL/JAVA. Base de données Oracle, Connaissances en infrastructure souhaitable.",Volonté de persuasion | Flexibilité | Besoin de réflexion | Besoin d'autonomie | Implication au travail | Organisation,https://www.rekrute.com/offre-emploi-chef-de-projet-si---moe-plusieurs-profils-recrutement-bank-assafa-casablanca-182011.html,N/A,2026-04-22T23:45:28.377167
rekrute,Chargé de trésorerie Sénior | Sala al Jadida (Maroc),AXA Services Maroc,Rabat et région - Maroc,CDI,Gestion / Comptabilité / Finance                                                                 - Secteur Comptabilité / Audit								- Autres services,Confirmé (5 à 10 ans),Bac +3 Minimum - BTS / DUT,N/A,"Entreprise : AXA Services Maroc est le centre d'expertise en relation client au Maroc des sociétés : AXA France, AXA Direct France, AXA Assistance, AXA Belgique et AXA Suisse Présents à Rabat depuis mai 2004 et à Kénitra depuis 2024, nous sommes à ce jour plus de 4 500 collaborateurs. Nous rejoindre : C'est choisir la première marque d'assurance mondiale C'est bénéficier d'une multitude d'avantages bien au-delà des normes du marché C'est évoluer dans un environnement valorisant proposant une diversité de métiers C'est intégrer un groupe responsable, offrant une véritable culture d'entreprise, basée sur le développement des compétences de chacun Nos métiers : Le savoir-faire de nos équipes couvre les principaux métiers de l'assurance : La vente de contrats La gestion des contrats assurances de dommages et des personnes La gestion des sinistres Auto et Habitation Le règlement des prestations Santé La mise en jeu des garanties Assistance La prise de rendez-vous pour le compte de nos Agents Généraux La gestion des contrats Epargne | Culture de l'entreprise : Axa Services Maroc évolue dans une culture largement orientée coopération , où l’humain, la confiance et la qualité des relations constituent des piliers essentiels. L’entreprise encourage un management de proximité, fondé sur l’accompagnement, la responsabilisation et l’esprit d’équipe. Cette dynamique collaborative est structurée par des pratiques organisationnelles solides, garantissant rigueur, fiabilité et efficacité opérationnelle. Elle est complétée par une exigence de performance et une ouverture mesurée à l’innovation, au service des objectifs collectifs. | Poste : Rattaché au Responsable Flux Financiers votre mission principale est de Garantir la fiabilité des décaissements et encaissements . • Gestion de la trésorerie : - Effectuer le lettrage des comptes fournisseurs (s’assurer de l’adéquation entre facture et paiement) - Préparer et éditer les ordres de paiement, de virement, chèques selon l’échéancier de paiement convenue. - Réaliser les déclarations & Suivi des loyers et de RAS (Honoraires, TVA, …) - Réaliser les déclarations de délai de paiement - Alimenter le système de paiement sur la base des différents moyens de paiement - Traitre les paiements de notes de frais et les demandes de dotations en devises pour les déplacements professionnels (Payback) - Préparer les paiements par chèque (STC, maternité, fournisseurs…) - Effectuer les rapprochements bancaires (solde comptable et solde bancaire) - Suivre journalière des soldes bancaires des entités d’ASM (explication des mouvements). - Prendre en charge la saisie des décaissements et encaissements bancaires (CA, Commissions, Remboursement Anapec/IR/Mutuelle…) • Gestion et suivi de dossiers : - Effectuer un contrôle de conformité des dossiers achats (Facture, Contrat, BC, BL, PV…) - Préparer les supports nécessaires pour le montage des dossiers de transfert de devise destinés à l’Office des Changes - Préparer les supports nécessaires pour le montage du dossier de remboursement de la TVA (Factures, AD, Demande, Déclaration, CA détaillé, N.D, Relevé de banque…) - Réaliser les classements et archivages des dossiers de paiements et de déclarations - Suivre le paiement des acomptes (Immo, Budget Convivialité, Commerciale, Dotation, …) | Profil recherché : Vous avez un Bac+2 et plus et une expérience de 5 ans minimum dans le poste de chargé de trésorerie. Compétences techniques/fonctionnelles Comptabilité générale Réglementation en matière de traitement des paiements en devise Connaissance en fiscalité",Conventionnel | Respect des règles | Besoin d'objectivité | Rationalisme | Organisation,https://www.rekrute.com/offre-emploi-charge-de-tresorerie-senior-recrutement-axa-services-maroc-sala-al-jadida-182010.html,N/A,2026-04-22T23:45:30.338319
rekrute,Juriste spécialisé en droit du travail | Sala al Jadida (Maroc),AXA Services Maroc,Rabat et région - Maroc,CDI,Avocat / Juriste / Fiscaliste - RH / Personnel / Formation - Secteur Autres services,Intermédiaire (3 à 5 ans),Bac +3 Minimum - Université,N/A,"Entreprise : AXA Services Maroc est le centre d'expertise en relation client au Maroc des sociétés : AXA France, AXA Direct France, AXA Assistance, AXA Belgique et AXA Suisse Présents à Rabat depuis mai 2004 et à Kénitra depuis 2024, nous sommes à ce jour plus de 4 500 collaborateurs. Nous rejoindre : C'est choisir la première marque d'assurance mondiale C'est bénéficier d'une multitude d'avantages bien au-delà des normes du marché C'est évoluer dans un environnement valorisant proposant une diversité de métiers C'est intégrer un groupe responsable, offrant une véritable culture d'entreprise, basée sur le développement des compétences de chacun Nos métiers : Le savoir-faire de nos équipes couvre les principaux métiers de l'assurance : La vente de contrats La gestion des contrats assurances de dommages et des personnes La gestion des sinistres Auto et Habitation Le règlement des prestations Santé La mise en jeu des garanties Assistance La prise de rendez-vous pour le compte de nos Agents Généraux La gestion des contrats Epargne | Culture de l'entreprise : Axa Services Maroc évolue dans une culture largement orientée coopération , où l’humain, la confiance et la qualité des relations constituent des piliers essentiels. L’entreprise encourage un management de proximité, fondé sur l’accompagnement, la responsabilisation et l’esprit d’équipe. Cette dynamique collaborative est structurée par des pratiques organisationnelles solides, garantissant rigueur, fiabilité et efficacité opérationnelle. Elle est complétée par une exigence de performance et une ouverture mesurée à l’innovation, au service des objectifs collectifs. | Poste : Rattaché(e) au Responsable des relations sociales ,votre principale mission est de Contribuer à maintenir un climat social propice au bien-être des collaborateurs en assurant des missions d’accompagnement, de conseil et de sensibilisation A ce titre : Gestion sociale Accompagner les collaborateurs en situation de difficulté dans un cadre confidentiel et bienveillant. Contribuer à la prévention et à la résolution des conflits sociaux. Assurer le suivi du climat social et identifier les situations sensibles. Prévention des risques psychosociaux (RPS) Participer aux actions de prévention et de sensibilisation en collaboration avec la médecine du travail. Traiter les alertes et situations liées aux RPS en lien avec les équipes RH et les managers. Suivre les indicateurs RPS (absentéisme, signalements, climat social) et proposer des plans d’action. Expérience collaborateur & bienêtre au travail Contribuer à l’amélioration de l’engagement, du dialogue social et du bienêtre des collaborateurs. Participer à la communication interne sur les sujets sociaux. Soutenir la mise en œuvre des politiques sociales et QVT. Gestion juridique & contentieux Veiller au respect du droit du travail et des bonnes pratiques sociales. Assurer le suivi des dossiers disciplinaires et litiges sociaux. Préparer et suivre les dossiers devant les autorités compétentes (Inspection du travail, tribunaux…). Conseiller les managers sur les aspects juridiques des relations de travail. Reporting & suivi Élaborer des fiches de suivi et des rapports d’activité. Mettre à jour les tableaux de bord sociaux. Remonter les situations sensibles ou à risque à la hiérarchie. Assurer l’archivage et le classement des dossiers. | Profil recherché : Vous avez une Expérience de 4 ans au minimum 3 et 5 ans dans l'exercice en droit du travail. • Assurer un accompagnement social des différents cas identifiés au sein de l’entreprise • Contribuer à maintenir un bon climat social • Sensibiliser et conseiller les collaborateurs en fonction des besoins",Recherche de nouveauté | Extraversion | Besoin d'objectivité | Besoin d'autonomie | Implication au travail,https://www.rekrute.com/offre-emploi-juriste-specialise-en-droit-du-travail-recrutement-axa-services-maroc-sala-al-jadida-182009.html,N/A,2026-04-22T23:45:32.534204
rekrute,Chargé des Moyens Généraux Maintenance Electrique | Rabat (Maroc),AXA Services Maroc,Rabat et région - Maroc,CDI,Achats / Supply Chain                                                                 - Secteur Centre d'appels,Intermédiaire (3 à 5 ans),Bac +2 Minimum - BTS / DUT,N/A,"Entreprise : AXA Services Maroc est le centre d'expertise en relation client au Maroc des sociétés : AXA France, AXA Direct France, AXA Assistance, AXA Belgique et AXA Suisse Présents à Rabat depuis mai 2004 et à Kénitra depuis 2024, nous sommes à ce jour plus de 4 500 collaborateurs. Nous rejoindre : C'est choisir la première marque d'assurance mondiale C'est bénéficier d'une multitude d'avantages bien au-delà des normes du marché C'est évoluer dans un environnement valorisant proposant une diversité de métiers C'est intégrer un groupe responsable, offrant une véritable culture d'entreprise, basée sur le développement des compétences de chacun Nos métiers : Le savoir-faire de nos équipes couvre les principaux métiers de l'assurance : La vente de contrats La gestion des contrats assurances de dommages et des personnes La gestion des sinistres Auto et Habitation Le règlement des prestations Santé La mise en jeu des garanties Assistance La prise de rendez-vous pour le compte de nos Agents Généraux La gestion des contrats Epargne | Culture de l'entreprise : Axa Services Maroc évolue dans une culture largement orientée coopération , où l’humain, la confiance et la qualité des relations constituent des piliers essentiels. L’entreprise encourage un management de proximité, fondé sur l’accompagnement, la responsabilisation et l’esprit d’équipe. Cette dynamique collaborative est structurée par des pratiques organisationnelles solides, garantissant rigueur, fiabilité et efficacité opérationnelle. Elle est complétée par une exigence de performance et une ouverture mesurée à l’innovation, au service des objectifs collectifs. | Poste : Rattaché au Responsable du site, vous mettez en œuvre les actions logistiques sur chaque site. A ce titre , L’agent réalisera les missions liées au Facility management : Ronde sur les plateaux pour vérifier l’état de ces derniers, Répondre aux demandes des clients internes liées aux infrastructures Distribution de masques et de la fourniture des colis et du courrier Suivi des opérations techniques et de nettoyage et gardiennage, Mise en place de salle de réunion, Répondre aux différentes missions de déménagement, Travailler en équipe avec les autres collaborateurs du FM Site | Profil recherché : De formation Bac+2 et plus, vous disposez d 'une expérience de 4 ans minimum . Compétences techniques : électricité générale, plomberie, menuiserie, climatisation, maintenance électrique et maitrise des outils Office. Comportementales :  esprit d’équipe et bon relationnel",Respect des règles | Ténacité | Besoin d'action | Travail en équipe | Organisation,https://www.rekrute.com/offre-emploi-charge-des-moyens-generaux-maintenance-electrique-recrutement-axa-services-maroc-rabat-182008.html,N/A,2026-04-22T23:45:35.892618
rekrute,Développeur Mobile- Computer Vision | Rabat (Maroc),ALTEN Maroc,Rabat et région - Maroc,CDI,Informatique / Electronique                                                                 - Secteur Automobile / Motos / Cycles,Intermédiaire (3 à 5 ans),Bac +5 et plus Minimum - Master,N/A,"Entreprise : ALTEN Maroc, filiale du leader mondial du conseil en ingénierie et technologies, a été créée en 2008 et est aujourd’hui présente à Fès, Rabat, Tétouan et Casablanca. Aujourd’hui, l’entreprise compte plus de 2 200 collaborateurs et ambitionne de devenir un centre d’excellence avec 3 300 ALTENiens d’ici fin 2027. Elle s’est positionnée comme un acteur stratégique dans l’accompagnement du développement professionnel des ingénieurs.Notre mission : Répondre aux ambitions technologiques de nos clients — de grandes entreprises internationales — dans les secteurs de l’automobile, du ferroviaire, de la R&D et de l’IT, des télécommunications et des médias. Rejoindre ALTEN Maroc, c’est intégrer un écosystème d’excellence et bénéficier : • D’un parcours de carrière personnalisé et évolutif, • D’une politique ambitieuse de développement des compétences, D’un environnement de travail stimulant, collaboratif et porteur de sens. | Culture de l'entreprise : Alten Maroc se distingue par une culture profondément collaborative , centrée sur l’humain, la confiance et le soutien entre équipes, avec un management de proximité qui accompagne et fait grandir les talents. Cette dynamique est enrichie par une vraie ouverture à l’innovation , où la créativité, l’initiative et l’expérimentation sont encouragées au quotidien. Le fonctionnement s’appuie aussi sur une organisation structurée , garantissant efficacité, rigueur et qualité dans les projets d’ingénierie. Enfin, l’esprit de performance est présent mais équilibré, soutenant une ambition collective sans nuire au climat bienveillant et participatif. | Poste : Missions principales : Développement Mobile & Streaming Vidéo (prioritaire) Développer des applications mobiles iOS/Android (Swift/Kotlin) pour visualisation temps réel Implémenter des solutions de camera streaming véhicule → smartphone Optimiser la latence (WebRTC, gRPC ou équivalent) Gérer la visualisation multi-caméras (surround view, top-down stitching) Computer Vision & Réalité Augmentée Développer des pipelines de traitement d’image temps réel : Calibration caméra Stitching d’images Détection d’objets (obstacles, trottoirs) Implémenter des overlays AR pour assistance au stationnement Gérer les effets de parallaxe et la stabilisation visuelle Sensor Fusion & Localisation Concevoir des algorithmes de fusion de capteurs smartphone (IMU: gyroscope, accéléromètre) Estimer la position utilisateur dans le véhicule Implémenter le head pose tracking via caméra frontale UX / Sécurité & Intégration Automotive Concevoir une UX intuitive pour assistance parking Intégrer des alertes de sécurité contextuelles Assurer la conformité avec les standards ADAS Collaborer avec les équipes constructeur | Profil recherché : Bac+5 en informatique, électronique, robotique ou systèmes embarqués Hard Skills : Développement mobile (critique) : Kotlin (Android) Swift (iOS) Langages : C++ Python Computer Vision : OpenCV Object detection SLAM Camera calibration / stitching IA / Deep Learning : TensorFlow ou PyTorch Systèmes temps réel : Optimisation faible latence WebRTC / gRPC Sensor Fusion : IMU (gyro, accéléromètre) Pose estimation Outils / environnements : ROS Unity / Unreal Engine CUDA DOORS / AVON (ou équivalent automotive) Protocoles & standards automotive : CAN / Ethernet ISO 26262 ASPICE Langues : Anglais : B2 Nice-to-have : ARCore / ARKit Fusion de données LiDAR / Radar Cybersécurité automobile Functional safety",Recherche de nouveauté | Besoin de réflexion | Besoin d'autonomie | Implication au travail | Ambition,https://www.rekrute.com/offre-emploi-developpeur-mobile--computer-vision-recrutement-alten-maroc-rabat-182007.html,N/A,2026-04-22T23:45:38.093115
rekrute,Master Data OBT | Tétouan (Maroc),ALTEN MAROC,Tanger et région - Maroc,CDI,Informatique / Electronique                                                                 - Secteur Automobile / Motos / Cycles,Intermédiaire (3 à 5 ans),Bac +5 et plus Minimum - Master,N/A,"Entreprise : ALTEN MAROC , Filiale du leader mondial de l’ingénierie et du conseil en technologie créé en 2008 et présent à Fès, Rabat, Tétouan et Casablanca, compte aujourd’hui plus de 2200 collaborateurs et vise un centre d’excellence de 3300 ALTENiens en fin 2027 . Elle s’impose aujourd’hui comme un acteur stratégique dans l’accompagnement du développement professionnel des ingénieurs. Notre mission : répondre aux ambitions technologiques de nos clients — grands donneurs d’ordre internationaux — dans les secteurs de l’automobile, du ferroviaire, de la R&D et de l’IT, des télécommunications et des médias. Rejoindre ALTEN Maroc, c’est intégrer un écosystème d’excellence et bénéficier : • D’un parcours de carrière personnalisé et évolutif • D’une politique ambitieuse de développement des compétences • D’un environnement de travail stimulant, collaboratif et porteur de sens | Culture de l'entreprise : Alten Maroc se distingue par une culture profondément collaborative , centrée sur l’humain, la confiance et le soutien entre équipes, avec un management de proximité qui accompagne et fait grandir les talents. Cette dynamique est enrichie par une vraie ouverture à l’innovation , où la créativité, l’initiative et l’expérimentation sont encouragées au quotidien. Le fonctionnement s’appuie aussi sur une organisation structurée , garantissant efficacité, rigueur et qualité dans les projets d’ingénierie. Enfin, l’esprit de performance est présent mais équilibré, soutenant une ambition collective sans nuire au climat bienveillant et participatif. | Poste : Vehicle Logistics OBT Masterdata guarantees, for systems and processes under responsability, creation of full set of masterdata in all systems involved in order to not generate roadblock to transport operation and support all system troubleshooting in order to identify rootcause, action plan solution and execution. For system/s and process/es under Vehicle Logistics Solution Designer responsability: - Ensure master data integrity in key Stellantis systems - Ensure that all open masterdata update requests are addressed to right contact - Maintain OBT masterdata processes to support the data quality - Development and documentation of processes with other functional data owners to support ongoing maintenance and data integrity - Provide assistance in resolving data quality problems - Responsible for the maintenance of masterdata training documents - Drive continuous improvement of materdata troubleshooting process - Participate in remote location in war room for different market in order to collect troubleshooting feedback - Assist and train in the application and implementation procedures of data standards and guidelines on data ownership - Ensure that OBT troubleshootings are followed by SP and Stellantis operation - Update PowerBi data tool analysis with help of IT team when needed | Profil recherché : Master’s Degree (Bac +5 equivalent) in Logistics, Supply Chain, Economics, or Management • Technical Skills Strong IT competencies, enabling independent work across multiple systems Solid understanding of logistics and supply chain fundamentals Ability to analyze and manage complex datasets within integrated and external system environments Proficiency in Microsoft Office Suite (Excel, Word, PowerPoint, etc.) • Soft Skills Strong problem-solving mindset with a results-oriented approach Adaptability to work with a variety of systems and tools Excellent time management: ability to meet deadlines, prioritize workload, and deliver results in dynamic, fast-changing environments",Recherche de nouveauté | Besoin de réflexion | Besoin d'autonomie | Implication au travail | Ambition,https://www.rekrute.com/offre-emploi-master-data-obt-recrutement-alten-maroc-tetouan-182006.html,N/A,2026-04-22T23:45:40.833007
rekrute,Commodity Quality Leader | Kénitra (Maroc),ALTEN Maroc,Kénitra et région - Maroc,CDI,Informatique / Electronique                                                                 - Secteur Automobile / Motos / Cycles,Intermédiaire (3 à 5 ans),Bac +5 et plus Minimum - Master,N/A,"Entreprise : ALTEN Maroc, filiale du leader mondial du conseil en ingénierie et technologies, a été créée en 2008 et est aujourd’hui présente à Fès, Rabat, Tétouan et Casablanca. Aujourd’hui, l’entreprise compte plus de 2 200 collaborateurs et ambitionne de devenir un centre d’excellence avec 3 300 ALTENiens d’ici fin 2027. Elle s’est positionnée comme un acteur stratégique dans l’accompagnement du développement professionnel des ingénieurs. Notre mission : Répondre aux ambitions technologiques de nos clients — de grandes entreprises internationales — dans les secteurs de l’automobile, du ferroviaire, de la R&D et de l’IT, des télécommunications et des médias. Rejoindre ALTEN Maroc, c’est intégrer un écosystème d’excellence et bénéficier : • D’un parcours de carrière personnalisé et évolutif, • D’une politique ambitieuse de développement des compétences, D’un environnement de travail stimulant, collaboratif et porteur de sens. | Culture de l'entreprise : Alten Maroc se distingue par une culture profondément collaborative , centrée sur l’humain, la confiance et le soutien entre équipes, avec un management de proximité qui accompagne et fait grandir les talents. Cette dynamique est enrichie par une vraie ouverture à l’innovation , où la créativité, l’initiative et l’expérimentation sont encouragées au quotidien. Le fonctionnement s’appuie aussi sur une organisation structurée , garantissant efficacité, rigueur et qualité dans les projets d’ingénierie. Enfin, l’esprit de performance est présent mais équilibré, soutenant une ambition collective sans nuire au climat bienveillant et participatif. | Poste : Focus on collaborative activities during the assembly of vehicles in the plant Reinforcement of team during the launching phase in the plant Support the assembly of the vehicle in the plant and participation in daily morning/evening vehicle obeyas (failure analysis) Implementation of palliatives/containment actions (drafting, costing, explanation to TRIGO, control if its proper implementation) Participates with the ENG Core Team concerned in the realization of containment actions and/or final solution proposals to fix the Quality issues PPAP grid management Transfer to serial life | Profil recherché : Diplomat Bac+5 in Embedded systems or mechatronic engineering, electrical engineering, or control systems engineering Minimum FIVE (5) years of automotive experience with knowledge EE systems in product development or manufacturing or quality Skills: Demonstrated knowledge and application of quality tools, methods, processes to drive continuous product improvements in the automotive industry Strong analytical and problem-solving skills Ability to work under pressure, stay organized and continuously meet deadlines Excellent communication skills with professional and positive attitude, ability to lead and work with a global development team. Ability to present to global executive team Strong proficiency using Microsoft office applications",Recherche de nouveauté | Besoin de réflexion | Besoin d'autonomie | Implication au travail | Ambition,https://www.rekrute.com/offre-emploi-commodity-quality-leader-recrutement-alten-maroc-kenitra-182005.html,N/A,2026-04-22T23:45:43.875550
rekrute,Pharmacien production | Casablanca (Maroc),Présent depuis 1997 au Maroc,Casablanca et région - Maroc,Autre,Médical / Paramédical                                                                 - Secteur Autres services,Intermédiaire (3 à 5 ans),Bac +5 et plus Minimum - Master,N/A,"Entreprise : Présent depuis 1997 au Maroc, Manpower Group est un acteur international incontournable de l’emploi et de l’insertion sociale dans le monde. Au sein du Royaume Chérifien, nous couvrons l’ensemble du territoire, de Tanger à Laayoune. Nos équipes sont formées pour appuyer les entreprises dans la promotion de l’excellence en matière de gestion du capital humain : Intérim, CDD/CDI, Solutions & Ingénierie RH, Développement du capital humain… Pour nos salariés intérimaires , nous proposons une expérience unique, notamment avec la déclaration de 100% des heures travaillées, la mise en place d’une mutuelle pour tous et un accompagnement personnalisé pour les démarches administratives (bancarisation, CNSS…). Pour nos candidats , nous offrons, conformément aux standards mondiaux de Manpower Group, un processus de sélection, d’évaluation et d’accompagnement à la réussite dans leur nouvelle mission. | Poste : Pharmacien Production Service : Production Mission : Assurer le bon déroulement des activités de production dans le respect des Bonnes Pratiques de Fabrication (BPF), des exigences qualité et des normes HSE. Responsabilités principales : Veiller au respect des BPF, des règles de sécurité et des standards HSE Rédiger et mettre à jour les procédures et documents de production Participer aux audits, inspections et auto-inspections et suivre les actions correctives Assurer le suivi des activités de production selon le planning Gérer les anomalies, déviations et réclamations et proposer des actions d’amélioration Participer à la gestion des changements (change control) Contribuer aux qualifications et validations des procédés, équipements et utilités Suivre les activités de maintenance, calibration et étalonnage en coordination avec le service technique Contrôler l’état des locaux, équipements et conditions de production Déclarer et suivre les incidents et accidents | Profil recherché : Profil : Docteur en pharmacie ou diplôme équivalent, avec une première expérience en industrie pharmaceutique. Bonne maîtrise des BPF et des processus de production. Objectif : Garantir une production conforme, sécurisée et de qualité.",Recherche de nouveauté | Besoin d'objectivité | Distance émotionnelle | Rationalisme | Besoin de réflexion,https://www.rekrute.com/offre-emploi-pharmacien-production-recrutement-manpower-agences-casablanca-182004.html,N/A,2026-04-22T23:45:47.650893
rekrute,"Responsable HSE | Casablanca-Settat, Maroc (Maroc)",Présent depuis 1997 au Maroc,Casablanca et région - Maroc,Autre,Médical / Paramédical                                                                 - Secteur Autres services,Confirmé (5 à 10 ans),Bac +4 Minimum - Master,N/A,"Entreprise : Présent depuis 1997 au Maroc, Manpower Group est un acteur international incontournable de l’emploi et de l’insertion sociale dans le monde. Au sein du Royaume Chérifien, nous couvrons l’ensemble du territoire, de Tanger à Laayoune. Nos équipes sont formées pour appuyer les entreprises dans la promotion de l’excellence en matière de gestion du capital humain : Intérim, CDD/CDI, Solutions & Ingénierie RH, Développement du capital humain… Pour nos salariés intérimaires , nous proposons une expérience unique, notamment avec la déclaration de 100% des heures travaillées, la mise en place d’une mutuelle pour tous et un accompagnement personnalisé pour les démarches administratives (bancarisation, CNSS…). Pour nos candidats , nous offrons, conformément aux standards mondiaux de Manpower Group, un processus de sélection, d’évaluation et d’accompagnement à la réussite dans leur nouvelle mission. | Poste : Responsable HSE – Industrie Pharmaceutique Mission : Déployer la politique HSE sur le site, assurer la conformité réglementaire et piloter la prévention des risques liés aux activités industrielles. Responsabilités principales : Mettre en place et piloter le système de management HSE Identifier, analyser et maîtriser les risques (sécurité, environnement, procédés) Définir et suivre les plans d’action, indicateurs et audits internes Assurer la gestion des situations d’urgence et de crise Former et sensibiliser les équipes et prestataires Piloter les programmes HSE (machines, produits, ergonomie, environnement, sécurité routière) Assurer la veille réglementaire et la conformité du site Coordonner les acteurs internes et externes (qualité, RH, prestataires, autorités) Développer la culture HSE au sein du site | Profil recherché : Profil : Bac+5 en HSE, QHSE, ingénierie ou équivalent, avec expérience en industrie pharmaceutique ou similaire. Maîtrise des normes HSE et BPF/GMP. Objectif : Garantir un environnement de travail sûr, conforme et performant.",Recherche de nouveauté | Besoin d'objectivité | Distance émotionnelle | Rationalisme | Besoin de réflexion,https://www.rekrute.com/offre-emploi-responsable-hse-recrutement-manpower-agences-casablanca-settat-maroc-182003.html,N/A,2026-04-22T23:45:49.945098
rekrute,Administrateur Paie Confirmé (H/F) | Rabat (Maroc),Créée en 2003,Rabat et région - Maroc,CDI,RH / Personnel / Formation                                                                 - Secteur Autres services,Junior (1 à 3 ans),Bac +3 Minimum - Licence,"Rattaché au Responsable rémunérations et avantages sociaux, votre principale mission sera de gérer et traiter les éléments de rémunération, les déclarations sociales et les questions liées à la paie.","Entreprise : Créée en 2003, sous la tutelle du Ministère de l’Agriculture et de la Pêche Maritime,  la Société Royale d’Encouragement du Cheval (SOREC) a pour principales missions l’encadrement de l’élevage, le développement des courses hippiques et la gestion des jeux hippiques au Maroc. De par sa mission, la SOREC assure l’encadrement des sociétés hippiques, supporte les programmes d’élevage en tant que partenaire des associations des éleveurs et veille à l’amélioration des infrastructures hippiques nationales. Ajouté à cela, la SOREC est engagée dans une politique visant l’amélioration de la compétitivité de l’élevage marocain et la dynamisation du marché des chevaux. La SOREC couvre l’ensemble du pays avec 5 haras, 43 stations de monte et 11 centres de promotion de l’élevage équin en plus de nombreuses collaborations avec les principales associations équines du  royaume. | Culture de l'entreprise : Sorec se distingue par une culture fortement orientée vers la coopération , plaçant l’humain, la confiance et le bien-être des collaborateurs au cœur de son fonctionnement. L’entreprise favorise des relations de travail de qualité, un esprit d’équipe solide et un management de proximité jouant un rôle de mentor et d’accompagnateur. Cette culture collaborative est enrichie par une dimension d’innovation mesurée , encourageant l’initiative et l’ouverture aux nouvelles idées. Une organisation structurée vient soutenir l’efficacité opérationnelle, tandis que la performance concurrentielle reste volontairement secondaire. | Poste : Rattaché au Responsable rémunérations et avantages sociaux, votre principale mission sera de gérer et traiter les éléments de rémunération, les déclarations sociales et les questions liées à la paie. A ce titre, vos activités clés seront : Gestion des éléments de rémunération - Collecter et calculer les éléments de rémunération variables - Assurer la saisie, le contrôle et le traitement des données de paie via le système AGIRH - Effectuer le suivi des absences et du pointage (congés payés, maladie, etc.) - Maintenir à jour les remboursements et prélèvements sur les salaires - Gérer les notes de frais liées aux déplacements des collaborateurs en veillant au respect des procédures et en s'assurant de la consistance métier Déclarations sociales et paiement des charges - Établir les déclarations sociales mensuelles, trimestrielles et annuelles - S'assurer du paiement ponctuel des différentes charges sociales - Maintenir un contact régulier avec les organismes sociaux et les institutions de contrôle Gestion des questions liées à la paie - Répondre aux interrogations des salariés concernant la paie, les congés et les charges sociales - Procéder à la liquidation des dossiers des retraités Gestion des contrats et respect des délais - Assurer la gestion et le suivi des délais contractuels liés à la titularisation, à la période d'essai, à la fin des stages, etc (contrats SOREC, ANAPEC, stagiaires) Ecoute et veille RH par rapport au climat social - Assurer une écoute proactive par rapport à l'environnement de travail et des collaborateurs et remonter à la hiérarchie les informations contribuant à l'amélioration de l'environnement de travail Ecoute et veille RH par rapport au climat social - Assurer une écoute proactive par rapport à l'environnement de travail et des collaborateurs et remonter à la hiérarchie les informations contribuant à l'amélioration de l'environnement de travail Reporting et tableaux de bord - Mettre en place les indicateurs de suivi de l'activité administration RH et assurer leur remontée - Produire des reportings fiables à partir des données AGIRH et proposer des axes d’amélioration | Profil recherché : En tant que candidat potentiel : - Vous êtes de formation BAC+3/4 en RH, Gestion des entreprises ou équivalent avec une expérience de 2 à 5 ans idéalement dans La Gestion de la paie et administration du personnel, idéalement dans un environnement structuré (grande entreprise) avec une bonne maitrise du logiciel AGIRH est préferable ; - Vous disposez des connaissances dans le traitement des éléments de rémunération ; - Vous maitrisez les lois et régulations liées à la paie ; - Vous maitrisez le système AGIRH ; - Vous êtes capable à calculer les cotisations sociales et les déductions ; - Vous êtes à l’aise avec les outils bureautiques et les logiciels dédiés ; - Vous avez le sens de confidentialité et de l’organisation ; - Vous possédez de bonnes compétences en communication et en relations interpersonnelles ;",Recherche de nouveauté | Extraversion | Besoin d'objectivité | Besoin d'autonomie | Implication au travail,https://www.rekrute.com/offre-emploi-administrateur-paie-confirme-hf-recrutement-sorec-rabat-182002.html,N/A,2026-04-22T23:45:53.150855
rekrute,Agent Port (Logistique Parc Automobile) | Casablanca (Maroc),N/A (confidentiel),Casablanca et région - Maroc,CDI,Logistique / Transport (métiers de)                                                                 - Secteur Automobile / Motos / Cycles,Confirmé (5 à 10 ans),Bac +2 Minimum - BTS / DUT,N/A,"Entreprise : La Centrale Automobile Chérifienne (CAC) est l'importateur exclusif au Maroc des marques Volkswagen, Volkswagen Utilitaires, Audi, Skoda, Porsche, Bentley, Seat et Cupra , ayant chacune développée une réelle identité les rendant uniques sur leur segment de marché. Dotées d'un fort potentiel de développement au Maroc et à l'international, les marques s'appuient sur des services experts et des compétences mutualisés pour augmenter leur performance et accompagner leur croissance. La politique Ressources Humaines de la CAC se décline autour de 4 grands axes à l’égard de ses collaborateurs : Développer leur expertise par l’accompagnement, l’amélioration des compétences et la responsabilisation; Encourager l'évolution de carrière de ses collaborateurs partageant les mêmes passions et valeurs et qui ont su construire une véritable culture d’entreprise qui favorise la satisfaction client (interne/externe), l’esprit d’équipe et l’expertise; Fidéliser par la motivation et la reconnaissance; Valoriser leur performance en fixant des objectifs clairs, précis et réalisables. Venez participer au développement de marques leader et prestigieuses sur le territoire marocain, au sein d’une entreprise dynamique et innovante !! Découvrez l’interview complète de Maha Ghazani, Responsable RH chez la Centrale Automobile Chérifienne (CAC) ici : https://www.rekrute.com/emplois-decouvrez-les-valeurs-et-la-culture-dentreprise-de-centrale-automobile-cherifienne-conseils-carriere-6547.html | Culture de l'entreprise : CAC (Centrale Automobile Chérifienne) s’appuie sur une culture fortement orientée vers la coopération , plaçant l’humain, la confiance et la solidarité au cœur de son organisation. Le management de proximité favorise l’accompagnement, la responsabilisation et des relations de travail durables au sein d’équipes engagées. Cette dynamique est complétée par une dimension de compétition , orientée vers la performance, l’ambition et la satisfaction client. Elle repose également sur une culture d’ organisation structurée, garantissant rigueur, efficacité et fiabilité des processus, tandis que l’ innovation , plus mesurée, soutient l’adaptabilité et l’évolution continue. | Poste : Nous recherchons un Agent de Port disposant d’un profil technique automobile pour rejoindre notre équipe. Le candidat aura pour mission principale la gestion et la manipulation des véhicules au port, ainsi que la réalisation de contrôles techniques de base. Missions principales : • Réception, des véhicules dans l’enceinte portuaire • Contrôle visuel et technique de base des véhicules (état extérieur, niveaux, batterie, alertes tableau de bord…) • Identification, scan et enregistrement des châssis • Coordination avec les équipes logistiques et transporteurs • Respect strict des procédures de sécurité et des normes portuaires • Reporting quotidien des mouvements et anomalies | Profil recherché : Profil recherché : • Expérience dans un port, parc automobile, concession ou centre technique • Bonnes connaissances en mécanique ou maintenance automobile • Capacité à conduire différents types de véhicules (boîte manuelle, automatique, hybrides, électriques…) • Sens de l’organisation, rigueur et autonomie • Capacité à travailler en extérieur et en environnement portuaire • Permis B obligatoire Compétences recherchées : • Notions de diagnostic automobile • Maîtrise d’outils de scan ou d’inventaire • Compréhension des documents logistiques (BL, listes de chargement Bon de sortie) • Fiabilité et ponctualité",Respect des règles | Besoin d'action | Implication au travail | Organisation,https://www.rekrute.com/offre-emploi-agent-port-logistique-parc-automobile-recrutement-cac-centrale-automobile-cherifienne-casablanca-182001.html,N/A,2026-04-22T23:45:56.793641
rekrute,Ingénieur Frontend Senior (H/F) | Rabat (Maroc),N/A (confidentiel),Casablanca et région - Maroc,CDI,Informatique / Electronique                                                                 - Secteur Informatique,Intermédiaire (3 à 5 ans),Bac +4 Minimum - Ecole d'ingénieur,N/A,"Entreprise : Vous êtes en quête de nouveaux défis et souhaitez donner un nouvel élan à votre carrière ? Rejoignez Sofrecom , une entreprise où l’agilité, l’audace et l’esprit d’équipe sont au cœur de notre culture, et où chacun peut s’épanouir pleinement. Filiale du groupe Orange, Sofrecom est une société de conseil et d’ingénierie spécialisée dans les télécommunications. Nous accompagnons nos clients dans leur transformation numérique, en les aidant à anticiper les évolutions technologiques, adapter leurs activités, moderniser leurs organisations et développer des solutions durables et performantes. Avec plus de 3 000 consultant(e)s et expert(e)s issus de 34 nationalités et répartis sur 9 implantations dans le monde, Sofrecom s’appuie sur la richesse des parcours et des talents pour stimuler l’innovation et viser l’excellence. Notre culture d’entreprise valorise un environnement inclusif, diversifié et équitable, où chaque personne est encouragée à s’épanouir pleinement. Nous favorisons l’intégration des jeunes talents, soutenons l’évolution des collaboratrices et collaborateurs expérimentés, et promouvons l’égalité professionnelle pour toutes et tous. Nous nous engageons également à créer des conditions propices à la pleine participation des personnes en situation de handicap. Ainsi, chacun·e peut développer ses compétences, contribuer activement et progresser dans sa carrière, dans un cadre bienveillant, stimulant et respectueux de la diversité. Rejoindre Sofrecom , c’est participer à des projets passionnants, explorer des parcours variés et évoluer dans un environnement qui valorise vos idées, vos compétences et vos ambitions. Postulez dès maintenant et intégrez un lieu où chacun peut s’exprimer librement et trouver sa place. Toutes les données à caractère personnel partagées avec Sofrecom Services Maroc sont traitées conformément à la loi n° 09 08 relative à la protection des données à caractère personnel. Pour exercer vos droits d’accès, de rectification ou d’opposition, merci de contacter la DRH au 05 37 27 99 00. Ensemble, nous contribuons au développement du numérique dans le monde ! | Culture de l'entreprise : Sofrecom Maroc se caractérise par une culture fortement orientée vers la coopération , plaçant l’humain, la confiance et le bien-être des collaborateurs au cœur de son fonctionnement. Le management de proximité encourage l’accompagnement, la responsabilisation et des relations de travail durables au sein d’équipes solidaires. Cette dynamique collaborative est enrichie par une dimension innovation , favorisant l’initiative, l’agilité et l’ouverture aux nouvelles idées. Des processus structurés viennent compléter l’ensemble pour garantir fiabilité et efficacité, tandis que la performance reste présente de manière plus mesurée. | Poste : Dans le cadre de la digitalisation des services de Sofrecom, nous recherchons un Ingénieur DevOps Front-End pour rejoindre notre équipe et participer au développement de nouvelles fonctionnalités Cloud au sein d’un écosystème CI/CD. L’objectif est d’assurer une intégration et une livraison continues de solutions innovantes. Missions principales : 1. Développement et Intégration des Fonctionnalités Cloud : Contribuer activement au développement de fonctionnalités Cloud en utilisant React et TypeScript. Participer à la conception et à la mise en place d’architectures MicroFrontEnd. 2. Gestion de l’Environnement CI/CD : Collaborer avec les équipes DevOps pour maintenir et améliorer les pipelines d’intégration et de déploiement continu (CI/CD). Automatiser les processus de développement, de test et de déploiement dans un environnement Cloud. 3. Optimisation des Performances : Travailler sur la performance des applications front-end dans un environnement Cloud. Proposer des solutions pour améliorer l'efficacité et la réactivité des applications. 4. Collaboration avec les Équipes Techniques : Collaborer avec les équipes Back-End et DevOps pour assurer la bonne intégration des services front-end dans l’écosystème global. Participer aux revues de code et aux bonnes pratiques de développement. 5. Innovation et Veille Technologique : Rester à jour sur les évolutions technologiques liées à React, TypeScript, MicroFrontEnd, et les outils DevOps. Proposer des solutions innovantes pour répondre aux défis techniques rencontrés. | Profil recherché : De Formation Bac +5 (école d'ingénieurs ou équivalent universitaire), Vous possédez une expérience significative de 5 ans minimum dans un poste similaire. Une expérience dans une entreprise de taille similaire (SSII, société de services, ou entreprise dans le secteur du Cloud) est un atout. Compétences requises : Compétences techniques : Maîtrise des technologies React, TypeScript, MicroFrontEnd. Expérience avec des outils d'intégration continue et de déploiement (Jenkins, GitLab CI, etc.). Expérience avec des outils de gestion de conteneurs (Docker, Kubernetes). Connaissance des environnements Cloud (AWS, Azure, Google Cloud). Bonne maîtrise des pratiques DevOps : CI/CD, gestion de versions, gestion des environnements de développement, test et déploiement. Connaissance des outils de gestion de configuration (Terraform, Ansible, etc.) est un plus. Compétences transverses : Excellente communication et capacité à travailler en équipe. Esprit d’analyse, rigueur et sens du détail. Capacité à évoluer dans un environnement agile.",Recherche de nouveauté | Ambition | Besoin de réflexion | Besoin d'autonomie | Implication au travail,https://www.rekrute.com/offre-emploi-ingenieur-frontend-senior-hf-recrutement-sofrecom-maroc-rabat-182000.html,N/A,2026-04-22T23:45:59.384050
rekrute,Spécialiste SIRH (H/F) | Rabat (Maroc),N/A (confidentiel),Rabat et région - Maroc,CDI,RH / Personnel / Formation                                                                 - Secteur Indifférent,Junior (1 à 3 ans),Bac +4 Minimum - Master,N/A,"Entreprise : Rejoignez Cnexia et faites le choix de faire partie d’un projet qui valorise l’innovation, promeut le développement continu des compétences et donne l’opportunité aux personnes créatives et ambitieuses du domaine des hautes technologies et de la relation client de réaliser leurs objectifs professionnels. Fiers de notre statut de filiale Marocaine exclusive de l’opérateur télécom historique du Canada , nous n’avons cessé d’élargir nos équipes depuis 2021 avec près de 4000 employés principalement basés à Fès et Rabat . Nous venons d’étendre nos activités dans la partie sud du royaume en inaugurant un nouveau site à Casablanca afin d’y poursuivre notre croissance avec comme objectif de devenir la plus grande compagnie de services au Maroc qui dessert le marché Canadien. Outre notre cadence de croissance qui est une des plus fortes et des plus ambitieuses au Maroc, nous sommes conscients que cela n’aurait pu être possible sans l’engagement quotidien et le talent de nos collaborateurs. Pour cela, nous accordons une grande importance à l’équité, le bien être au travail et le développement de carrière de nos employés. Ainsi nous avons été certifiés Best place to work. Nous comptons actuellement une soixantaine de nos employés qui bénéficient de nos différents programmes de parcours qualifiants, 80% de notre staff managérial émane de l’interne et selon le dernier sondage interne de satisfaction, 86% de nos collaborateurs recommanderai cnexia à un ami. Si vous êtes prêts à relever ce défi, nous vous invitons à rejoindre une communauté qui valorise les idées audacieuses et vous donne de multiples opportunités d’accomplissement de carrière dans un environnement multi culturel de classe mondiale ou l’excellence du service rendu côtoie une créativité et un talent sans équivoque ! « Chez Cnexia, nous offrons des opportunités égales à tous, sans distinction de race, couleur, origine, religion, sexe, nationalité, âge, citoyenneté, statut matrimonial ou handicap. » | Culture de l'entreprise : Cnexia s’inscrit dans une culture fortement orientée vers la performance et la compétition , où l’ambition, le goût du challenge et l’orientation client constituent des moteurs clés de réussite. Cette dynamique est complétée par une dimension de coopération , favorisant la confiance, la solidarité et un management de proximité attentif à l’accompagnement des équipes. Elle intègre également une composante d’ innovation , encourageant l’initiative, l’adaptabilité et l’expérimentation. Enfin, une culture d’ organisation structurée soutient l’ensemble par la rigueur des processus, la fiabilité et l’efficacité opérationnelle. | Poste : Importer des données et collecter les informations nécessaires pour une configuration idéale du logiciel. Réaliser une analyse fonctionnelle des besoins du client (paie, recrutement, gestion de carrière, formation…). Rédiger les spécifications fonctionnelles. Piloter les projets jusqu’à la mise en production, en priorisant l’implémentation des différents modules. Assurer la communication avec les acteurs du projet (services RH et équipes informatiques), informer sur leur état d’avancement. Établir les reportings liés à son activité. Former les nouveaux utilisateurs à l’application. Créer un support client pour faire face à des problèmes d’utilisation. Assurer le support aux équipes durant les phases d’audit et de développement de l’outil. Assurer le suivi et les réponses aux remontées clients. Réaliser le paramétrage de l’application et des outils d’informatique décisionnelle permettant l’extraction des données pour les déclarations obligatoires et l’alimentation de la BDES (base de données économiques et sociales). Assurer la maintenance en conditions opérationnelles. Assurer la réalisation et la livraison des interfaces. Définir les éventuels patches de mises à jour automatiques suite aux évolutions réglementaires et/ou fiscales des éléments liés à la paie. Centraliser les incidents, assurer un suivi de leur traitement et effectuer les relances nécessaires. Apporter des solutions d’optimisation de l’outil (automatisation, fiabilisation…). Personnaliser le logiciel aux besoins des clients et/ou spécificités de l’entreprise. Mettre en place des interfaces entre les solutions avec relation des tables de correspondances. Réaliser les tests de conformité. | Profil recherché : Niveau Bac+5 minimum en ressources humaines / Méthodes Informatiques. Une expérience de 3 ans minimum dans la gestion d’un outil SIRH. Maîtrise des outils et des progiciels SIRH (ERP de type HR Access, PeopleNet, SAP, Workday, Talentsoft, etc.). Connaissance et compréhension des processus RH. Connaissance de l’environnement paie. Maîtrise des outils bureautiques. Maîtrise de l’organisation et de la conduite de réunions. Bonne connaissance de la méthodologie et des outils de tests fonctionnels. La maîtrise de la langue Française et Anglaise à l’écrit et à l’oral. Sens de l’écoute et de la communication, esprit d’analyse, esprit de synthèse et Capacités rédactionnelles.",Recherche de nouveauté | Extraversion | Besoin d'objectivité | Besoin d'autonomie | Implication au travail,https://www.rekrute.com/offre-emploi-specialiste-sirh-hf-recrutement-cnexia-rabat-181999.html,N/A,2026-04-22T23:46:02.709741
rekrute,Consultores catalanes/españoles - Back Office y llamadas salientes (H/F) | Casablanca (Maroc),N/A (confidentiel),Casablanca et région - Maroc,CDI,Commercial / Vente / Export - Centre d'appels (métiers de) - Secteur Offshoring / Nearshoring								- Offshoring / Nearshoring,Junior (1 à 3 ans),Bac +2 Minimum - Baccalauréat,N/A,"Entreprise : Créé en 2003, le groupe OUTSOURCIA est un opérateur spécialisé dans les métiers de l'outsourcing : gestion de la relation client à distance, multiservice, multilingue et multicanal (centres d'appels, gestion des e-mails, solutions de chats, télémarketing et relation client sur les réseaux sociaux), externalisation de métiers de Back Office (BPO), prestations digitales (développement d'applications spécifiques, web ou mobiles, communication digitale et Community Management) et études. À ce jour, OUTSOURCIA, emploie 3600 collaborateurs sur 12 sites de production au Maroc, en France, en Tunisie, à Madagascar et accompagne des clients de renom tels que : Aquarelle, Renault, Total, Orange, Histoire d'Or, Manutan, Marionnaud, Mister Auto, Seloger.com, Veepee, etc. Pour en savoir plus visitez www.outsourcia.com | Culture de l'entreprise : Outsourcia évolue dans une culture principalement orientée vers la performance et la compétition , où l’ambition, le goût du challenge et l’atteinte d’objectifs mesurables constituent des moteurs essentiels. L’entreprise valorise le dépassement de soi, la compétitivité et une forte orientation client, dans une logique de résultats et de positionnement sur le marché. Cette dynamique est complétée par une dimension humaine et collaborative , favorisant la cohésion des équipes, la responsabilisation et le management de proximité. L’innovation et des processus structurés viennent soutenir l’efficacité et l’adaptabilité de l’organisation. | Poste : ¿Te apasiona la relación con el cliente y dominas perfectamente el catalán y el español? ¿Buscas un entorno dinámico donde puedas desarrollar tus habilidades? ¡Esta oportunidad es para ti! Tu misión: - Gestionar solicitudes clientes en BackOffice - Realizar llamadas salientes (outbound) con profesionalismo y empatía - Garantizar una experiencia cliente de alta calidad - Tratar y resolver incidencias con eficacia | Profil recherché : - Dominio nativo o bilingüe de catalán y español (oral y escrito) - Experiencia previa en servicio al cliente y/o backoffice (muy valorada) - Excelentes habilidades de comunicación y orientación al cliente - Capacidad de organización, rigor y proactividad",Volonté de persuasion | Extraversion | Intuition / Spontanéité | Ambition | Recherche de nouveauté | Respect des règles | Distance émotionnelle | Implication au travail,https://www.rekrute.com/offre-emploi-consultores-catalanesespanoles---back-office-y-llamadas-salientes-hf-recrutement-outsourcia-casablanca-181998.html,N/A,2026-04-22T23:46:05.575916
rekrute,IT Helpdesk bilingue (français/anglais) - marché canadien | Casablanca (Maroc),N/A (confidentiel),Casablanca et région - Maroc,CDI,Centre d'appels (métiers de)                                                                 - Secteur Centre d'appels								- Offshoring / Nearshoring,Junior (1 à 3 ans),Bac Minimum - Baccalauréat,N/A,"Entreprise : Créé en 2003, le groupe OUTSOURCIA est un opérateur spécialisé dans les métiers de l'outsourcing : gestion de la relation client à distance, multiservice, multilingue et multicanal (centres d'appels, gestion des e-mails, solutions de chats, télémarketing et relation client sur les réseaux sociaux), externalisation de métiers de Back Office (BPO), prestations digitales (développement d'applications spécifiques, web ou mobiles, communication digitale et Community Management) et études. À ce jour, OUTSOURCIA, emploie 3600 collaborateurs sur 12 sites de production au Maroc, en France, en Tunisie, à Madagascar et accompagne des clients de renom tels que : Aquarelle, Renault, Total, Orange, Histoire d'Or, Manutan, Marionnaud, Mister Auto, Seloger.com, Veepee, etc. Pour en savoir plus visitez www.outsourcia.com | Culture de l'entreprise : Outsourcia évolue dans une culture principalement orientée vers la performance et la compétition , où l’ambition, le goût du challenge et l’atteinte d’objectifs mesurables constituent des moteurs essentiels. L’entreprise valorise le dépassement de soi, la compétitivité et une forte orientation client, dans une logique de résultats et de positionnement sur le marché. Cette dynamique est complétée par une dimension humaine et collaborative , favorisant la cohésion des équipes, la responsabilisation et le management de proximité. L’innovation et des processus structurés viennent soutenir l’efficacité et l’adaptabilité de l’organisation. | Poste : Au nom de l'un de nos clients, nous recherchons des agents de support technique, parlant couramment le français et l'anglais, avec une expérience significative. Sous la responsabilité du responsable de l'équipe, vos principales missions seront les suivantes : • Recevoir et gérer les demandes des utilisateurs • Surveiller et traiter les incidents techniques • Effectuer un diagnostic complet des incidents pour intervention • Saisir les incidents • Traiter les incidents récurrents • Assurer la qualité du service de support informatique | Profil recherché : - Disponibilité immédiate. - Maîtrise parfaite du français et l'anglais aussi bien à l'oral qu'à l'écrit. - Connaissance des systèmes d'exploitation (Windows, MacOS, etc.) - Capacité à diagnostiquer et à résoudre des problèmes matériels et logiciels. - Compréhension des systèmes de gestion des tickets et des bases de données de support. - Excellentes compétences en communication verbale pour assister les utilisateurs par téléphone ou par chat. - Capacité à rédiger des réponses claires et précises dans des e-mails ou des documents de support. - Capacité à analyser un problème, identifier les causes sous-jacentes et développer des solutions efficaces. - Utilisation systématique des méthodes de résolution de problèmes. - Gestion efficace des tickets de support pour assurer un suivi approprié. - Capacité à prioriser les demandes en fonction de l'urgence et de l'importance. - Capacité à gérer plusieurs demandes de support simultanément. - Maintien de la qualité du service tout en travaillant sur plusieurs tâches. - L'industrie technologique évoluant rapidement, un technicien de support doit être prêt à acquérir de nouvelles compétences et à se tenir à jour.",Respect des règles | Volonté de persuasion | Distance émotionnelle | Ténacité | Besoin d'action | Travail en équipe | Implication au travail | Organisation,https://www.rekrute.com/offre-emploi-it-helpdesk-bilingue-francaisanglais---marche-canadien-recrutement-outsourcia-casablanca-181997.html,N/A,2026-04-22T23:46:08.515329
rekrute,Téléconseillers germano-anglophones (Allemand/Anglais) | Casablanca (Maroc),N/A (confidentiel),Casablanca et région - Maroc,CDI,Centre d'appels (métiers de)                                                                 - Secteur Centre d'appels								- Offshoring / Nearshoring,Junior (1 à 3 ans),Bac Minimum - Baccalauréat,N/A,"Entreprise : Créé en 2003, le groupe OUTSOURCIA est un opérateur spécialisé dans les métiers de l'outsourcing : gestion de la relation client à distance, multiservice, multilingue et multicanal (centres d'appels, gestion des e-mails, solutions de chats, télémarketing et relation client sur les réseaux sociaux), externalisation de métiers de Back Office (BPO), prestations digitales (développement d'applications spécifiques, web ou mobiles, communication digitale et Community Management) et études. À ce jour, OUTSOURCIA, emploie 3600 collaborateurs sur 12 sites de production au Maroc, en France, en Tunisie, à Madagascar et accompagne des clients de renom tels que : Aquarelle, Renault, Total, Orange, Histoire d'Or, Manutan, Marionnaud, Mister Auto, Seloger.com, Veepee, etc. Pour en savoir plus visitez www.outsourcia.com | Culture de l'entreprise : Outsourcia évolue dans une culture principalement orientée vers la performance et la compétition , où l’ambition, le goût du challenge et l’atteinte d’objectifs mesurables constituent des moteurs essentiels. L’entreprise valorise le dépassement de soi, la compétitivité et une forte orientation client, dans une logique de résultats et de positionnement sur le marché. Cette dynamique est complétée par une dimension humaine et collaborative , favorisant la cohésion des équipes, la responsabilisation et le management de proximité. L’innovation et des processus structurés viennent soutenir l’efficacité et l’adaptabilité de l’organisation. | Poste : Sie sprechen fließend Deutsch und Englisch und haben Freude am Kundenkontakt? Dann sind Sie bei uns genau richtig! Ihre Aufgaben: Entgegennahme eingehender Kundenanrufe Analyse der Kundenanfragen und Bereitstellung passender Lösungen Sicherstellung einer hohen Servicequalität und Kundenzufriedenheit Professionelle und freundliche Bearbeitung aller Anliegen | Profil recherché : Sehr gute Deutsch- und Englischkenntnisse in Wort und Schrift Ausgeprägte Kommunikations- und Zuhörfähigkeiten Erste Erfahrung im Kundenservice von Vorteil Sicherer Umgang mit gängigen IT-Tools",Respect des règles | Volonté de persuasion | Distance émotionnelle | Ténacité | Besoin d'action | Travail en équipe | Implication au travail | Organisation,https://www.rekrute.com/offre-emploi-teleconseillers-germano-anglophones-allemandanglais-recrutement-outsourcia-casablanca-181996.html,N/A,2026-04-22T23:46:11.835668
rekrute,Business Analyst – Scrum Master Senior Trésorerie (H/ F) | Casablanca (Maroc),Pour l'un de nos projets,Casablanca et région - Maroc,CDI,Informatique / Electronique                                                                 - Secteur Assurance / Courtage								- Informatique,Intermédiaire (3 à 5 ans),Bac +5 et plus Minimum - Master,N/A,"Entreprise : Pour l'un de nos projets, nous recrutons un Business Analyst – Scrum Master Senior Trésorerie (H/ F). | Poste : Dans le cadre des activités RUN et de la gestion des flux financiers, nous recherchons un Business Analyst / Scrum Master afin d’assurer le bon fonctionnement opérationnel, l’amélioration continue des processus et l’animation agile des équipes. RUN & Flux financiers : RUN ENCLIC / flux imaypés Analyse et relance de fichiers (feeders systèmes, partenaires – ODDO) Analyse des incidents de paiement RUN ATP : trésorerie, virements, récupération de fichiers Gestion des flux d’encaissement Contribution Exit ESB et rôle Security Champion Business Analysis & Agile : Analyse des besoins métiers et rédaction des user stories Animation des cérémonies agiles (planning, daily, review, retrospective) Coordination entre équipes métiers, IT et partenaires Passages de connaissance et documentation Pilotage & Coordination : Gestion du plan de charge Suivi opérationnel RUN / projets Gestion de la matrice de compétences Reporting et synthèse pour les parties prenantes | Profil recherché : Formation supérieure Bac +5, avec une expérience en Business Analysis et Scrum Master. Bonne compréhension des flux de paiement et trésorerie Capacité de synthèse, pilotage et coordination Posture proactive, facilitateur et orientée résultats Bon niveau d’anglais professionnel",Besoin d'autonomie | Besoin de réflexion | Ambition | Implication au travail | Recherche de nouveauté,https://www.rekrute.com/offre-emploi-business-analyst-scrum-master-senior-tresorerie-h-f-recrutement-confidentiel-casablanca-181995.html,N/A,2026-04-22T23:46:13.739213
